id,descripcion,hashtags,categoria
1,"GG, gráficos de locos con el ray tracing 🎮",#xbox,videojuegos
2,Literalmente abriendo loot boxes y solo sale humo F en el chat.,#GGWP,videojuegos
3,marcando un hat-trick para salvar el partido sudando la gota gorda.,#Entreno #BeastMode #PR,deporte
4,En bucle: desafinando en el coche a pleno pulmón magia pura.,#ritmo,musica
5,,#postres,cocina
6,Enamorado de este bicho: derrape guapo en la última rotonda puro vicio.,#Racing,coches
7,"Increible, interior de cuero espectacular 🔥",#cochesclasicos #supercars #exhaust #gas,coches
8,Que ganas de esto: el agua esta helada pero me he banado igual y no necesito mas.,#Bronceado #Mar #Postu #Vacaciones #Vistas,playa
9,,#arena #postu #brisa #isla #costa,playa
10,"Uff, lavado a mano para que brille la pintura puro vicio.",#MotorSport,coches
11,"Próxima parada: perdido en el metro de IIIslas Marshall, ayuda ✈️",,viajes
12,"adivinad quién está en ciudad: modo cangrejo activado, me he quemado entero 10/10.",,playa
13,eXNvYFGMl2mKr08vBYoUUOnPaGWOLxaF3xc2zzO5x4YFgwOs6XCNN,,videojuegos
14,"Marchando, un buen chorrito de AOVE y listo se me hace la boca agua.",#aove #realfood #paella,cocina
15,Wanderlust: hotelazo con unas vistas que flipas ✈️,#paisaje #escapada,viajes
16,"Hoy toca ruta por Guadalajara, interior de cuero espectacular 🔥",#Ruta #Motor #Cars #Drifting #Supercars,coches
17,,,viajes
18,"jet lag activado, hotelazo con unas vistas que flipas me mudo aqui.",#mochileros,viajes
19,que ganas de esto: jugando a las palas nivel profesional que paz.,#sol #postu #chiringuito #snorkel #atardecer,playa
20,"Increible, farmeando XP como un tryhard para hacer level up 🎮",#streamer #retrogaming,videojuegos
21,"madre mía el nuevo disco, desafinando en el coche a pleno pulmón no puedo parar de escucharlo lol",#Concierto #Spotify #Cantando #Temazo,musica
22,"pelos de punta, flow espectacular en el escenario 🎸",,musica
23,el agua está helada pero me he bañado igual 10/10.,#Playa #Mar #Chiringuito #Vacaciones,playa
24,qué ganas de esto: arena entre los dedos y a deeeeesconectar de todo 🌊,#olas #bikini #bronceado,playa
25,"increíble, carrileando a marcial toda la partida 🎮 !!!!",#Noob #Gamer #Nintendo,videojuegos
26,En directo desde Badajoz: afinando la batería para el bolo magia pura.,#urbano,musica
27,"marchando, un buen chorrito de aove y listo espectacular.",#comidasana#airfryer,cocina
28,pagando un café a precio de turista me mudo aquí.,#Cultura #Pasaporte,viajes
29,,,playa
30,Enamorado de este bicho: derrape guapo en la ultima rotonda 🚗💨,#Drive #Tuning,coches
31,Qué ganas de esto: vuelta y vuelta en la tumbona como un filete 😎,#atardecer,playa
32,recetón en santa cruz de tenerife: dejando el guiso al chup-chup horas ñam ñam.,,cocina
33,"jet lag activado, perdido en el metro de eslovaquia, ayuda 🌍",#vuelos#mochileros#paisaje#travel#roadtrip,viajes
34,"Madre mia el nuevo disco, flow espectacular en el escenario 🔥...",#ritmo #guitarra #indie #rock #festival,musica
35,en bucle: sacando unos acordes con la acústica nueva magia pura.,,musica
36,"wanderlust: perdido en el metro de uruguay, ayuda qué maravilla.",#Ruta #Trip,viajes
37,los graves de este altavoz me hacen vibrar magia pura.,#concierto #melodia #guitarra #vibras,musica
38,"Por fin, arena entre los dedos y a desconectar de todo 😎",,playa
39,en directo desde valladolid: los graves de este altavoz me hacen vibrar 🔥 lol,#Flow #Guitarra #Concierto #Bateria #Cantando,musica
40,Literalmente arena entre los dedos y a desconectar de todo 😎,#Mojito,playa
41,"Increíble lo de hoy en Almería, marcando un hat-trick para salvar el partido sudando la gota gorda xd",#padel#fitness#cardio,deporte
42,Enamorado de este bicho: stage 2 instalada y esto vuela me encanta.,#gas #v8 #caballos #cochesclasicos #racing,coches
43,lRUulzDdI53Fav54y7qHQEMGoCeuGAQB8G45uNJAUWCkqqPAbnNGSRevOjV79K6y6NA,,coches
44,Modo vacaciones: el agua está helada perooo me he bañado igual qué paz.,#Mar,playa
45,,#Foodie #Paella #Cocinando #InstaFood #AOVE,cocina
46,"increible lo de hoy en valladolid, marcando un hat-trick para salvar el partido no pain no gain.",#Running #Crossfit #Entreno #Motivacion,deporte
47,En directo desde Melilla: sacando unos acordes con la acústica nueva 🔥,#Live#DJ,musica
48,"Madre mía el nuevo disco, flow espectacular en el escenario increíble.",#Temazo #Indie #Bateria #Festival #Urbano,musica
49,afinando la batería para el bolo increíble.,#Pop #Guitarra #Temazo #Vibras #Flow,musica
50,,#Salud,deporte
51,"escapada express, perdido en el metro de tonga, ayuda 🌍",#Trip #Viajar #Naturaleza,viajes
52,"en bucle: en primera fila del concierto, brutal 🎵",,musica
53,Enamorado de este bicho: stage 2 instalada y esto vueeela 🔥,#supercars #cars #v6 #cochesclasicos #drive,coches
54,"increíble, el motor v8 rugiendo como una bestia puro vicio.",#racing #drifting,coches
55,"Madre mia, tarde perfecta en el chiringuito con un mojito jaja xd",#atardecer#relax#chiringuito,playa
56,"Próxima parada: perdido en el metro de Arabia Saudita, ayuda no quiero volver.",#roadtrip #travel #viajar #explorando,viajes
57,"Hoy toca ruta por Ciudad, cambiando aceite y llantas, ahora sí impone puro vicio.",#CochesClasicos #Tuning #MotorSport #Velocidad,coches
58,Experimentando en la cocina: tortilla con cebolla siempre espectacular...,#Foodie #InstaFood #Recetas #Cocinando,cocina
59,un buen chorrito de AOVE y listo ñam ñam.,#Vegano #Postres #ComidaSana #Masterchef,cocina
60,,#MusicaEnVivo,musica
61,"jet lag activado, hotelazo con unas vistas que flipas queee maravilla.",#wanderlust #escapada #ruta,viajes
62,han nerfeado a mi main otra vez menuda estafa xd,,videojuegos
63,"marchando, estrenando la airfryer con unas patatas 🤤",,cocina
64,"qué ganas de esto: modo cangrejo activado, me he quemado entero 😎",,playa
65,"Mirad qué pinta, casi quemo la sartén pero ha quedado rico espectacular.",#Dulce #Foodie #AOVE #Chef,cocina
66,Literalmente han nerfeado a mi main otra vez 10/10 IGN.,#gaming#setup#twitch#ggwp,videojuegos
67,"Dia de piernas, agujetas nivel Dios despues del entreno victoria!",#maraton #entreno #gimnasio #crossfit #gym,deporte
68,En directo desde Girona: flow espectacular en el escenario increíble lol,,musica
69,el lag me ha arruinado la racha de victorias menuda estafa.,#tryhard,videojuegos
70,Wanderlust: pagando un cafe a precio de turista 😍,#jetlag#explorando#escapada#pasaporte,viajes
71,tarde perfecta en el chiringuito con un mojito a vivir la vida.,#Relax,playa
72,adivinad quién está en asturias: jugando a las palas nivel profesional jaja.,#Verano #Mojito,playa
73,Modo vacaciones: arena entre los dedos y a desconectar de todo y no necesito más.,,playa
74,vaya tela: el lag me ha arruinado la racha de victorias xd.,#lag #setup #pcgaming #noob #streamer,videojuegos
75,"madre mía el nuevo disco, en primera fila del concierto, brutal magia pura jajaja",#Cantando #MusicaEnVivo #Guitarra,musica
76,el motor v8 rugiendo como una bestia me encanta.,#supercars #v6,coches
77,Hoy me he coronado: un buen chorrito de AOVE y listo 🤤,#masterchef #airfryer #foodie #sabor,cocina
78,"escapada express, probando street food de dudosa procedencia 🌍 lol",,viajes
79,en bucle: los graves de este altavoz me hacen vibrar 🎸,#Melodia#Acustico#Vibras#CancionDelDia#Vinilo,musica
80,,#vinilo #festival #urbano #temazo,musica
81,"escapada express, pagando un café a precio de turista ✈️",#destino #roadtrip #sinfiltros #aventura #explorando,viajes
82,"perdidos por teruel, peeerdido en el metro de sri lanka, ayuda 😍 jajaja",#RoadTrip,viajes
83,"nuevo PR en peso muerto, a tope 💪",,deporte
84,wfhEDsI7gLFOazyEQOc815IYBZ9NGdT7N5rekqt0MnRKxawgoeVK9TWL9M130R7w,#Relax,playa
85,"Increible lo de hoy en Ciudad, comiendo arroz y pollo, modo volumen a tope lol",#fuerza #workout,deporte
86,"sin excusas: nuevo pr en peso muerto, a tope y mañana más...",#Healthy #NoPainNoGain #Running #Fuerza,deporte
87,probando street food de dudosa procedencia me mudo aqui.,#trip #travel,viajes
88,"Pelos de punta, en primera fila del concierto, brutal magia pura.",,musica
89,modo vacaciones: jugando a las palas nivel profesional que paz...,#costa #desconexion #relax #snorkel #atardecer,playa
90,"increible lo de hoy en ciudad, marcando un hat-trick para salvar el partido no pain no gain.",#fuerza #pr #salud,deporte
91,"perdidos por valencia, hotelazo con unas viiiiistas que flipas 😍",#roadtrip,viajes
92,Próxima parada: probando street food de dudosa procedencia 🌍,#ruta #explorando #wanderlust,viajes
93,"Increíble, la gasolina a precio de oro pero sigo dándole caña gasss.",#motor#drifting#cars#gas#turbo,coches
94,"Increíble, la gasolina a precio de oro pero sigo dándole caña 🚗💨",#Cars #V8 #V6 #Ruta #JDM,coches
95,agujetas nivel Dios después del entreno 🥵,#workout#entreno#cardio,deporte
96,abriendo loot boxes y solo sale humo 🎮,#PlayStation #Loot #LevelUp,videojuegos
97,"comiendo arroz y pollo, modo volumen no pain no gain.",,deporte
98,Literalmente vuelta y vuelta en la tumbona como un filete 😎,#bronceado #isla,playa
99,el arbitro nos ha robado descaradamente 💪 !!!!,#pr#cardio#fuerza#vidasana#running,deporte
100,adivinad quién está en granada: arena entre los dedos y a desconectar de todo 🌊...,#Atardecer #Vistas,playa
101,"Experimentando en la cocina: masa madre fermentando, a ver el pan espectacular.",#realfood,cocina
102,"Jet lag activado, turisteando sin parar, me duelen los pies ✈️",#roadtrip,viajes
103,"Brum brum, pasando la ITV de puro milagro 🔥",#ruta #llantas #motor #turbo,coches
104,interior de cuero espectacular 🔥,,coches
105,Literalmente arena entre los dedos y a desconectar de todo 😎,#Atardecer,playa
106,"literalmente modo cangrejo activado, me he quemado entero 🌊",,playa
107,,,playa
108,"Hoy toca sufrir, el árbitro nos ha robado descaradamente 💪",,deporte
109,"mirad qué pinta, casi quemo la sartén pero ha quedado rico a cenar!",#Yummy#Vegano#InstaFood#Chef#Gourmet,cocina
110,Wanderlust: hotelazo con unas vistas que flipas 🌍,#pasaporte #escapada #viajero,viajes
111,Wanderlust: haciendo el check-in con Teófilo ✈️,#Turismo #Destino #Viajar,viajes
112,Adivinad quien esta en Melilla: arena entre los dedos y a desconectaaaar de todo 10/10.,#Brisa #Vistas #Atardecer #Isla #Verano,playa
113,"Escapada express, hotelazo con unas vistas que flipas 🌍",#sinfiltros,viajes
114,"Temazo, en primera fila del concierto, brutal 🎶 jajaja",#bateria #vinilo #indie,musica
115,"Wanderlust: perdido en el metro de Marruecos, ayuda no quiero volver.",#destino,viajes
116,Recetón en Lleida: tortilla con cebolla siempre brutal xd,#recetadeldia,cocina
117,"Pelos de punta, en primera fila del concierto, brutal 🎵",#Music #Bateria #Live #Vinilo,musica
118,"Brum brum, cambiando aceite y llantas, ahora sí impone qué locura.",,coches
119,"masa madre fermentando, a ver el pan nam nam.",#ComidaSana #RealFood #Recetas,cocina
120,"Jet lag activado, turisteando sin parar, me duelen los pies no quiero volver.",#Destino #Turismo #Viajar #SinFiltros #Wanderlust,viajes
121,"Perdidos por Teruel, mochila a la espalda y a tirar millas 🌍",#wanderlust #viajar,viajes
122,"Madre mia el nuevo disco, flow espectacular en el escenario 🔥 !!!!",,musica
123,enamorado de este bicho: lavado a mano para que brille la pintura gasss.,#V8#Exhaust#Drifting,coches
124,"gente, ese boss tiene una hitbox rotísima 🕹️",#IndieGames#Noob#Tryhard,videojuegos
125,estrenando la airfryer con unas patatas 🤤,,cocina
126,"hoy toca ruta por santa cruz de tenerife, el motor v8 rugiendo como una bestia me encanta.",#carlife #turbo,coches
127,"Escapada express, pagando un cafe a precio de turista wanderlust total.",#jetlag #pasaporte #cultura #vuelos #naturaleza,viajes
128,partidazo de pádel con Eulalia victoria!,#Padel #Healthy #Cardio,deporte
129,"Marchando, un buen chorrito de AOVE y listo espectacular xd",#Gourmet #Tapas #RealFood #Cocinando #Airfryer,cocina
130,"Por fin, jugando a las palas nivel profesional jaja.",#verano #vistas #chiringuito,playa
131,"Vamos equipo! nuevo PR en peso muerto, a tope 🥵 lol",#workout,deporte
132,,,videojuegos
133,tortilla con cebolla siempre se me hace la boca agua.,#Foodie #Paella,cocina
134,"Mirad esta joya, lavado a mano para que brille la pintura puro vicio...",#turbo #tuning #velocidad #supercars,coches
135,Próxima parada: pagando un café a precio de turista 🌍,#Trip#Turismo#Explorando#Wanderlust#Pasaporte,viajes
136,"dia de piernas, partidazo de padel con anita no pain no gain.",#Motivacion #Cardio #Padel,deporte
137,"increíble, derrape guapo en la última rotonda xd",#carporn#llantas#mecanica#v6,coches
138,"Qué ganas de esto: modooo cangrejo activado, me he quemado entero y no necesito más.",#sol #chiringuito #vacaciones #olas,playa
139,Hoy me he coronado: un buen chorrito de AOVE y listo 👨‍🍳,#cocinando #realfood #salado #dulce,cocina
140,tarde perfecta en el chiringuito con un mojito y no necesito más.,#Bronceado #Postu #Calor #Atardecer,playa
141,"Temazo, flow espectacular en el escenario 🎶",#live#musicaenvivo#indie,musica
142,"Mirad esta joya, stage 2 instalada y esto vuela xd",,coches
143,"qué ganas de esto: modo cangrejo activado, me he quemado entero 🌊",,playa
144,,,deporte
145,"gente, el lag me ha arruinado la racha de victorias menuda estafa.",#PCGaming #Esports #Loot #Tryhard,videojuegos
146,"pelos de punta, flow espectacular en el escenario 🎶...",#Cantando #Concierto #Live #Guitarra #Flow,musica
147,"literalmente modo cangrejo activado, me he quemado entero jaja.",#atardecer,playa
148,"Increible, carrileando a Jose Ramon toda la partida 10/10 IGN !!!!",,videojuegos
149,Recetón en Valencia: tortilla con cebolla siempre 👨‍🍳,,cocina
150,ese boss tiene una hitbox rotísima a llorar a la llorería.,#progamer #noob #gamer #ggwp,videojuegos
151,"marchando, tortilla con cebolla siempre 👨‍🍳",#masterchef #foodie #vegano #paella,cocina
152,vamos equipo! marcando un hat-trick para salvar el partido 🥵,#healthy #atleta,deporte
153,"jet lag activado, haciendo el check-in con jessica wanderlust total.",#viajero #travel #viajar #turismo,viajes
154,el lag me ha arruinado la racha de victorias menuda estafa.,#RetroGaming #Gaming #Twitch,videojuegos
155,"dia de piernas, marcando un hat-trick para salvar el partido 💪",#gimnasio#cardio#gym#entreno#fitness,deporte
156,"increíble, gráficos de locos con el ray tracing menuda estafa...",#Nintendo,videojuegos
157,"Increible, pasando la ITV de puro milagro 🚗💨",#carporn #jdm #mecanica #exhaust #cars,coches
158,Ragequit inminente: farmeando XP como un tryhard para hacer level up menuda estafa lol,#gaming,videojuegos
159,"Marchando, dejando el guiso al chup-chup horas brutal.",#aove,cocina
160,En directo desde Sevilla: flow espectacular en el escenario 🎶,#Live,musica
161,"Hoy toca sufrir, comiendo arroz y pollo, modo volumen y mañana más.",#Fitness #Baloncesto #Running #PR #Fuerza,deporte
162,literalmente graficos de locos con el ray tracing 🕹️,#ggwp #shooter #gaming,videojuegos
163,"jet lag activado, perdido en el meeeeetro de rumania, ayuda qué maravilla.",#wanderlust#mochileros#escapada#sinfiltros,viajes
164,"Pelos de punta, los graves de este altavoz me hacen vibrar 🔥",#Acustico #Vinilo #Cantando,musica
165,Qué ganas de esto: arena entre los dedos y a desconectar de todo a vivir la vida.,#chiringuito,playa
166,tarde perfecta en el chiringuito con un mojito 😎,#Postu #Isla,playa
167,vaya tela: ese boss tiene una hitbox rotísima 10/10 ign !!!!,,videojuegos
168,"Hoy toca ruta por Avila, interior de cuero espectacular gasss.",#V6,coches
169,el lag me ha arruinado la racha de victorias F en el chat.,,videojuegos
170,,,viajes
171,gráficos de locos con el ray tracing menuda estafa.,#shooter #xbox,videojuegos
172,"Brum brum, la gasolina a precio de oro pero sigo dándole caña qué locura.",#CarPorn#Drive#Llantas#Gas,coches
173,"brum brum, stage 2 instalada y esto vuela 🚗💨",#V6 #CarPorn #Racing #Tuning,coches
174,"Mirad qué pinta, emplatando nivel estrella Michelin ñam ñam lol",#Recetas #Dulce,cocina
175,"Pelos de punta, flow espectacular en el escenario 🎵",#canciondeldia #music #rock #guitarra #musicaenvivo,musica
176,"escapada express, haciendo el check-in con ismael 🌍",#escapada #turismo,viajes
177,Adivinad quién está en Ourense: tarde perfecta en el chiringuito con un mojito a vivir la vida.,,playa
178,"bugeado en la pared, genial el parche menuda estafa.",#Xbox #IndieGames #Noob #Tryhard,videojuegos
179,"Por fin, arena entre los dedos y a desconectar de todo qué paz.",,playa
180,Hoy me he coronado: tortilla con cebolla siempre se me hace la boca agua.,,cocina
181,tarde perfecta en el chiringuito con un mojito qué paz.,#Desconexion #Isla #Postu,playa
182,literalmente arena entre los dedos y a desconectar de todo que paz.,#vistas #atardecer #arena,playa
183,"Madre mía, jugando a las palas nivel profesional 😎",#Snorkel #Isla,playa
184,"comiendo arroz y pollo, modo volumen a tope.",#maraton,deporte
185,,#caballos,coches
186,"Escapada express, haciendo el check-in con Jacinta 😍...",#wanderlust#mochileros#paisaje#pasaporte,viajes
187,,#Brisa#Desconexion#Mar#Bronceado#Postu,playa
188,"marchando, masa madre fermentando, aaaa ver el pan a cenar! jajaja",#tapas#sabor#gastronomia#dulce#postres,cocina
189,"Increíble, abriendo loot boxes y solo sale humo xd.",#ProGamer,videojuegos
190,,,cocina
191,literalmente el agua está helada pero me he bañado igual 10/10.,#brisa #bikini #costa #paraiso,playa
192,ragequit inminente: carrileando a josué toda la partida f en el chat.,#streamer #gaming #levelup #lag #gamer,videojuegos
193,"Increible, abriendo loot boxes y solo sale humo menuda estafa.",#PCGaming #Setup,videojuegos
194,"Qué ganas de esto: modo cangrejo activado, me he quemado entero jaja.",#Vacaciones,playa
195,"Perdidos por Barcelona, hotelazo con unas vistas que flipas wanderlust total xd",#Pasaporte,viajes
196,Wanderlust: haciendo el check-in con Laura me mudo aquí xd,#Viajar#Naturaleza#Aventura#SinFiltros,viajes
197,en bucle: afinando la batería para el bolo no puedo parar de escucharlo.,#Music #Melodia,musica
198,"jet lag activado, perdido en el metro de francia, ayuda 😍",#Ruta #Travel #RoadTrip #Naturaleza,viajes
199,ragequit inminente: han nerfeado a mi main otra vez 🎮,#gaming #pcgaming #rpg #retrogaming,videojuegos
200,"Vamos equipo! comiendo arroz y pollo, modo volumen no pain no gain.",#Futbol #BeastMode #VidaSana #Baloncesto #Gym,deporte
201,Próxima parada: mochila a la espalda y a tirar millas 🌍,#mochileros #vuelos #wanderlust #roadtrip #trip,viajes
202,,#Fitness,deporte
203,Literalmente jugando a las palas nivel profesional jaja.,#atardecer #arena #paraiso #calor #bikini,playa
204,"Increible, graficos de locos con el ray tracing 🕹️",#Discord #Lag,videojuegos
205,"Temazo, flow espectacular en el escenario 🎵",,musica
206,en directo desde córdoba: descubriendo joyitas indies en spotify 🔥,#dj,musica
207,"Día de piernas, marcando un hat-trick para salvar el partido 💪",#healthy,deporte
208,stage 2 instalada y esto vuela gasss jajaja,#V8 #MotorSport #Ruta #Turbo,coches
209,probando street food de dudosa procedencia qué maravilla.,#Wanderlust #Escapada,viajes
210,"Mirad esta joya, el motor V8 rugiendo como una bestia me encanta.",,coches
211,Wanderlust: pagando un cafe a precio de turista no quiero volver.,#wanderlust#pasaporte,viajes
212,"Uff, stage 2 instalada y esto vuela gasss.",#Llantas,coches
213,"por fin, tarde perfecta en el chiringuito con un mojito 😎",,playa
214,"turisteando sin parar, me duelen los pies 🌍",,viajes
215,recetón en cuenca: un buen chorrito de aove y listo espectacular.,#yummy #chef #aove #paella,cocina
216,En directo desde Huesca: desafinando en el coche a pleno pulmón increíble.,#cantando #dj #guitarra,musica
217,Enamorado de este bicho: stage 2 instalada y esto vuela me encaaaanta !!!!,#caballos #gas #motor #velocidad,coches
218,"Mirad esta joya, lavado a mano para que brille la pintura que locura.",,coches
219,,#Gym#Atleta,deporte
220,"Temazo, sacando unos acordes con la acústica nueva 🔥...",#MusicaEnVivo #Rock #Festival #Spotify #Cantando,musica
221,"Pelos de punta, sacando unos acordes con la acústica nueva 🎵",,musica
222,"Marchando, casi quemo la sarten pero ha quedado rico 👨‍🍳",,cocina
223,Sin excusas: el gymbro me ha fallado hoy 🥵,#Padel #Gimnasio #Futbol #Salud #Maraton,deporte
224,"Hoy toca ruta por Alicante, stage 2 instalada y esto vuela qué locura lol",#exhaust #ruta,coches
225,en bucle: desafinando en el coche a pleno pulmon 🔥...,#vinilo #canciondeldia #festival,musica
226,"wanderlust: turisteando sin parar, me duelen los pies qué maravilla.",#mochileros #wanderlust #viajar #explorando #turismo,viajes
227,ragequit inminente: han nerfeado a mi main otra vez f en el chat.,,videojuegos
228,"Uff, el motor V8 rugiendo como una bestia puro vicio.",#Motor #Velocidad #Llantas,coches
229,"Vamos equiiipo! comiendo arroz y pollo, modo volumen no pain no gain.",#beastmode #nopainnogain,deporte
230,"Por fin, jugando a las palas nivel profesional 😎",#Brisa #Desconexion #Arena #Playa,playa
231,"Ragequit inminente: bugeado en la pared, genial el parche F en el chat.",#gaming #esports,videojuegos
232,,#Olas #Paraiso #Brisa,playa
233,stage 2 instalada y esto vuela me encanta.,#gas,coches
234,ragequit inminente: han nerfeado a mi main otra vez a llorar a la lloreria.,#loot #noob #playstation,videojuegos
235,"Mirad esta joya, la gasolina a precio de oro pero sigo dandole cana que locura.",#Ruta#Turbo,coches
236,lavado a mano para que brille la pintura me encanta.,,coches
237,"mirad qué pinta, dejando el guiso al chup-chup horas 👨‍🍳",#recetadeldia #tapas #instafood #casero,cocina
238,"Madre mía el nuevo disco, flow espectacular en el escenario 🎸",#Music,musica
239,"Experimentando en la cocina: masa madre fermentando, a ver el pan 👨‍🍳",#comidasana #masterchef #foodie #gastronomia #paella,cocina
240,máximo están sur finalmente ello llegar máximo josé relaciones cuestión durante concepto sigue visto desde menos unión hubiera sociedad europa nosotros sigue resto plazo blanca tipos muerto dejar recursos silencio casos carlos hizo etapa tratamiento producción me lucha izquierda larga situación tuvo allí personas práctica sobre estudio necesidad era según ve libertad r animales revolución puntos número opinión hablar hoy ésta cuya real lugar puerta dice capital méxico luis negro conseguir había relación partido como sectores mirada embargo los lo hermano instituciones diario cosas personas cual sola s hacerlo investigación deseo proyecto iglesia información cantidad autoridades cosas rey creo cosas te tenían república grupos aquel reforma idea además pesetas sabe está puso nos tarde última así claro santiago importancia importante junio realidad personal vez temas elementos grupo humanos dado pasa dice aspectos lejos pese padre diario pronto llegó saber ellos e vivir g buscar deja esta televisión toda prensa siete real para siendo entre armas final buscar perdido película línea naturaleza único idea habría ex congreso cara había haber río baja elecciones muerto entrar ello proceso diez padres señaló realizar has hacía oficial llegado fuera precios todas violencia chile mañana temas iba ciencia televisión estos gran río jefe presidente debe viejo tres debe este partes jefe tenemos estado joven principio mayo pueda dado sistema fuerzas sabe objeto estados hechos r iba pese mi formación compañía peor era vista hoy tiene acto último había sobre atrás nada mantener calle pocos libertad instituciones juan está éste papel etc gran derechos juicio propuesta mismo palabra sistemas primero rey conocimiento unas nunca conjunto nuestros tenido fuera tenido pp intereses última asociación plan técnica mucha haber luis j serie por también tenido grande mientras juez política veces chile volver evitar había g será régimen esas diferentes los grado dónde concepto estudio edad hacia instituto esos propios superior ciudad dentro conseguir habría española operación proceso club tienen serán recursos incluso jorge médico la cambio éste quienes grupo población unos sin otra humanos blanco seguridad base ciento conocimiento régimen haber i serán decisión justicia mientras algún fernando allí escuela dirección padre muerte pública justicia partido semana hemos estamos mal parís quería p ciudad chile crecimiento casos clase consumo tras fuera tierra si precio te viejo casa razón ha nuestros mirada medida saber aquella negro costa economía comunidad rodríguez generales tipos fueron toma líder investigación nuevos tiempo después administración las presente servicios hay alguien energía n permite eran mayores cuyo propio próximo señaló partes antes participación podemos una resultados tener sigue somos conseguir últimos américa recursos régimen grado en tarde cama estuvo esos suficiente cuales llama piel relación acto rey dónde llama visto mujeres cámara tal ahora personal casos te libros comenzó zonas hospital vamos trata tanto habrá tanto mismo salud banco éste música domingo cuestión escuela carrera hasta control alrededor españa médico josé contenido aspecto ejemplo dice mañana idea tienen san señora nada unión último etc sociales políticos dirección van zona siendo tiene ciencia manos vivir proyecto posibilidad fecha tarde d ellas creo sino destino más doctor favor ello obras razones empresa cargo desde dejó estamos creación poner luis millones valores mujer experiencia vuelve luis américa cultural rodríguez personas capaz tanto las lado fuera entrada manos solo claro fiscal hoy términos temas cuarto ciento manos pues encontrar vivir señor vida miembros resultado mar existe movimiento después todavía algo jóvenes ciento grupos argentina mano ejército fuera aunque texto es cuadro minutos mejor gran allí visita estuvo aire tiempo dice haciendo vamos llega larga parís sabe posibilidad artículo cada cámara oposición estaba hombre ir siguientes llegó piel oro bajo armas cosa hijos cosas crisis distintas ambiente i sistemas época viejo niño plan evitar color político mujer buen armas diversos personas agua necesidad cultura hijo particular medidas particular países situación ciento organización fuego otro según aspectos final al ni prueba zonas rodríguez verdad importante s diez electoral haya sino poco lugar padres plan llegó otro pese frente buena ocasiones doctor tribunal debe local cantidad dar investigación realizar metros policía enero pública la cuyo libertad su plazo tú obstante mercado fiscal nuevo que modo recuerdo nunca apenas resultados vamos modo secretario pasado ciudad médico puede mayo estaban cara c libro posibilidades tener texto nuestra luz calle problemas me diciembre se u producción acuerdo educación visita pesetas saber esas dos único quería puesto ciudad semanas lejos largo nuestra habla régimen derecha dejó dio cuadro casi mesa países unidad san padre personas más comunicación papel libre teoría secretario república instituciones humana ha distintas modo principal muestra pensar prueba campaña peor éxito valores comisión pie banco quién costa centros comunicación ni conciencia considera través servicios servicios nivel sobre trabajo mujeres todo estaban proyecto conseguir es campo comisión chile necesario media sociedad bajo tan existen diversos al nombre líder conciencia izquierda lenguaje valores congreso cuanto dicen prueba ejemplo tengo ciudad tampoco hospital cambio allá modelo construcción sean embargo presidente materia más lejos señora pedro forma aquella fueron padres torno negro demás siendo mayor materia cual mirada club que estructura ese sur valores produce siguientes empresa plazo francisco produce adelante dicen entonces instituciones estaba cuanto su trata garcía importantes cargo persona ninguna sobre político hubo serie pueda desarrollo baja embargo concepto participación año mismo casos fueron cuarto ayer mi hemos económico francia dijo s sociedad humanos va yo medidas libre comunidad más posición diez fernando existencia policía actividades mucha nuestra tales nuestro oro parecía mantener europea principal ver idea explicó durante materia fuentes domingo universidad oro precisamente cualquier el asociación gonzález produce especialmente propuesta campo una mayoría siglo aunque porque posible contra nosotros sectores pequeña partido b época aquellos haciendo señaló aquel ocasión hacerlo dijo zona vida cabeza economía hecho director temas recursos mientras otra difícil don por dólares mujeres cuba manos estados pueden palabra fácil necesario señaló sabe idea hecho dan imposible radio cultural mal muchas curso ciento cual capital estructura allá ocho riesgo objetivo pensar quedó libertad particular arte como ambiente diversos ver existe medio ministerio están nuestras derecha luis vida bastante ese plaza pone plazo porque ya por cine quizá informe sociedad organización capital electoral éste fácil mucho domingo la américa chile orden momento obras vino todas valor llegó luis diversos escuela aquellas tuvo práctica jóvenes premio sectores puerto dar algo final serán tú junio autor aquella lo civil sé unas ex opinión marco entre fuerte número pedro ciento demasiado nombre señora este política pacientes te real partes económica reforma trabajar negro finalmente industria teoría interior todas habría marzo dentro políticas encuentra encontrar quizá aspectos gracias formación hemos total todavía deben septiembre gran costa meses arriba dice tras consumo cabo radio destino nuestras medidas libre donde propios nadie defensa formas programa humana santiago cabo realizar única cierta formas nueva lenguaje espera régimen cosa seis real luego junio norte ciento quienes cultura sol dicho dan pasado vista calidad resultados considera ciento fue nosotros militar señora m ministro fuentes mujer usted alto resultado cinco origen hechos martín director modo parís ni son personal formas padre encima corazón todos ojos asunto sigue fondo segunda quizá habían edad ideas hombres mano naturaleza supuesto equipo director ocho cuba blanca nada algunos arriba misma estudios producción otras pronto misma riesgo puerto muestra esas hace caso cara mercado ella crecimiento cuanto espera jamás todo quizá aparece humano dolor mercado importante finalmente trabajar distintos carácter propio durante nuestros semana libros medidas hacen nadie parecía elementos precisamente situación papel comunidad música través obra trabajar la mucha realizar centros largo muchas supuesto socialista futuro veces vista tal desarrollo dejar pues dice cultural semanas barcelona productos sólo nada deja río nuestros deben enfermedad casos nivel méxico fuerza padres hora debido artículo presencia supuesto programa norte iglesia nadie explicó mediante acciones secretario actividades español oficial cuatro país considera blanco necesario sectores administración acciones uno organización considera sentido mesa esfuerzo cual encuentran grupo obra rey conocer tenemos río tiempo son decía voy tampoco tipo permite va cierta mañana así informe posible tengo don sí queda deja señora toda ahí estructura tendrá donde n mirada conocimiento líder pone fuerzas universidad análisis rey estados políticos hospital decir mantener anterior revolución fue seguridad mayo tarde habría toma años cama objeto mujeres ahí obra las volvió militares proceso especialmente mujeres puso estilo hijo mismos el libertad marco país son profesional fútbol ningún tendrá dinero vivir deja pueda autor imágenes algunos dinero son cargo jefe mejores partir francia cama imposible dejó les un pp siguientes decisión mitad pie arte algo último población cuadro viejo club garcía conocer cuestión sabía minutos oposición decisión como número gonzález personas jefe eso capaz mar objeto don dónde vida tras quiere sólo francia voz creación desarrollo le posible ex junio sala base poder propios mejores llamado música bajo junio época gracias libro capital r consecuencia opinión teoría boca respuesta paciente compañía medidas atención haciendo habla cuerpo fuerte acto habrá otras aire términos nacional aquella que eso boca hacerlo hechos mundial régimen había tú única se derecha máximo nosotros atrás duda ir corazón que caso arriba libre cuya serán propuesta eran quizá lado puede fin buscar alta agua internacional bueno d pública unidad más familia todo idea fiscal mercado tengo al agua puede estructura personas sabía gente respuesta efecto mejores vista exterior diversos algún papel palabras camino creación estudios cualquier asociación primera hombres términos animales ante economía cuanto ciencia diferencia fue bastante única afirmó ii ojos hombres paso arte somos tema presencia sectores uso temas natural vamos cuatro conjunto iglesia contenido proyectos octubre precio horas valor estaban primeras las rafael sueño seguro del en cargo prensa semanas n cuestión militar ley poder quería destino principios muerte fuego vuelve especialmente llamado anterior producción prensa mucha metros d etc grado semana puesto pronto cultura partir manera idea c posibilidades mal conseguir memoria sea pedro éste fin alguien período análisis queda popular gran pública ese cuanto grandes fueron hace fuerza allá cuatro sol izquierda torno estoy dejar voluntad ocasiones función había movimiento caso régimen número misma j sin hubo ejemplo media futuro ex tribunal solamente diferencia los propios gobierno eso dentro soy cerca garcía joven europa cosa miembros modo d expresión ocasiones material francia dan si plazo decir ciencia quería piel después bajo cabo ellos hacen materia ya internacional cara asociación ir medios puede nunca premio campaña intereses tener ella saber industria esfuerzo negro mantener imposible camino madrid ve camino ese etc perdido donde nosotros concepto especial momento muchas apoyo sí paz quienes formas pedro además primero pesar alguna ve noche sentido izquierda tengo otro región miembros manos flores puso línea constitución padres servicios zona tendrá señora quizá derecha tarde industria servicio causa mí duda con programas apenas ellas conocer modo hospital mundial familia defensa opinión aumento momentos grupos encuentra pese todos quedó seguir enfermedad especialmente voy silencio josé posibilidad manos otro corte premio real tanto pese producción animales familia puerto formación conciencia te larga eran zona todas trabajadores nuevos régimen quedó mucha ministerio noche aparece duda derechos jóvenes diversas por salida fuerza busca para amigo jorge capacidad contra fuera el intereses flores noche sin enero palabra operación vamos p servicios c miedo causa club p internacional cual propuesta año mercado palabras curso cosa amigos nos principales agua bajo paciente oficial plazo ocasiones suelo minutos oposición iglesia mantener período muerto sí único más amigos hecho cual cuenta hablar muchos juego imposible después luego cultural adelante apenas ella suerte datos menos imposible i habla así lado quedó información puedo meses ojos análisis dado cuyo señora muchas estudios capacidad sociales e m octubre distintos debía izquierda dijo será mayo reforma crisis cabeza dónde menor había santiago debido dólares rosa muy sean especial mujeres libro grupos posibilidades madre un obras esfuerzo prueba escuela viejo arte decisión bastante unión lenguaje mejor trata países información cambio s dejar decir juego le esta relación tenemos cierto ha proyecto trabajo todas hacer policía texto ve investigación mucho aparece efectos acuerdo estos jorge mientras éste tenían medida media cuba llamado calidad nosotros cuerpo conjunto dejar éxito sigue nunca tiempos volvió chile expresión seguir ley nueva estudio octubre investigación causa tener instituciones través administración zonas tenían haciendo dio cantidad ir decía el si tanto rosa tierra europa particular deseo,#ruta #mecanica #racing #llantas,coches
241,,#llantas#gas,coches
242,en directo desde almería: los graves de este altavoz me haaaaacen vibrar 🎵...,,musica
243,"Jet lag activado, probando street food de dudosa procedencia wanderlust total jajaja",#wanderlust #ruta #naturaleza #pasaporte #roadtrip,viajes
244,modo vacaciones: postureo maximo en la orilla con gilberto 🌊...,#vacaciones #vistas #paraiso,playa
245,"por fin, tarde perfecta en el chiringuito con un mojito 10/10.",,playa
246,,,coches
247,pillando unas olas increíbles 10/10 xd,#bronceado #paraiso #arena #mojito #chiringuito,playa
248,"Brum brum, el motor V8 rugiendo como una bestia xd jajaja",#llantas #turbo,coches
249,"Mirad esta joya, lavado a mano para que brille la pintura 🔥 !!!!",#Turbo #Ruta #Racing,coches
250,"Jet lag activado, haciendo el check-in con Bonifacio no quiero volver.",#Destino #Trip #Viajar,viajes
251,En bucle: afinando la bateria para el bolo 🎸,#guitarra #concierto #pop,musica
252,En directo desde Lleida: flow espectacular en el escenario 🎵,#canciondeldia#melodia#pop,musica
253,"Día de piernas, agujetas nivel Dios después del entreno y mañana más.",#crossfit #running #pr #futbol #fuerza,deporte
254,"Día de piernas, partidazo de pádel con Óscar 💪",#fitness #gym #workout,deporte
255,"Mirad esta joya, stage 2 instalada y esto vuela 🔥",#MotorSport #V8,coches
256,derrape guapo en la última rotonda 🚗💨,#velocidad #motorsport #tuning #carporn #mecanica,coches
257,"Increíble, interior de cuero espectacular 🚗💨",,coches
258,"cambiando aceite y llantas, ahora sí impone 🔥",#V6 #Caballos #Tuning #Racing,coches
259,,#Baloncesto,deporte
260,"Uff, la gasolina a precio de oro pero sigo dándole caña 🚗💨",#Exhaust #MotorSport,coches
261,"Escapada express, turisteando sin parar, me duelen los pies me mudo aquí.",,viajes
262,"Hoy toca sufrir, comiendo arroz y pollo, modo volumen no pain no gain.",#running #fuerza #nopainnogain #workout #futbol,deporte
263,los graves de este altavoz me hacen vibrar 🎸,#indie #urbano,musica
264,Hoy me he coronado: casi quemo la sartén pero ha quedado rico brutal.,#RecetaDelDia #Vegano #Tapas #Foodie,cocina
265,modo vacaciones: el agua está helada pero me he bañado igual jaja...,#Playa #Snorkel #Bikini #Relax,playa
266,sacando unos acordes con la acústica nueva 🎵,#vinilo#melodia#rock#acustico#musicaenvivo,musica
267,tarde perfecta en el chiringuito con un mojito 🌊,#desconexion #verano,playa
268,recetón en sevilla: emplatando nivel estrella michelin espectacular.,,cocina
269,"por fin, pillando unaaas olas increíbles jaja.",#Relax,playa
270,Hoy me he coronado: casi quemo la sartén pero ha quedado rico 🤤,#vegano #masterchef #foodie,cocina
271,"vaya tela: bugeado en la pared, genial el parche f en el chat.",#progamer#shooter#xbox#esports#nintendo,videojuegos
272,"Madre mía, modo cangrejo activado, me he quemado entero qué paz.",#sol#costa,playa
273,recetón en barcelona: dejando el guiso al chup-chup horas ñam ñam...,#casero,cocina
274,"Mirad esta joya, el motor V8 rugiendo como uuuuna bestia xd",#Supercars #Gas #JDM #Ruta,coches
275,pasando la ITV de puro milagro xd lol,,coches
276,"Marchando, dejando el guiso al chup-chup horas brutal.",#Chef #RealFood #Recetas #Gastronomia,cocina
277,"Increible, han nerfeado a mi main otra vez 10/10 IGN.",#Twitch #PlayStation #RetroGaming,videojuegos
278,"increíble lo de hoy en navarra, el árbitro nos ha robado descaradamente 💪",#Cardio #Atleta #Gimnasio,deporte
279,pillando unas olaaas increíbles jaja.,,playa
280,"Escapada express, hotelazo con unas vistas que flipas 😍...",,viajes
281,,#racing,coches
282,"Madre mía, modo cangrejo activado, me he quemado entero 😎",#chiringuito#calor,playa
283,"Madre mia, vuelta y vuelta en la tumbona como un filete jaja.",#Brisa,playa
284,"vamos equipo! nuevo pr en peso muerto, a tope 💪 xd",#salud #baloncesto #fuerza #gimnasio #vidasana,deporte
285,qué ganas de esto: pillando unas olas increíbles a vivir la vida.,#brisa #costa #calor #desconexion #snorkel,playa
286,"GG, el lag me ha arruinado la racha de victorias 🕹️",#gamer #indiegames #playstation #lag,videojuegos
287,"jet lag activado, probando street food de dudosa procedencia 😍",#Viajero #RoadTrip #Trip,viajes
288,hotelazo con unas vistas que flipas 😍 xd,#Wanderlust #Trip,viajes
289,"en primera fila del concierto, brutal 🎶",#Guitarra #Flow,musica
290,"Sin excusas: corriendo 10km en ayunas, reventado 🥵",#Workout #Padel #NoPainNoGain #Entreno,deporte
291,"Increible, interior de cuero espectacular me encanta.",#Caballos,coches
292,flow espectacular en el escenario 🎸,,musica
293,"Perdidos por Baleares, haciendo el check-in con Pascual 🌍",#roadtrip #pasaporte #turismo #cultura #sinfiltros,viajes
294,,#Costa #Snorkel #Relax #Vistas,playa
295,"hoy toca sufrir, el gymbro me ha fallado hoy victoria!",,deporte
296,,#playa#olas,playa
297,"jet lag activado, probando street food de dudosa procedencia me mudo aquí.",#Vuelos,viajes
298,"temazo, afinando la bateria para el bolo magia pura.",#Melodia #Urbano #Concierto,musica
299,"GG, ese boss tiene una hitbox rotísima 🕹️",#Gamer #RPG #Esports #LevelUp #Lag,videojuegos
300,sacando unos acordes con la acústica nueva 🔥,#pop #spotify #ritmo #guitarra #flow,musica
301,Receton en Madrid: estrenando la airfryer con unas patatas a cenar! !!!!,,cocina
302,"hoy toca ruta por huesca, lavado a mano para que brille la pintura 🚗💨 !!!!",#Cars #Turbo #MotorSport #Supercars #Velocidad,coches
303,"cambiando aceite y llantas, ahora sí impone qué locura.",,coches
304,"Sin excusas: nuevo PR en peso muerto, a tope sudando la gota gorda.",#Gym #Baloncesto #Running,deporte
305,,#drifting #exhaust #carporn,coches
306,un buen chorrito de AOVE y listo 👨‍🍳,,cocina
307,en directo desde jaen: afinando la bateria para el bolo increible.,#Live #Indie,musica
308,"marchando, tortilla con cebolla siempre brutal.",,cocina
309,literalmente el agua está helada pero me he bañado igual 10/10.,#Desconexion#Postu#Playa#Vacaciones,playa
310,"Mirad qué pinta, tortilla con cebolla siempre ñam ñam...",#Salado #Paella #Postres #RealFood #Masterchef,cocina
311,recetón en castellón: tortilla con cebolla siempre 🤤,,cocina
312,Experimentando en la cocina: casi quemo la sartén pero ha quedado rico 🤤,#Cocinando #Recetas #Airfryer,cocina
313,modo vacaciones: postureo maximo en la orilla con cristian 😎,#Olas #Bronceado #Vistas,playa
314,"Temazo, desafinando en el coche a pleno pulmon no puedo parar de escucharlo.",#Pop,musica
315,vuelta y vuelta en la tumbona como un filete 🌊,#bronceado,playa
316,"Mirad que pinta, masa madre fermentando, a ver el pan espectacular.",#sabor #aove #foodie #gastronomia #dulce,cocina
317,ragequit inminente: ese boss tiene una hitbox rotisima 🎮,#Gaming #Setup #PlayStation #Tryhard #RetroGaming,videojuegos
318,"Hoy toca ruta por Ávila, stage 2 instalada y esto vuela 🚗💨",,coches
319,"increible lo de hoy en pontevedra, el arbitro nos ha robado descaradamente sudando la gota gorda.",#futbol #entreno #baloncesto,deporte
320,"escapada express, perdido en el metro de malasia, ayuda ✈️",#destino,viajes
321,"Brum brum, stage 2 instalada y esto vuela que locura.",#supercars,coches
322,Vaya tela: carrileando a Victoria toda la partida a llorar a la llorería !!!!,#nintendo #retrogaming #noob,videojuegos
323,"marchando, estrenando la airfryer con unas patatas espectacular.",#masterchef,cocina
324,qué ganas de esto: tarde perfecta en el chiringuito con un mojito 10/10.,#arena #costa,playa
325,tarde perfecta en el chiringuito con un mojito 😎 jajaja,#vistas,playa
326,"marchando, emplatando nivel estrella michelin a cenar!",#casero,cocina
327,Ragequit inminente: han nerfeado a mi main otra vez 10/10 IGN.,#Gaming,videojuegos
328,hotelazo con unas vistas que flipas no quiero volver xd,#ruta #pasaporte,viajes
329,fácil fácil fácil fácil fácil fácil fácil fácil fácil fácil fácil fácil fácil fácil fácil fácil fácil fácil fácil fácil fácil fácil fácil fácil fácil fácil fácil fácil fácil fácil fácil fácil fácil fácil fácil fácil fácil fácil fácil fácil fácil fácil fácil fácil fácil fácil fácil fácil fácil fácil fácil fácil fácil fácil fácil fácil fácil fácil fácil fácil fácil fácil fácil fácil fácil fácil fácil fácil fácil fácil fácil fácil fácil fácil fácil fácil fácil fácil fácil fácil fácil fácil fácil fácil fácil fácil fácil fácil fácil fácil fácil fácil fácil fácil fácil fácil fácil fácil fácil fácil fácil fácil fácil fácil fácil fácil fácil fácil fácil fácil fácil fácil fácil fácil fácil fácil fácil fácil fácil fácil fácil fácil fácil fácil fácil fácil fácil fácil fácil fácil fácil fácil fácil fácil fácil fácil fácil fácil fácil fácil fácil fácil fácil fácil fácil fácil fácil fácil fácil fácil fácil fácil fácil fácil fácil fácil fácil fácil fácil fácil fácil fácil fácil fácil fácil fácil fácil fácil fácil fácil fácil fácil fácil fácil fácil fácil fácil fácil fácil fácil fácil fácil fácil fácil fácil fácil fácil fácil fácil fácil fácil fácil fácil fácil fácil fácil fácil fácil fácil fácil fácil fácil fácil fácil fácil fácil fácil fácil fácil fácil fácil fácil fácil fácil fácil fácil fácil fácil fácil fácil fácil fácil fácil fácil fácil fácil fácil fácil fácil fácil fácil fácil fácil fácil fácil fácil fácil fácil fácil fácil fácil fácil fácil fácil fácil fácil fácil fácil fácil fácil fácil fácil fácil fácil fácil fácil fácil fácil fácil fácil fácil fácil fácil fácil fácil fácil fácil fácil fácil fácil fácil fácil fácil fácil fácil fácil fácil fácil fácil fácil fácil fácil fácil fácil fácil fácil fácil fácil fácil fácil fácil fácil fácil fácil fácil fácil fácil fácil fácil fácil fácil fácil fácil fácil fácil fácil fácil fácil fácil fácil fácil fácil fácil fácil fácil fácil fácil fácil fácil fácil fácil fácil fácil fácil fácil fácil fácil fácil fácil fácil fácil fácil fácil fácil fácil fácil fácil fácil fácil fácil fácil fácil fácil fácil fácil fácil fácil fácil fácil fácil fácil fácil fácil fácil fácil fácil fácil fácil fácil fácil fácil fácil fácil fácil fácil fácil fácil fácil fácil fácil fácil fácil fácil fácil fácil fácil fácil fácil fácil fácil fácil fácil fácil fácil fácil fácil fácil fácil fácil fácil fácil fácil fácil fácil fácil fácil fácil fácil fácil fácil fácil fácil fácil fácil fácil fácil fácil fácil fácil fácil fácil fácil fácil fácil fácil fácil fácil fácil fácil fácil fácil fácil fácil fácil fácil fácil fácil fácil fácil fácil fácil fácil fácil fácil fácil fácil fácil fácil fácil fácil fácil fácil fácil fácil fácil fácil fácil fácil fácil fácil fácil fácil fácil fácil fácil fácil fácil fácil fácil fácil fácil fácil fácil fácil fácil fácil fácil fácil fácil fácil fácil fácil fácil fácil fácil fácil fácil fácil fácil fácil fácil fácil fácil fácil fácil fácil fácil fácil fácil fácil fácil fácil fácil fácil fácil fácil fácil fácil fácil fácil ,,deporte
330,Literalmente el agua está helada pero me he bañado igual y no necesito más xd,#bikini#bronceado#arena,playa
331,sacando unos acordes con la acustica nueva 🎸,#festival#pop#indie#bateria#urbano,musica
332,"Temazo, los graves de este altavoz me hacen vibrar 🔥 jajaja",,musica
333,"Uff, stage 2 instalada y esto vuela que locura.",#Mecanica #V8 #MotorSport #Caballos,coches
334,"Hoy toca sufrir, comiendo arroz y pollo, modo volumen 🥵",#padel#crossfit,deporte
335,Adivinad quien esta en Lleida: tarde perfecta en el chiringuito con un mojito que paz.,#sol #olas #brisa #relax #verano,playa
336,en bucle: sacando unos acordes con la acústica nueva 🎸 lol,#urbano,musica
337,"GG, farmeando XP como un tryhard para hacer level up xd.",#PCGaming #Shooter,videojuegos
338,"Recetón en Asturias: masa madre fermentando, a ver el pan ñam ñam.",#Dulce#Sabor#Recetas,cocina
339,En bucle: afinando la bateria para el bolo 🔥,#melodia #acustico,musica
340,"Perdidos por Segovia, mochila a la espalda y a tirar millas 🌍",#SinFiltros #Ruta #Paisaje,viajes
341,"Brum brum, cambiando aceite y llantas, ahora sí impone xd lol",#Exhaust #Llantas #Motor #Velocidad #V6,coches
342,haciendo el check-in con juanita ✈️,#Pasaporte #Travel #Aventura #JetLag,viajes
343,"masa madre fermentando, a ver el pan ñam ñam.",#ComidaSana #AOVE #InstaFood #Chef,cocina
344,Hoy me he coronado: un buen chorrito de AOVE y listo brutal.,#Foodie#ComidaSana#InstaFood,cocina
345,"brum brum, interior de cuero espectacular puro vicio lol",,coches
346,"Madre mía el nuevo disco, flow espectacular en el escenario 🎵 !!!!",#urbano,musica
347,"escapada express, perdido en el metro de indonesia, ayuda no quiero volver lol",#pasaporte #jetlag #sinfiltros,viajes
348,Modo vacaciones: arena entre los dedos y a desconectar de todo 10/10 xd,#Verano #Mojito #Relax #Sol #Atardecer,playa
349,"Hoy toca sufrir, marcando un hat-trick para salvar el partido 🥵",#Motivacion #Salud,cocina
350,Wanderlust: hotelazo con unas vistas que flipas ✈️,#Escapada #Naturaleza #JetLag #Paisaje,viajes
351,r2ueJNpsel4VNEXfhjRL0ZN7W,#Brisa#Mar#Olas#Verano,playa
352,"Marchando, masa madre fermentando, a ver el pan 👨‍🍳",#Postres #Paella #Airfryer #RecetaDelDia #Recetas,cocina
353,Literalmente pillando unas olas increíbles 🌊,#Sol#Snorkel#Verano#Calor#Bronceado,playa
354,Enamorado de este bicho: lavado a mano para que brille la pintura 🚗💨,#V8 #Turbo,coches
355,Próxima parada: mochila a la espalda y a tirar millas 😍,#Pasaporte,viajes
356,tortilla con cebolla siempre 🤤,,cocina
357,experimentando en la cocina: estrenando la airfryer con unas patatas 👨‍🍳,#sabor #casero,cocina
358,"Perdidos por Almería, pagando un café a precio de turista me mudo aquí.",#wanderlust #roadtrip #travel,viajes
359,"madre mía el nuevo disco, los graves de este altavoz me hacen vibrar 🎵",#Flow,musica
360,ese boss tiene una hitbooox rotisima 🕹️,#gaming #discord #streamer #noob #rpg,videojuegos
361,"Hoy toca ruta por Lugo, el motor V8 rugiendo como una bestia gasss lol",#Turbo #Supercars,coches
362,"GG, el lag me ha arruinado laaa racha de victorias 🕹️ xd",#retrogaming,videojuegos
363,"Temazo, en primera fila del concierto, brutal magia pura.",,musica
364,"pelos de punta, desafinando en el coche a pleno pulmon 🎸",#MusicaEnVivo #Pop #Spotify #Bateria #Melodia,musica
365,,#noob #retrogaming #playstation #streamer #shooter,videojuegos
366,"Mirad esta joya, pasando la ITV de puro milagro me encanta.",#JDM#Velocidad#Tuning#Caballos,coches
367,,#Vinilo #Flow #Guitarra #Rock #Urbano,musica
368,"Temazo, afinando la bateria para el bolo 🎸",#Guitarra #Concierto #Ritmo #Rock #Spotify,musica
369,"Mirad esta joya, pasando la ITV de puro milagro xd",#ruta #v8,coches
370,,#vinilo,musica
371,"Escapada express, hotelazo con unas vistas que flipas no quiero volver.",#Destino #Viajar,viajes
372,Literalmente arena entre los dedos y a desconectar de todo 10/10.,#paraiso #postu,playa
373,"Hoy toooca sufrir, el gymbro me ha fallado hoy victoria!",#pr #gym #futbol #gimnasio #crossfit,deporte
374,Modo vacaciones: pillando unas olas increíbles jaja.,,playa
375,"Pelos de punta, desafinando en el coche a pleno pulmón no puedo parar de escucharlo.",#canciondeldia#live#guitarra,musica
376,producto producto producto producto producto producto producto producto producto producto producto producto producto producto producto producto producto producto producto producto producto producto producto producto producto producto producto producto producto producto producto producto producto producto producto producto producto producto producto producto producto producto producto producto producto producto producto producto producto producto producto producto producto producto producto producto producto producto producto producto producto producto producto producto producto producto producto producto producto producto producto producto producto producto producto producto producto producto producto producto producto producto producto producto producto producto producto producto producto producto producto producto producto producto producto producto producto producto producto producto producto producto producto producto producto producto producto producto producto producto producto producto producto producto producto producto producto producto producto producto producto producto producto producto producto producto producto producto producto producto producto producto producto producto producto producto producto producto producto producto producto producto producto producto producto producto producto producto producto producto producto producto producto producto producto producto producto producto producto producto producto producto producto producto producto producto producto producto producto producto producto producto producto producto producto producto producto producto producto producto producto producto producto producto producto producto producto producto producto producto producto producto producto producto producto producto producto producto producto producto producto producto producto producto producto producto producto producto producto producto producto producto producto producto producto producto producto producto producto producto producto producto producto producto producto producto producto producto producto producto producto producto producto producto producto producto producto producto producto producto producto producto producto producto producto producto producto producto producto producto producto producto producto producto producto producto producto producto producto producto producto producto producto producto producto producto producto producto producto producto producto producto producto producto producto producto producto producto producto producto producto producto producto producto producto producto producto producto producto producto producto producto producto producto producto producto producto producto producto producto producto producto producto producto producto producto producto producto producto producto producto producto producto producto producto producto producto producto producto producto producto producto producto producto producto producto producto producto producto producto producto producto producto producto producto producto producto producto producto producto producto producto producto producto producto producto producto producto producto producto producto producto producto producto producto producto producto producto producto producto producto producto producto producto producto producto producto producto producto producto producto producto producto producto producto producto producto producto producto producto producto producto producto producto producto producto producto producto producto producto producto producto producto producto producto producto producto producto producto producto producto producto producto producto producto producto producto producto producto producto producto producto producto producto producto producto producto producto producto producto producto producto producto producto producto producto producto producto producto producto producto producto producto producto producto producto producto producto producto producto producto producto producto producto producto producto producto producto producto producto producto producto producto producto producto producto producto producto producto producto producto producto producto producto producto producto producto producto producto producto producto producto producto producto producto producto producto producto producto producto producto producto producto producto producto producto producto producto producto producto producto producto producto producto producto producto producto producto producto producto ,#Travel #Aventura #Cultura #Trip #Escapada,viajes
377,,#postu #vistas,playa
378,"Jet lag activado, hotelazo con unas vistas que flipas qué maravilla.",,viajes
379,en bucle: los graves de este altavoz me hacen vibrar no puedo parar de escucharlo lol,,musica
380,el agua está helada pero me he bañado igual y no necesito más.,#relax #postu,playa
381,afinando la batería para el bolo 🎶,,musica
382,,#viajar #pasaporte #aventura #explorando #cultura,viajes
383,experimentando en la cocina: tortilla con cebolla siempre brutal.,#Foodie #Yummy #Tapas #Chef #Vegano,cocina
384,Vaya tela: el lag me ha arruinado la racha de victorias xd xd,#discord#indiegames#loot#retrogaming,videojuegos
385,"Jet lag activado, hotelazo con unas viiiiistas que flipas wanderlust total.",#viajero #destino #paisaje,viajes
386,"Uff, la gasolina a precio de oro pero sigo dándole caña xd",#carlife#exhaust,coches
387,"hoy toca sufrir, agujetas nivel dios después del entreno 🥵",,deporte
388,"increíble, lavado a mano para que brille la pintura gasss.",#Drifting #Motor,coches
389,,#olas #costa #bronceado #bikini,playa
390,"modo vacaciones: modo cangrejo activado, me he quemado entero jaja.",#snorkel #bikini,playa
391,"Perdidos por Toledo, turisteando sin parar, me duelen los pies ✈️ xd",#naturaleza #ruta #mochileros #jetlag,viajes
392,"jet lag activado, mochila a la espalda y a tirar millas ✈️",#escapada #turismo #cultura,viajes
393,"cambiando aceite y llantas, ahora sí impone 🚗💨",#Supercars #CarPorn #Mecanica #MotorSport,coches
394,"por fin, pillando unas olas increibles y no necesito mas.",#Calor #Chiringuito #Vacaciones,playa
395,"Uff, interior de cuero espectacular qué locura.",#Llantas#Ruta#Mecanica,coches
396,"Increible, derrape guapo en la ultima rotonda que locura.",#CarLife #CarPorn #Llantas #V8 #Exhaust,coches
397,"Recetón en Burgos: masa madre fermentando, a ver el pan ñam ñam.",#tapas #dulce,cocina
398,"mirad esta joya, interior de cuero espectacular xd",#Exhaust #Drive,coches
399,"En bucle: en primera fila del concierto, brutal 🎶 lol",#indie #live #festival #canciondeldia #bateria,musica
400,recetón en valencia: dejando el guiso al chup-chup horas se me hace la boca agua.,#Masterchef#Cocinando,cocina
401,"Brum brum, el motor V8 rugiendo como una bestia me encanta.",#Mecanica #Drive #Llantas #CarLife,coches
402,"Marchandooo, tortilla con cebolla siempre 👨‍🍳",#Chef,cocina
403,jugando a las palas nivel profesional a vivir la vida.,#isla #bikini #calor,playa
404,Hoy me he coronado: paella dominguera espectacular 👨‍🍳 xd,#Salado #Gourmet #Postres #Yummy,cocina
405,"Sin excusas: corriendo 10km en ayunas, reventado 💪 !!!!",#Fitness #Workout #Maraton #Fuerza,deporte
406,"Marchando, casi quemo la sarten pero ha quedado rico se me hace la boca agua.",#postres #dulce #recetas #yummy #aove,cocina
407,"enamorado de este bicho: cambiando aceite y llantas, ahora si impone xd",#Mecanica #Caballos #Cars #CarPorn #V8,coches
408,"Marchando, estrenando la airfryer con unas patatas brutal.",#Masterchef #ComidaSana #AOVE,cocina
409,hoy me he coronado: casi quemo la sartén pero ha quuuedado rico se me hace la boca agua.,#recetas,cocina
410,"En bucle: en primera fila del concierto, brutal 🎵",#Vinilo,musica
411,"Día de piernas, nuevo PR en peso muerto, a tope no pain no gain.",#fuerza #salud #workout #fitness,deporte
412,,#carlife #cars #racing #v6,coches
413,Literalmente el agua está helada pero me he bañado igual y no necesito más.,#Verano #Snorkel #Calor #Costa,playa
414,Que ganas de esto: el agua esta helada pero me he banado igual 🌊,,playa
415,ese boss tiene una hitbox rotísima 🕹️ !!!!,#tryhard,videojuegos
416,"Pelos de punta, en primera fila del concierto, brutal magia pura lol",#CancionDelDia #DJ #Guitarra,musica
417,"Increíble, bugeado en la pared, genial el parche a llorar a la llorería.",#ProGamer #RPG #Loot #Xbox #Setup,videojuegos
418,flow espectacular en el escenario 🎶,#DJ #Acustico,musica
419,agujetas nivel dios después del entreno sudando la gota gorda.,,deporte
420,la gasolina a precio de oro pero sigo dándole caña qué locura jajaja,#llantas#gas#v8,coches
421,"Jet lag activado, hotelazo con unas vistas que flipas me mudo aquí.",#aventura #vuelos #explorando,viajes
422,adivinad quién está en almería: postureo máximo en la orilla con ciriaco jaja.,#Paraiso #Calor,playa
423,"Uff, el motor V8 rugiendo como una bestia gasss.",#Motor #JDM #Turbo #Tuning #Caballos,coches
424,"Brum brum, el motor V8 rugiendo como una bestia puro vicio.",#Drive #Tuning #Gas,coches
425,"temazo, en primera fila del concierto, brutal increíble...",#pop #melodia #spotify #canciondeldia #indie,musica
426,experimentando en la cocina: casi quemo la sartén pero ha quedado rico espectacular.,,cocina
427,"increible lo de hoy en castellon, corriendo 10km en ayunas, reventado a tope.",#crossfit #entreno #futbol #workout #baloncesto,deporte
428,"wanderlust: turisteando sin parar, me duelen los pies qué maravilla.",#jetlag #paisaje,viajes
429,"madre mia el nuevo disco, descubriendo joyitas indies en spotify 🎸",#festival #urbano #canciondeldia #rock #musicaenvivo,musica
430,Sin excusas: marcando un hat-trick para salvar el partido victoria! !!!!,,deporte
431,"corriendo 10km en ayunas, reventado a tope.",#Gimnasio#Crossfit#Salud#Gym,deporte
432,"Jet lag activado, perdido en el metro de Kirguistán, ayuda no quiero voooolver.",#destino,viajes
433,En bucle: flow espectacular en el escenario 🎶...,#Music #Acustico #Concierto #Temazo #Vinilo,musica
434,Wanderlust: hotelazo con unas vistas que flipas me mudo aquí.,,viajes
435,,#Paella#Tapas#Dulce#Gastronomia#RealFood,cocina
436,"cambiando aceite y llantas, ahora sí impone 🔥",#ruta #cars,coches
437,,#sol,playa
438,"marchando, paella dominguera espectacular espectacular.",,cocina
439,"hoy toca ruta por santa cruz de tenerife, el motor v8 rugiendo como una bestia 🚗💨",#carporn #jdm,coches
440,próxima parada: mochila a la espalda y a tirar millas 😍,,viajes
441,"Vamos equipo! comiendo arroz y pollo, modo volumen victoria!",#workout #maraton,deporte
442,que ganas de esto: jugando a las palas nivel profesional 🌊,#Costa #Paraiso #Postu,playa
443,"Increíble, han nerfeado a mi main otra vez 🕹️",#nintendo #esports #loot,videojuegos
444,"por fin, modo cangrejo activado, me he quemado entero jaja.",#Mojito #Arena,playa
445,"día de piernas, partidazo de pádel con eugenia victoria!",#NoPainNoGain#Motivacion#Fitness#Baloncesto#BeastMode,deporte
446,"Temazo, afinando la batería para el bolo 🎶",#dj,musica
447,"Jet lag activado, mochila a la espalda y a tirar millas ✈️",#turismo #roadtrip,viajes
448,Vamos equipo! el gymbro me ha fallado hoy 🥵,,deporte
449,Ragequit inminente: farmeando XP como un tryhard para hacer level up 10/10 IGN.,,videojuegos
450,"pelos de punta, los graves de este altavoz me hacen vibrar no puedo parar de escucharlo.",,musica
451,"hoy toca sufrir, agujetas nivel dios después del entreno a tope.",#baloncesto#pr#maraton,cocina
452,Enamorado de este bicho: interior de cuero espectacular puro vicio.,#Racing #Cars #Gas #Drifting,coches
453,Hoy me he coronado: casi quemo la sartén pero ha quedado rico a cenar!,#Vegano #Salado,cocina
454,modo vacaciones: jugando a las palas nivel profesional 😎,#playa #snorkel #postu #verano #arena,playa
455,flow espectacular en el escenario 🔥,#temazo#rock#vibras,musica
456,"Escapada express, probando street food de dudosa procedencia 🌍",#Pasaporte #Trip,viajes
457,Experimentando en la cocina: dejando el guiso aaaaal chup-chup horas nam nam.,#Salado #Foodie #Vegano #Masterchef,cocina
458,los graves de este altavoz me hacen vibrar 🎵,,musica
459,vaya tela: gráficos de locos con el ray tracing menuda estafa.,#loot,videojuegos
460,hotelazo con unas vistas que flipas qué maravilla.,#Wanderlust #SinFiltros,viajes
461,"Madre mía, tarde perfecta en el chiringuito con un mojito jaja jajaja",#Desconexion #Vacaciones #Chiringuito #Isla #Vistas,playa
462,Wanderlust: pagando un café a precio de turista wanderlust total lol,#paisaje,viajes
463,Literalmente abriendoooo loot boxes y solo sale humo a llorar a la lloreria.,#progamer #esports,videojuegos
464,"Madre mía, postureo máximo en la orilla con Isabela a vivir la vida jajaja",#arena #paraiso #verano,playa
465,que ganas de esto: tarde perfecta en el chiringuito con un mojito 🌊,#olas #calor #paraiso #bronceado #vistas,playa
466,"Gente, bugeado en la pared, genial el parche 🎮",#Streamer,videojuegos
467,Hoy me he coronado: paella dominguera espectacular espectacular jajaja,#recetas #salado #airfryer,cocina
468,"Madre mia el nuevo disco, los graves de este altavoz me hacen vibrar 🎵...",#Pop #Concierto #Vibras #MusicaEnVivo #Music,musica
469,"Hoy toca sufrir, corriendo 10km en ayunas, reventado no pain no gain !!!!",#BeastMode#Futbol#Healthy,deporte
470,"Temazo, descubriendo joyitas indies en Spotify magia pura.",#cantando #concierto #melodia #bateria,musica
471,Ragequit inminente: farmeando XP como un tryhard para hacer level up a llorar a la lloreria.,#IndieGames#GGWP,videojuegos
472,"Increíble, el motor V8 rugiendo como una bestia gasss.",#jdm #mecanica,coches
473,literalmente pillando unas olas increibles a vivir la vida.,#sol #bronceado,playa
474,"Próxima parada: turisteando sin parar, me duelen los pies no quiero volver lol",#Trip #Viajar,viajes
475,,#CarPorn,coches
476,Experimentando en la cocina: dejando el guiso al chup-chup horas brutal.,#comidasana,cocina
477,"literalmente modo cangrejo activado, me he quemado entero 😎",#relax #vistas #playa,playa
478,"Ragequit inminente: bugeado en la pared, genial el parche menuda estafa.",#Noob #Lag #Xbox #IndieGames,videojuegos
479,"por fin, jugando a las palas nivel profesional y no necesito más.",#bikini,playa
480,"nuevo pr en peso muerto, a tope y mañana más...",#Workout,deporte
481,Qué ganas de esto: el agua está helada pero me he bañado igual y no necesito más !!!!,#paraiso #mojito #atardecer,playa
482,familia era actividad abril tiempo varias riesgo importante amigos fútbol alto económico juicio debía ellas su importancia aquellas primeras cultural generales ministro figura producción proyecto ellos objeto río poder capacidad vio piel viene marcha algún pronto siquiera central contenido quería zonas niveles vuelta veces después claro razones según estados principales dirección saber futuro estado incluso había hacia capacidad sin tenemos suerte había vuelve artículo juan producción aquellas consumo he bien expresión gobierno poner relaciones unidos objeto diversas mismo valores respuesta trabajar ella salida jóvenes estado unos salud período mil prensa especialmente humana esos hermano mucho pablo verdad día equipo plazo larga total cuyo donde político busca algunas sistemas produce podemos lado igual ello valor somos llega martín cámara ningún valores objetivo carrera haciendo estas realidad muerto año sueño seguir resto gonzález sigue siempre hechos siglo buen pueblo propio será única instituciones somos imagen da pese embargo sus fuego i lado defensa vuelve estudios pasó allí con actividad tienen siglo asunto mañana embargo etapa incluso solo región veces guerra espera semanas pequeño gracias partes área pública resultado corte siete sociedad van concepto primeras libros situación algunas junto comenzó enfermedad dicho campo resto hija misma creación socialista julio gran gobierno deseo considera gran juego mercado primeros octubre participación veces acerca maría armas aire prensa como adelante oficial es la ministerio líder justicia parte nos también mismo análisis cantidad salida fecha durante seguir pregunta cabeza diario sol diversas hombre pueda políticas origen barcelona ciudad ciudad misma e creo manera imágenes cual producto fue algunas ayer señaló obstante hablar volver orden dios siguientes esto energía comercio organización abril campo presente tuvo marco cámara siguientes función paz operación ley evitar últimos gonzález niveles democracia posición juicio camino cuestión pensar animales plan sean ex dolor recursos médico palabras flores durante hubo palabra diciembre actitud juez vivir amigo de baja experiencia domingo centros mucha sociedad quien volvió él ella estudios sur junto largo ministerio gran m acciones perdido investigación común tiene hasta llama algún parecía niño caso realidad madre obras vamos quiere proceso principios iba madrid podría serán varios medios cinco estar nos queda tiempos voz pese quienes superior argentina lo dirección medida jamás ambiente justicia se presente suelo padres educación objeto próximo social media pasado miembros armas están septiembre país fútbol vez era valor eso sol políticos base cual deja oficial dinero etapa francia abril ser va seguro hombre voluntad al vuelve razón cualquier material televisión ello fueron viejo segundo acerca unidad pone cuadro tenido nueva tratamiento nuevos vino dolor unidad señor has jefe ojos joven menor acción muerto silencio unidos apenas hoy económica hecho me material e importante haya oficial bueno viejo manuel revolución suelo hombres allí libre carne tú fernando mismos manera forma asociación fecha partes puerta mantener mayoría tener nacional guerra consejo ojos último gente pasado dios victoria único cabeza tenido revolución creo ministro esos salida distintas mesa movimiento blanca hace busca humanos área asunto dónde josé estaba área habían viejo hace francia salud ciudad vio primera médico valores resultados valores tuvo política consumo dónde piel centros investigación dan pablo cambio allá organización sean años corte salir hechos toma ocasión distintas américa baja padre dicen doctor grande cómo martín iglesia partir cabo cada económica garcía cuba color mitad van todo presente permite ciencia cuestión autor estos adelante fiscal iglesia seguir sí las derecho curso unidad papel crisis sé origen proceso necesario cuadro teatro otras palabras material único viene fuerte sea defensa fin película misma comunidad razones joven posibilidades visto posibilidad buena cuando muchos valores cuerpo varios existencia pensar algunos manos debe obras alrededor forma diferentes silencio tipo especie no autor sería viene popular mal sentido palabras conocer supuesto solamente obras opinión costa mil cuenta desarrollo solamente características poner dicen existencia calle razones sobre pone lugar producto jefe estaba g trabajar ocasión todos ser viejo forma alrededor u gente aspecto sabía hijos oro muerte productos posibilidades hasta cualquier tendrá con razón hijo del obra nuevas producción europea dinero partes negro lópez última pacientes mal si argentina fin conciencia dentro intereses cuyo rafael españa vida importancia quizá ejemplo edad mano tarde quién suelo puede amor largo hubo dijo fondo situación país volver salida jorge autoridades derecha tierra estas cinco amigos francisco central mal según peso ella ministerio cosas aquellas viene ocasión también hacen pacientes en izquierda ciento demasiado gobierno propia recursos r estuvo servicio plaza puesto sin cuarto armas quiero nuevo técnica menos mirada manos ello investigación millones defensa personas contenido palabra embargo estudios trabajadores bueno cual mitad hacia práctica dio medida u marco conseguir muchos mira falta público san junto todo tampoco fue siete informe nombre joven luego título tribunal año total vivir segunda proyectos cantidad primera imagen informe encuentra cerca acto boca libre iglesia movimiento buscar compañía de justicia volver luz natural pacientes todas cama habría manos bajo gracias nuevas para niveles hora cuadro respecto sea mis servicios ante allá fueron más cama ver ii resulta y lejos pasado domingo dólares porque torno parte oposición fin hoy solamente uso intereses cultural cuba amigos frente forma enero piel o pues cama campaña a valor estados nuevo internacional siendo marco hombre santa juicio tuvo servicios pasado ocasión nuestras muerte pasar pesetas falta diferentes el madre mucho siguientes fuerzas campo santiago civil junio vino domingo derechos da próximo pequeña tratamiento sectores méxico televisión favor líder aquí única actitud teoría modelo todavía cuanto juicio manera compañía secretario necesario objeto siguientes señor idea tarde deseo pablo película nuestro noche madre derecho que hacer juego siglo posibilidad fuerza ellos europa hecho ninguna busca escuela mucho mi muchos obra baja nuevo perdido tampoco argentina era nos tú cantidad presidente ella queda miedo hijo pone quiero escuela distintas partidos casos texto bajo crecimiento corte hombre cuestión b grupo tras real haya domingo a pequeño hoy tampoco ella acciones cámara pasar sola ministro usted dolor justicia dicho interior julio somos suerte prensa hacer también etc pueden llega acción estados ante personas línea ocasión mano interior sus grande origen máximo desde asunto líder padre podrá animales razón conocer sigue último encuentran gente corazón mi humana próximo largo nuestras principios contenido medio francisco grado cambios quiere entre quiero nuestra pacientes futuro dólares otra maría mira conocer josé experiencia pie tiempos recuerdo considera voluntad embargo datos curso volver deben papel además medida ninguna fuentes expresión tierra guerra barcelona económica mirada le proyectos tierra título tierra mujer mejores grupo empresas san pueden ver europa posibilidad conocimiento pablo muy hacen lo hacer piel temas ayuda consumo fueron problema cuatro efecto izquierda base todas hablar experiencia hechos del programas título éxito época teoría local ocho europea estas eran junto efecto precisamente según exterior población juicio dios términos ambiente fuego compañía instituto vida pasado miembros amor puerta los carrera electoral función próximo d nadie etc experiencia que cuerpo puede corazón tema partes segundo o padres cámara las paso constitución esfuerzo sabe dio presente manera pasa valor finalmente su derecha tiempos voz muerto médico región existencia aparece pasa operación buena políticos idea cierto ministerio primeros constitución estado i son televisión asociación viejo hecho llegado tanto esto felipe domingo elementos g b partes hoy título estas todas nos diferentes hubiera seguir más iba real pesar día conjunto se pone ambos pues minutos diciembre yo interés radio paciente una conocimiento políticas civil plan antes medios mucha solamente centros mayores fernando diferencia especial parecía país esfuerzo compañía centro minutos cara es tampoco llegó usted ningún humana material dejó paciente capaz humano corazón misma personal único ayuda puerta cabo en unidad tribunal estamos experiencia semanas señor carácter amor méxico agua don contrario será generales n juicio una servicio tiempos resultado presenta humana general modelo dicho has instituto mis felipe fuera actividades producto cuenta estoy encima volvió importantes posibilidades salud costa antonio modelo imágenes seguridad juego crecimiento grande has podía objeto cual sistema cabo experiencia había padres mismo industria vida quizá embargo proceso agua segundo c norte barcelona recursos dejó niños última pues ella electoral empresas ocasiones sobre interés esto tarde vio movimiento objetivo cuyo figura principios televisión poner queda temas deseo siguientes muerte doctor señaló jamás trabajo cultura les república propios sur sido niveles compañía estados quienes j práctica nivel debe capacidad nuestros hacen fuego media resultado santiago mitad presidente equipo político teatro recuerdo campo clase políticas fondo dejó solamente centros embargo consumo derecha joven cada necesidad socialista serán deben quienes derechos otra aspecto por técnica asunto puso podría banco señor rafael parece consecuencia siempre cuales somos larga población hubo último calidad dios pasó cantidad p nacional entrar hombre formas nuestras medios ve ni una régimen línea solamente económica explicó jefe ve lópez asociación gobierno capaz siglo i garcía hombre parte niño corte cerca hacía había datos partidos ella imposible pesetas presencia se ciento campaña sociedad futuro expresión mil pablo estaban partido por sociedad necesario blanca tierra santiago cuestión juicio cámara obstante mis difícil me producto puesto corte si todavía artículo resultados investigación amigos encuentran francia fuerza cama señora nombre este autor condiciones importante siquiera fernando tenido mayoría carne países ambos dado hasta carne ahora autor encima línea amigos felipe boca más demasiado clase vuelve más aquellos existencia visita internacional políticos josé autor tiene no calidad persona larga ésta diversos esta sobre cantidad régimen les permite cual nacional aun cuerpo volver memoria hecho para importantes siendo eso da otra fuego resulta político comisión donde particular casa artículo a ahí e esto carta norte punto últimos puede espacio oro palabras riesgo persona naturaleza ahora gran mejor alguien madre adelante relaciones los oposición tal económico humana médico especialmente central somos sur haber primeras obra hacen diversos de asunto para humanos éxito poner política perdido situación haya pasado española muchos cama cama oficial ha unos baja tan voy técnica características demás alrededor ex alto única ni posible organización capaz último sabe dolor cara centro cabeza decía iba buscar expresión marcha ser civil pensar juicio ayuda mayo radio paciente además modo deja realizar s forma minutos explicó mujer sistema propios solo dos presente propio otra causa padre resto vida apenas espacio con constitución pocos él propios mar cultura metros pueblo posibilidad señaló tiempos esta ellas tema junio n pasó trata estas llegado propuesta p resultado momento carácter produce don otras silencio maría vez barcelona ministerio lleva educación hizo cargo situación zona principal cambio hicieron haber mira reforma atención autoridades cara desde suficiente amor española teatro productos zona material nuestros cuba presencia podía abril da cosas aún fuerza posible centros habría torno civil bajo asimismo santa exterior ante enfermedad dado gracias mis actividades manuel marcha señora entrar proyectos así se segundo producto centro recursos paso obra maría ambiente pronto usted mucha blanca soy marzo que estar zona programa total agua suerte días y asimismo pasa acuerdo secretario te servicios mirada revolución mayores entre llegado comenzó alguna ideas esos ahora iglesia cual guerra tomar superior un manos humana asociación oposición suelo técnica fuerzas sabía seis objeto seguir media movimiento produce hecho socialista atrás humana derechos quienes teatro eran aire principios gran oro distintas jefe bajo existe forma tampoco persona vuelta o podrá siete esos educación siete poner voz libre europea elementos estilo comunicación generales ser varios dolor revolución comisión aun reforma especialmente programas dar llegado aún gobierno habría texto economía pesetas económico hombre deseo unidad decir cambios rodríguez fiscal produce título tal revolución compañía recuerdo bajo tenía al habrá sí de voy presenta española líder democracia aumento momentos tener sala universidad apenas carlos control habría hemos libre sociedad central importante porque tiempo fecha tres estoy yo dice lenguaje mucha futuro larga vuelta entrar parecía radio permite objeto seis ella joven tienen militares niveles administración cargo lo muy vista político dentro sectores duda pueda habría temas fernando antonio vivir sido derechos contenido entrada año dan ni pueden quién debe hombres anterior punto estructura decisión casos movimiento hacía creo maría militares les cuya militares julio políticas existe lejos lado libro actividad atrás niños dio dónde mundo les hicieron falta semanas momentos fernando p juez madrid s nunca opinión luz nacional central una peor por trabajadores costa al tal forma sangre gente mal carrera izquierda acto quiero todas resto sea has importante mismos,#Escapada,viajes
483,sin excusas: partidazo de padel con roberta 💪,#futbol#workout#entreno,deporte
484,"Brum brum, la gasolina a precio de oro pero sigo dándole caña 🚗💨",#carlife,coches
485,"Hoy toca sufrir, partidazo de pádel con Anna 💪",#NoPainNoGain,deporte
486,próxima parada: hotelazo con unas vistas que flipas qué maravilla.,#wanderlust,viajes
487,,#masterchef#paella,cocina
488,en bucle: flow espectacular en el escenario 🎸,#spotify #dj #ritmo #guitarra,musica
489,"perdidos por ourense, turisteando sin parar, me duelen los pies 😍",#escapada #mochileros #roadtrip #jetlag #paisaje,viajes
490,"literalmente modo cangrejo activado, me he quemado entero 10/10.",#postu #atardecer #arena,playa
491,"Día de piernas, comiendo arroz y pollo, modo volumen sudando la gota gorda.",#Futbol #Gimnasio #Baloncesto #NoPainNoGain #Running,deporte
492,"Marchando, un buen chorrito de AOVE y listo se me hace la boca agua.",#Masterchef #Chef #Vegano,cocina
493,literalmente jugando a las palas nivel profesional jaja.,,playa
494,Adivinad quién está en Vizcaya: arena entre los dedos y a desconectar de todo 10/10.,#Arena #Mojito,playa
495,"turisteando sin parar, me duelen los pies wanderlust total.",,viajes
496,"Vamos equipo! comiendo arroz y pollo, modo volumen sudando la gota gorda !!!!",#Padel,cocina
497,Vaya tela: el lag me ha arruinado la racha de victorias xd !!!!,#Tryhard #Discord #Nintendo #Gaming #RPG,videojuegos
498,haciendo el check-in con Sancho no quiero volver.,#trip #mochileros #travel #escapada,viajes
499,"escapada express, hotelazo con unas vistas que flipas 🌍",#trip,viajes
500,Próxima parada: hotelazo con unas vistas que flipas 🌍,#Viajero #Travel #Ruta #SinFiltros #Wanderlust,viajes
501,"increible, stage 2 instalada y esto vuela 🔥",#Cars,coches
502,Adivinad quién está en Zaragoza: el agua está helada pero me he bañado igual y no necesito más.,#postu #arena #bikini,playa
503,Enamorado de este bicho: el motor V8 rugiendo como una bestia puro vicio.,#V6 #Drifting,coches
504,"Perdidos por Valencia, perdido en el metro de Bosnia y Herzegovina, ayuda qué maravilla.",#explorando,viajes
505,en directo desde castellón: flow espectacular en el escenario increíble.,#guitarra,musica
506,,#tryhard #progamer #discord #rpg #setup,videojuegos
507,"pelos de punta, afinando la batería para el bolo 🎵",#pop #ritmo #festival #flow #bateria,musica
508,"madre mia, modo cangrejo activado, me he quemado entero y no necesito mas.",#Snorkel,playa
509,enamorado de este bicho: pasando la itv de puro milagro 🚗💨,#drifting #cars #exhaust #caballos #tuning,coches
510,farmeando XP como un tryhard para hacer level up a llorar a la llorería.,#ProGamer #Discord #GGWP #Xbox,videojuegos
511,vamos equipo! el gymbro me ha fallado hoy 🥵,#cardio#pr#salud,deporte
512,"Adivinad quién está en Las Palmas: modo cangrejo activado, me he quemado entero y no necesito más.",#Desconexion#Costa#Paraiso#Atardecer#Mojito,playa
513,"Madre mía el nuevo disco, flow espectacular en el escenario 🎶 xd",#temazo,musica
514,"Jet lag activado, haciendo el check-in con Diana ✈️",#cultura #roadtrip #travel #escapada #wanderlust,viajes
515,,#Vuelos #SinFiltros #JetLag #Cultura #Wanderlust,viajes
516,"Temazo, descubriendo joyitas indies en Spotify magia pura xd",#Guitarra #Vinilo #Cantando #Rock,musica
517,"Perdidos por Asturias, probando street food de dudosa procedencia 🌍",#Paisaje #Viajero #Mochileros,viajes
518,"Vamos equipo! nuevo PR en peso muerto, a tope y manana mas...",#running #gym #healthy #atleta,deporte
519,derrape guapo en la última rotonda gasss.,,coches
520,mochila a la espaldaaaaa y a tirar millas wanderlust total.,#cultura #escapada,viajes
521,"pelos de punta, descubriendo joyitas indies en spotify 🎸",#Rock #Bateria,musica
522,"GG, el lag me ha arruinado la racha de victorias xd.",#tryhard,videojuegos
523,"Madre mia, postureo maximo en la orilla con Adoracion 🌊",,playa
524,carrileando a Jaime toda la partida 🕹️,#PCGaming,videojuegos
525,"Mirad qué pinta, estrenando la airfryer con unas patatas 🤤",#recetadeldia #postres,cocina
526,"Hoy toca sufrir, agujetas nivel Dios después del entreno victoria!",#Entreno #Gimnasio #Crossfit #Fuerza,deporte
527,Enamorado de este bicho: stage 2 instalada y esto vuela 🚗💨,#gas #cars,coches
528,Próxima parada: hotelazo con unas vistas que flipas ✈️ jajaja,#Ruta #Viajar,viajes
529,"Temazo, en primera fila del concierto, brutal 🔥",#Guitarra #Indie #Urbano #Rock,musica
530,Qué gaaanas de esto: tarde perfecta en el chiringuito con un mojito a vivir la vida.,#Calor#Bronceado,playa
531,"Próxima parada: turisteando sin parar, me duelen los pies wanderlust total.",#Ruta,viajes
532,En bucle: sacando unos acordes con la acustica nueva no puedo parar de escucharlo lol,#Flow #Acustico,musica
533,literalmente jugandooooo a las palas nivel profesional jaja...,#Arena #Isla #Relax #Verano,playa
534,Recetón en Soria: un buen chorrito de AOVE y listo 🤤 lol,#Cocinando #Tapas,cocina
535,"En directo desde Zamora: en primera fila del concierto, brutal no puedo parar de escucharlo.",#Vibras #DJ #Festival #MusicaEnVivo #Music,musica
536,"gente, han nerfeado a mi main otra vez 10/10 ign.",#indiegames #progamer #retrogaming #gaming,videojuegos
537,"Sin excusas: nuevo PR en peso muerto, a tope y mañana más.",#pr #healthy #nopainnogain #crossfit #workout,deporte
538,,#Aventura #Vuelos #Trip,viajes
539,sacando unos acordes con la acústica nueva 🎶,#urbano #indie #canciondeldia,musica
540,Literalmente han nerfeado a mi main otra vez menuda estafa.,#indiegames #gamer #xbox,videojuegos
541,2vdyopfA8u5ulzUDMKMBSl6MoEdcd1AvTkYiZQQHXSiGStmsKHTcSrEtHIPR30,#gourmet #recetas #tapas #postres,cocina
542,"Jet lag activado, pagando un café a precio de turista ✈️",#RoadTrip #Travel #Aventura,viajes
543,"increible lo de hoy en albacete, marcando un hat-trick para salvar el partido no pain no gain...",#Futbol,deporte
544,"mirad qué pinta, dejando el guiso al chup-chup horas brutal.",#paella #vegano #recetadeldia #casero #yummy,cocina
545,Vamos equipo! el gymbro me ha fallado hoy a tope xd,#futbol #maraton #crossfit #healthy #pr,deporte
546,"jet lag activado, mochila a la espalda y a tirar millas 🌍",#Ruta #Viajar #Destino #Cultura #Escapada,viajes
547,,#Concierto #Ritmo,musica
548,"mirad esta joya, el motor v8 rugiendo como una bestia 🔥 jajaja",#Mecanica,coches
549,gráficos de locos con el ray tracing 10/10 IGN.,#Lag#RPG#IndieGames#Setup,videojuegos
550,derrape guapo en la última rotonda me encanta.,#Motor #Tuning #Turbo #Supercars,coches
551,"en directo desde soria: en primera fila del concierto, brutal increible.",#Festival #Temazo #Spotify,musica
552,en directo desde pontevedra: sacando unos acordes con la acústica nueva increíble !!!!,#MusicaEnVivo #Acustico #DJ #Spotify,musica
553,"Por fin, pillando unas olas increíbles jaja.",#Relax,playa
554,,#musicaenvivo #festival #pop #spotify,musica
555,"Brum brum, cambiando aceite y llantas, ahora sí impone puro vicio jajaja",#v6 #drifting #caballos #velocidad #carlife,coches
556,"Madre mía, vuelta y vuelta en la tumbona como un filete 🌊 xd",,playa
557,lavado a mano para que brille la pintura gasss.,#carporn#jdm#ruta#supercars#drifting,coches
558,"increíble lo de hoy en toledo, el gymbro me ha fallado hoy y mañana más.",,deporte
559,,#music #concierto #urbano,musica
560,"adivinad quién está en pontevedra: modo cangrejo activado, me he quemado entero 🌊",#Snorkel #Bronceado #Mojito,playa
561,"escapada express, perdido en el metro de tailandia, ayuda wanderlust total.",,viajes
562,Experimentando en la cocina: dejando el guiso al chup-chup horas ñam ñam.,,cocina
563,"GG, abriendoooo loot boxes y solo sale humo 🎮...",#discord #twitch #shooter #xbox #loot,videojuegos
564,"Jet lag activado, turisteando sin parar, me duelen los pies wanderlust total.",#sinfiltros #cultura #jetlag #viajero,viajes
565,"Enamorado de este bicho: cambiando aceite y llantas, ahora sí impone xd",,coches
566,"Perdidos por Murcia, perdido en el metro de Líbano, ayuda ✈️",#vuelos #ruta #naturaleza #turismo #cultura,viajes
567,experimentando en la cocina: dejando el guiso al chup-chup horas nam nam.,#chef #cocinando #dulce #gourmet,cocina
568,"Brum brum, cambiando aceite y llantas, aaahora si impone me encanta xd",#caballos,coches
569,"por fin, vuelta y vuelta en la tumbona como un filete 🌊",#Playa #Chiringuito #Bikini,playa
570,vuelta y vuelta en la tumbona como un filete a vivir la vida.,#Bikini #Snorkel #Playa #Vistas #Mojito,playa
571,"increible, abriendo loot boxes y solo sale humo 10/10 ign.",#IndieGames,videojuegos
572,Hoy me he coronado: emplatando nivel estrella Michelin se me hace la boca agua.,#airfryer #tapas #chef,cocina
573,el árbitro nos ha robado descaradamente 💪,#baloncesto #workout #beastmode #atleta,deporte
574,En bucle: sacando unos acordes con la acústica nueva magia pura.,#CancionDelDia #Music #Bateria,musica
575,Proxima parada: pagando un cafe a precio de turista wanderlust total !!!!,#Vuelos,viajes
576,,,coches
577,Vaya tela: farmeando XP como un tryhard para hacer level up a llorar a la lloreria.,#Loot #Nintendo,videojuegos
578,,#melodia #urbano #temazo #bateria #ritmo,musica
579,,,coches
580,En bucle: los graves de este altaaaavoz me hacen vibrar 🔥 jajaja,#DJ#Ritmo#Pop#MusicaEnVivo#Vibras,musica
581,"Mirad esta joya, el motor V8 rugiendo como una bestia qué locura.",,coches
582,"día de piernas, comiendo arroz y pollo, modo volumen 🥵",#crossfit #futbol #nopainnogain #gimnasio #gym,deporte
583,"Hoy toca sufrir, el arbitro nos ha robado descaradamente sudando la gota gorda xd",#Fitness#Healthy#Crossfit#NoPainNoGain#Padel,deporte
584,"Uff, cambiando aceite y llantas, ahora sí impone gasss.",#racing #cochesclasicos #cars #velocidad #v8,coches
585,"Vaya tela: bugeado en la pared, genial el parche a llorar a la llorería.",#setup #twitch #discord,videojuegos
586,"Increíble lo de hoy en Cuenca, marcando un hat-trick para salvar el partido no pain no gain lol",#running #vidasana #futbol #nopainnogain,deporte
587,desafinando en el coche a pleno pulmón 🎵 lol,#spotify #cantando #ritmo #concierto #canciondeldia,musica
588,Qué ganas de esto: vuelta y vuelta en la tumbona como un filete 🌊,#Paraiso #Bronceado,playa
589,,#Postres #Sabor,cocina
590,"Por fin, jugando a las palas nivel profesional 🌊",#bikini,playa
591,"Wanderlust: perdido en el metro de Republica Unida de Tanzania, ayuda 🌍",#mochileros #wanderlust #naturaleza #jetlag,viajes
592,Receton en Cantabria: casi quemo la sarten pero ha quedado rico a cenar! jajaja,#instafood #realfood #masterchef #gastronomia #comidasana,cocina
593,Próxima parada: mochila a la espalda y a tirar millas no quiero volver.,#Wanderlust #Viajar #Ruta,viajes
594,"Increíble, han nerfeado a mi main otra vez 🎮",,videojuegos
595,,,viajes
596,"madre mia, tarde perfecta en el chiringuito con un mojito a vivir la vida.",#playa #brisa #mar,playa
597,pagando un café a precio de turista no quiero volver.,#explorando #turismo #travel #escapada #aventura,viajes
598,stage 2 instalada y esto vuela puro vicio...,#Drifting #V6,coches
599,"mirad esta joya, cambiando aceite y llantas, ahora sí impone puro vicio.",#Caballos #Motor #CochesClasicos #Gas #Turbo,coches
600,vuelta y vuelta en la tumbona como un filete jaja lol,#vacaciones#bikini#postu,playa
601,qué ganas de esto: arena entre los dedos y a desconectar de todo y no necesito más.,#desconexion,playa
602,"Escapada express, hotelazo con unas vistas que flipas 😍",#SinFiltros #Aventura #RoadTrip #Explorando #Mochileros,viajes
603,"Marchando, paella dominguera espectacular a cenar!",#Paella #Tapas #Vegano #AOVE,cocina
604,,#healthy#vidasana,deporte
605,Hoy me he coronado: paella dominguera espectacular se me hace la boca agua.,#Casero #Recetas #ComidaSana #Chef,cocina
606,"hoy toca ruta por tarragona, interior de cuero espectacular gasss jajaja",,coches
607,"brum brum, cambiando aceite y llantas, ahora si impone 🚗💨",#Llantas #MotorSport #Drifting #Caballos #Exhaust,coches
608,"escapada express, pagando un café a precio de turista me mudo aquí.",#Turismo #Explorando #Trip #Pasaporte #Naturaleza,viajes
609,"gg, bugeado en la pared, genial el parche menuda estafa.",#Tryhard,videojuegos
610,"En directo desde Castellón: en primera fila del concierto, brutal 🎸",,musica
611,Adivinad quién está en Cáceres: arena entre los dedos y a desconectar de todo 🌊,#verano #atardecer,playa
612,"marchando, emplatando nivel estrella michelin espectacular.",#chef #recetas,cocina
613,En directo desde Teruel: los graves de este altavoz me hacen vibrar 🎶,#Guitarra #Flow,musica
614,los graves de este altavoz me hacen vibrar no puedo parar de escucharlo.,#Rock,musica
615,Wanderlust: hotelazo con unas vistas que flipas qué maravilla.,#Viajero #RoadTrip,viajes
616,tarde perfecta en el chiringuito con un mojito y no necesito más.,,playa
617,,#playa #paraiso #postu #vacaciones #vistas,playa
618,"En directo desde Ceuta: en primera fila del concierto, brutal no puedo parar de escucharlo.",#rock,musica
619,"Temazo, flow espectacular en el escenario no puedo parar de escucharlo !!!!",#temazo #musicaenvivo #spotify,musica
620,"Perdidos por Alava, probando street food de dudosa procedencia ✈️",#Cultura#Trip#Destino,viajes
621,vamos equipo! partidazo de pádel con candelario 🥵,#pr #atleta,deporte
622,"GG, bugeado en la pared, genial el parche F en el chat.",#nintendo,videojuegos
623,Qué ganas de esto: postureo máximo en la orilla con Pablo 😎,#paraiso #snorkel #chiringuito #olas #calor,playa
624,"Hoy toca ruta por Cuenca, stage 2 instalada y esto vuela qué locura.",#gas #v8 #v6,coches
625,"gg, gráficos de locos con el ray tracing 10/10 ign.",#Twitch #RetroGaming #Setup,videojuegos
626,"pelos de punta, en primera fila del concierto, brutal no puedo parar de escucharlo !!!!",#temazo #concierto #spotify #rock,musica
627,Ragequit inminente: abriendo loot boxes y solo sale humo xd.,#indiegames #rpg #shooter,videojuegos
628,"Mirad que pinta, paella dominguera espectacular espectacular.",#masterchef #chef,cocina
629,wXQLUt0Z50F1BMI5oAksdrAUdBWRYywcHdlYaM72fvzKV7eDRq7XjxOQgCLZJqIx,,cocina
630,"Hoy toca sufrir, el árbitro nos ha robado descaradamente y mañana más lol",#padel #gym,deporte
631,Enamorado de este bicho: el motor V8 rugiendo como una bestia me encanta.,,coches
632,"Pelos de punta, en primera fila del concierto, brutal 🎶 lol",#Spotify #MusicaEnVivo #Temazo,musica
633,Ragequit inminente: abriendo loot boxes y solo sale humo a llorar a la lloreria.,#Lag,videojuegos
634,Literalmente vuelta y vuelta en la tumbona como un filete 😎,#Chiringuito #Paraiso #Costa #Mojito,playa
635,"Mirad esta joya, stage 2 instalada y esto vuela xd",#V6 #Mecanica #Caballos #CarPorn #CarLife,coches
636,"jet lag activado, pagando un café a precio de turista 😍",,viajes
637,"perdidos por lleida, perdido en el metro de somalia, ayuda 🌍",,viajes
638,"Madre mía el nuevo disco, descubriendo joyitas indies en Spotify increíble...",#Bateria #Live #Rock #Acustico #Cantando,musica
639,"Increíble, han nerfeado a mi main otra vez a llorar a la llorería.",#Xbox #PlayStation #Lag #RPG,videojuegos
640,"Madre mia el nuevo disco, en primera fila del concierto, brutal no puedo parar de escucharlo !!!!",#Urbano #Guitarra #Bateria,musica
641,"gg, farmeando xp como un tryhard para hacer level up 10/10 ign...",#Tryhard #ProGamer #Streamer,videojuegos
642,"mirad qué pinta, casi quemooo la sartén pero ha quedado rico se me hace la boca agua lol",#postres #instafood #gourmet,cocina
643,"Mirad que pinta, tortilla con cebolla siempre 👨‍🍳",,cocina
644,"por fin, pillando unas olas increibles que paz jajaja",,playa
645,"Escapada express, hotelazo con unas vistas que flipas no quiero volver.",#Explorando #Cultura #Travel #Trip #SinFiltros,viajes
646,Próxima parada: hotelazo con unas vistas que flipas 🌍,#pasaporte #viajar,viajes
647,necesario hoy banco público seguro vamos podemos lleva plazo nombre hizo ningún ministerio hospital imagen sea puso pueda persona número obras r posibilidad lucha actividad congreso santiago especie niño salud son dejar organización vía encuentra caso muestra policía plan debido congreso mediante juez problema siete económica puso entrada recuerdo victoria trata niveles propios sido partidos igual según europa ya mejor habrá prueba mayo meses campo encima respecto e vista uno hace asociación pp objetivo época diez aquellos madrid paz administración ninguna productos padre muerte tipos imagen victoria capaz asimismo así ii banco primeros era garcía favor salud ciudad ellos tema zona condiciones elementos cosa siete plazo poner fácil club centros eso exterior producto campaña mil igual primero electoral europea quien cada etapa pasa todo i contra buscar van niveles formación dicen cultural sobre mar título al intereses señaló objetivo esas méxico diez presente aquellos superior nuestro modo estaban pregunta fin lenguaje podría ellos nada ocasión análisis servicios dios como efecto asunto experiencia prueba cara menos aparece encuentra efectos única sola cuanto tipo desde distintas futuro términos siguientes cabeza años hacen pueblo jamás humana llevar seis he hacen diferentes al energía local allí toma gobierno mediante podría opinión cuando poner una ejemplo precio algunas arriba eso relación características fondo ella contenido anterior comenzó acuerdo particular estos instituciones pedro ejemplo puesto sistemas poner mundial mundo militar incluso social llama demasiado ser fernando padre río mirada comunicación hija pasado conocimiento hijo te pone llega piel rosa cámara información voy sido economía arte se ocasiones intereses siendo parecía una viaje felipe opinión aire unión actividades semana joven director cuestión europa uno destino vamos p mis económica españoles local partidos ahora tiene maría españoles corazón fue centros televisión diversas vio zona asociación primero él momento cine llega fondo agua años duda teatro pp principios consumo teoría sean miguel volver podrá tiempo hacen mismos llevar cuba objeto alguien finalmente esto mañana valores tiene pueda violencia humana único medios último ésta actividades siendo tú demás posible caso problema partes visita son todo servicio b buscar últimos chile tierra señaló trata piel cómo hijos voluntad mesa derecho tengo últimos tratamiento don noviembre equipo espera alguien me hacía causa formas buen perdido diversas cosa debía valor conocimiento hacia humano hijos rodríguez primeros hospital tres nuevos puerto producto un real importancia suerte corte lejos instituciones pasó razones fuera tenemos principales militar importancia salud dado octubre vuelve respecto militares mayores pasar espera pública vía obstante seguir pueden cierto tras máximo blanco u que puntos algunas unidos pueden pregunta compañía dos vino nueva tan empresa éste ambiente dónde duda aún cuestión cultura caso través da cuarto tenemos presidente saber conciencia busca segundo sigue fuera pablo material destino conjunto todo ella queda nuevas modo material estructura ideas cuerpo resulta defensa soy boca méxico riesgo mis cuba allá pensar jamás sistemas elecciones marco ministro juego seis conocimiento propuesta presente nombre deja mayoría quiero relación apoyo sean obstante habría consejo través quien siempre puso quedó producto salir nos así muestra sigue señaló antonio ese proyectos problema revolución al acuerdo última hecho fuerte ahí tener expresión expresión sala existe efectos otro creo humano capacidad vista la tenido sus siquiera n amor riesgo nuestro no humanos pie película año varios o quería construcción podía manos puedo hechos partes diciembre había pensar mañana necesario personas economía fuego visita toda formación hubo hizo hecho parte especialmente apenas bien práctica mi está caso pie educación paso figura p respecto semana poner pp partes pesetas yo guerra verdad premio primer otro de espera cuatro estaban hubiera donde partes busca concepto zona llega llegar parte tenían a él amigos sector marcha señora dijo iba necesario buscar vista volver campo ayuda posición vez aparece defensa cual largo volver instituto minutos cuyo libre demás afirmó base un favor arte durante habla clase psoe congreso tenía toda marzo fuerte aún ocasiones somos último términos policía electoral sus quiere idea nivel noche ocasiones consejo tan generales estilo enfermedad día productos estudio flores salir grupo día informe control problemas b del del gobierno últimos josé fernando bastante imposible actividades cierta han acuerdo millones el vino sistemas torno sé las aún mundial objetivo e asunto presencia visita derechos cuales pp muestra creación europa hijos respecto bajo octubre silencio agua próximo intereses particular hacer favor esas plaza junto tema total unas fueron visita derecho ésta momento posición has color destino bastante mantener mira hubo julio van color asociación aire efectos les aunque estaba sean dejó mes anterior todas tampoco metros propuesta obras distintas embargo menor octubre varias datos hubo europa quiere orden área gente memoria políticas nunca formas director jorge ley corte estoy buenos ésta máximo capaz conocer tiempo asunto viene principios realidad mucho tras padre américa gonzález si atrás jóvenes violencia todas palabras pueda análisis libros llama único arriba consumo humana reunión tales compañía movimiento prensa humana europea acción ésta vivir diario tú mismos baja c asociación siendo tribunal suelo vio alguien había partidos recursos cabeza nunca vio nueva diez temas ciento han va ojos ambiente tanto fondo ahí piel agua están memoria pronto decisión objeto conjunto militar antonio plaza español conciencia ayer población esa diez muestra estaba puesto riesgo conocimiento cualquier visto próximo carta ejército capital bien ocasiones teoría ocasión siglo sea control noviembre en perdido menos ciudad policía dentro sabía energía pensar ella campaña g naturaleza cuales momentos temas vio pese ciento económica mil santiago naturaleza económico medida sistemas instituto ii corte ciento conocer actividades posible alrededor políticas todavía santiago hablar corte salir camino real cuenta fuego consecuencia recuerdo especie formas ver efecto haber vamos luego libertad conseguir es podía acuerdo tendrá c sus tipos atrás fuego pp especialmente que ser martín será punto destino lleva autor valor dos victoria ninguna la manera cine vuelta los rodríguez etapa ellas solo hasta siglo área p arte algo relaciones centros necesario cierto televisión manuel contrario perdido abril paciente instituto efecto ayuda tras reunión r conseguir idea josé será mundial muchos gran cara san existencia cabeza horas etc estilo apenas atrás curso sueño que cuarto centros razones capaz estaban pie carácter les otro futuro septiembre zonas servicios sector dos pese alguien blanca mucha hombre existe investigación tales junio valor s resulta mañana sistema muerte mundo da horas distintas hospital consumo libertad mano niños importancia cabo madrid principios evitar algunos razón medios cada lado estado posibilidades familia único cabo conciencia nueva relación historia sistema manuel partes ser con tal ella sentido año llama prueba niveles por nos sistemas rafael pese está otra podía chile considera amigo hacia mismo años militares medios joven mí esto puntos comenzó especial estados participación desarrollo acuerdo educación nuevo ejército felipe principales proyecto oficial concepto primeros población y través iglesia instituciones autor encuentra era sociales qué cuba movimiento estilo económico ellos conciencia centros viejo acción cuales fuego tengo media distintas fueron donde calidad semanas miguel última mañana fecha dado material persona adelante consumo términos mundo ya principios pedro militares teoría parece grupo posible buen obras pudo día habría pone alto fernando debía diversas ministerio sobre animales estados equipo con dios precio trabajar nada sea tal arriba texto hicieron imágenes dólares popular palabra sociales base luz aire nuestra madre tanto radio línea media e texto para g medio existen precio rosa cargo país debido seguro comisión aquella otros no mayoría años aún aquella nunca próximo ver idea mes segundo efectos podía sistemas juez iba habían se fuerzas presente plaza obstante hemos g presidente capacidad esto aquellas fuerza jefe llevar marzo artículo fecha necesidad unidos ocasión algunos metros actividad formas estado chile queda puesto caso julio proceso aquellas modelo exterior momentos trabajar verdad civil mercado posibilidad políticos busca día director formación dan población estudio tiene sangre todas materia p encuentra cámara partes años ayer pequeño hacen paso puntos militar todos sola papel importante decir derecha decisión mismo aquellos claro seguro mientras mismos baja usted puedo problema ciento fueron siquiera programa meses texto habla tratamiento mil dónde ideas quedó ambiente costa medio puede corazón lado ciudad sol tan tan puede año participación mira amigo veces prueba diversos ser sólo salud centros actual necesario revolución naturaleza felipe natural mucho conseguir ministro decisión diversos torno estudios cada luis especial línea peso posición amigos la objeto administración función aun teatro jamás señora van mayo pues salida pedro parte autor cada área ha quizá palabra reforma casa julio habría existen nadie concepto sabe podría central siguientes formación algo josé quién está través cómo pocos instituciones ellas contrario social seguro todas alguien ii bueno hablar profesional existe pública suelo ella posibilidad un animales blanca instituciones viejo agua director importante dejó solución estudio su aspecto lenguaje qué ex sean señaló ciencia alguna martín nadie junto contrario tomar grupo pedro esa autor éste jefe muchas defensa universidad tenían orden juez supuesto participación local cuanto efecto considera público b crisis seguro ésta pedro del finalmente consejo vuelta película rosa calidad vamos presenta conciencia voluntad por hicieron si primero pocos después bien flores cinco estaba mirada porque más francisco victoria corte llevar real miedo políticas mayo teatro dice vida padres tres él para blanca hora sido gracias quedó dado española esas segundo tales considera otra central poco principio soy cosas sido estados soy río soy segundo función casi actual entrar s parte había piel personas proyecto seis proceso derecha cuarto iglesia fuego mañana nombre haber llega perdido vino nuestros quizá momento finalmente tienen carácter cine habrá a generales características cultura estos político importantes primero semana torno seguro experiencia aumento siete línea otras importantes común crecimiento allá socialista jefe muy espacio nuevas podemos juicio rodríguez cine p hubiera presenta mundial antes nuevos construcción dios pueda las importante veces e presenta grupo día trabajo permite pp momento podemos aunque serán ambiente obstante final importancia blanco estilo plazo vez crisis entre su encuentro cuando cuando partes fácil respecto quien uso mayo dolor esos puerta informe república hacerlo hecho reunión estaban debe sea parece análisis noche unidos color orden manuel cinco orden amigo libertad medios debía francisco plan reunión principales n junio historia imagen cuales porque formas amor madrid acciones fuego consumo militares pocos cuenta son es ningún socialista curso españa grupo hacia abril pasado aunque jefe obstante tú verdad orden día revolución partidos él puso ellos mal e caso propio elecciones juego estas para amigos serán productos ante fuerzas qué carlos imposible interés pedro cámara universidad secretario autoridades sabía camino ese pone ocasión quiere actividades libro justicia sin hablar consecuencia garcía sea cuyo juan opinión interior fácil programa tanto elecciones pequeño militares carne conocer francisco efectos oficial militar oficial especial esos espera atrás crisis haya unos exterior presidente crecimiento sabía comunidad clase tenido casa estilo presencia diferentes resulta partido existencia allá mayoría teatro película programas fuera bajo concepto vuelve llama una participación programas al desde sea hubiera estudio aquellos voz algo aquel joven ahora argentina partidos también juez tener pequeña fue sean ello ella soy peso tribunal será destino texto derecho larga miembros poder d políticas pero superior público formación cabo señor grupos iglesia hora etc otros idea la plan razones fuera ley algunos tras me siglo mal mientras hora sus seis le produce tiene universidad jóvenes debía cambios mismos pedro humano economía mayor juicio esos hermano psoe dejó parecía también políticas encontrar imágenes llegar nuevos cambio acciones quizá tema s características podemos derecha temas estuvo este carne sabe primera queda parece esto méxico sus se esta medidas p se tú pequeña ambiente muy etapa organización propio resto visita recuerdo dado unos lucha además vuelta otros después libros problema opinión necesidad enero pregunta incluso misma ahora no diferentes alta misma nosotros razones empresa mucho millones militar soy forma propio cual cambio rodríguez desarrollo más plazo al políticas capaz director través artículo tomar pone dan texto cosa arte espera justicia unas final he fernando quien suficiente dijo área visita modelo más generales local jefe respecto cuarto política cuadro españoles obra juan mejores nueva plaza incluso serán semana posibilidades partidos comisión a sur tipos contrario popular algunas precio entrar materia sistemas condiciones importancia españoles ayer del iglesia cama productos tanto pesetas operación yo vuelve francia mujeres eso enfermedad deben y económica marcha quizá,#ruta #wanderlust #destino,viajes
648,Adivinad quién está en Lleida: jugando a las palas nivel profesional 10/10.,#Atardecer #Costa #Bronceado #Sol #Playa,playa
649,Sin excusas: agujetas nivel Dios después del entreno y mañana más.,,deporte
650,tortilla con cebolla siempre 🤤,#aove #casero #postres #comidasana,cocina
651,"escapada express, perdido en el metro de mali, ayuda no quiero volver.",,viajes
652,ese boss tiene una hitbox rotísima a llorar a la llorería.,,videojuegos
653,,#jetlag#destino#cultura,viajes
654,vuelta y vuelta en la tumbona como un filete 10/10.,#Isla #Desconexion #Olas,playa
655,"Increíble, el lag me ha arruinado la racha de viiiictorias a llorar a la llorería.",#PCGaming #Streamer,videojuegos
656,"Marchando, casi quemo la sarten pero ha quedado rico 🤤",#instafood #comidasana #recetadeldia #paella,cocina
657,"Pelos de punta, descubriendo joyitas indies en Spotify 🎵",#music #ritmo #rock,musica
658,"perdidos por santa cruz de tenerife, mochilaaa a la espalda y a tirar millas me mudo aquí.",,viajes
659,"escapada express, haciendo el check-in con amaya 😍",#Aventura #Mochileros,viajes
660,"wanderlust: perdido en el metro de eslovenia, ayuda 🌍",#Viajero#Travel#Paisaje#Naturaleza#Mochileros,viajes
661,"uff, stage 2 instalada y esto vuela qué locura.",#carporn,coches
662,"Gente, abriiiendo loot boxes y solo sale humo menuda estafa !!!!",#loot #lag #setup,videojuegos
663,"mirad qué pinta, masa madre fermentando, a ver el pan espectacular.",#Recetas,cocina
664,vaya tela: farmeando xp como un tryhard para hacer level up a llorar a la llorería.,#Gamer#Lag#Esports,videojuegos
665,"Increible, derrape guapo en la ultima rotonda 🔥 xd",#Exhaust#Mecanica#CarLife#Gas,coches
666,,#Fitness,deporte
667,"madre mía, vuelta y vuelta en la tumbona como un filete qué paz.",#Desconexion,playa
668,"Increible, lavado a mano para que brille la pintura 🚗💨",#Supercars#Drive#V8,coches
669,"Gente, carrileando a Leandra toda la partida menuda estafa.",#ProGamer,videojuegos
670,"hoy me he coronado: masa madre fermentando, a ver el pan a cenar!",#cocinando #tapas #paella #airfryer #aove,cocina
671,Ragequit inminente: abriendo loot boxes y solo sale humo 10/10 IGN.,#IndieGames,videojuegos
672,,#relax,playa
673,"Madre miiia, arena entre los dedos y a desconectar de todo y no necesito mas.",#chiringuito #relax #isla,playa
674,"día de piernas, el gymbro me ha fallado hoy sudando la gota gorda.",#workout #pr,deporte
675,Literalmente farmeando XP como un tryhard para hacer level up xd lol,,videojuegos
676,,,cocina
677,"increíble lo de hoy en huelva, marcando un hat-trick para salvar el partido sudando la gota gorda.",#Cardio #Fitness #Gimnasio,deporte
678,interior de cuero espectacular 🔥 xd,#Motor #Cars #MotorSport,coches
679,,#Vuelos #Paisaje #Turismo,viajes
680,"pelos de punta, sacando unos acordes con la acústica nueva magia pura.",#Bateria#Vibras#Cantando#Concierto,musica
681,Vaya tela: ese boss tiene una hitbox rotísima F en el chat.,#Setup #IndieGames,videojuegos
682,"Día de piernas, nuevo PR en peso muerto, a tope sudando la gota gorda.",#vidasana #beastmode #running,deporte
683,derrape guapo en la última rotonda qué locura.,#Motor #Cars #Drive #Llantas,coches
684,XhJIaAfjB16JwiE5royf4JN2fTtsf8vsrv62phnRubiCyCsqGk7n9hpSZJJclPSUZNZOKvjGcWhiw9,#DJ#Rock#Indie#Guitarra#Concierto,musica
685,ragequit inminente: han nerfeado a mi main otra vez f en el chat.,#rpg,videojuegos
686,"GG, abriendo loot boxes y solo sale humo menuda estafa.",,videojuegos
687,"Increible, el motor V8 rugiendo como una bestia gasss.",#racing #exhaust #llantas #v8,coches
688,"jet lag activado, pagando un café a precio de turista no quiero volver.",#Viajero #RoadTrip #Cultura #Ruta,viajes
689,"escapada express, turisteando sin parar, me duelen los pies ✈️",#JetLag,viajes
690,"Pelos de punta, descubriendo joyitas indies en Spotify 🔥",#Pop #Acustico #Melodia,musica
691,"Hoy toca ruta por Castellón, pasando la ITV de puro milagro gasss.",#Ruta #V6,coches
692,"hoy me he coronado: masa madre fermentando, a ver el pan espectacular jajaja",#postres #tapas,cocina
693,"Próxima parada: perdido en el metro de Antigua y Barbuda, ayuda 😍",#pasaporte#paisaje#ruta#sinfiltros,viajes
694,"Madre mía el nuevo disco, los graves de este altavoz me hacen vibrar no puedo parar de escucharlo.",,musica
695,"Madre mía, pillando unas olas increíbles 10/10.",,playa
696,,#cultura #destino,viajes
697,"Hoy toca sufrir, el gymbro me ha fallado hoy a tope.",#Cardio#Fitness,deporte
698,"corriendo 10km en ayunas, reventado no pain no gain.",,deporte
699,recetón en madrid: emplatando nivel estrella michelin 🤤,,cocina
700,"uff, stage 2 instalada y esto vuela me encanta.",#Caballos,coches
701,"mirad esta joya, stage 2 instalada y esto vuela me encanta !!!!",,coches
702,"Increible lo de hoy en Segovia, corriendo 10km en ayunas, reventado no pain no gain.",#Salud,deporte
703,"jet lag activado, turisteando sin parar, me duelen los pies ✈️",#Ruta #Travel #Naturaleza #Trip,viajes
704,"brum brum, interior de cuero espectacular puro vicio.",#JDM #MotorSport #CochesClasicos #CarPorn #Drifting,coches
705,"Día de piernas, comiendo arroz y pollo, modo volumen no pain no gain.",#baloncesto #gimnasio #running,deporte
706,"madre mía el nuevo disco, flow espectacular en el escenario magia pura.",#Bateria#Cantando#Indie#Guitarra#Ritmo,musica
707,"Escapada express, hotelazo con unas vistas que flipas ✈️",#Mochileros #Naturaleza #Pasaporte #Escapada,viajes
708,,#Gastronomia #Postres,cocina
709,en directo desde vizcaya: sacandoooo unos acordes con la acústica nueva no puedo parar de escucharlo.,#Acustico,musica
710,en bucle: sacando unos acordes con la acustica nueva magia pura.,,musica
711,Hoy me he coronado: estrenando la airfryer con unas patatas brutal.,#Gastronomia #Casero #Foodie,cocina
712,el agua está helada pero me he bañado igual y no necesito más...,#olas #mojito #paraiso,playa
713,"increible lo de hoy en guipuzcoa, nuevo pr en peso muerto, a tope sudando la gota gorda.",#salud #maraton #running,cocina
714,pagando un café a precio de turista wanderlust total.,#Mochileros,viajes
715,"Por fin, postureo máximo en la orilla con Felicia 10/10.",#relax,playa
716,pillando unas olas increíbles 😎,#Vistas #Relax #Chiringuito,playa
717,"madre mía el nuevo disco, sacando unos acordes con la acústica nueva 🔥",#Acustico #Festival #Flow #Music #Melodia,musica
718,literalmente jugando a las palas nivel profesional 🌊,#Bikini #Paraiso #Mar #Atardecer,playa
719,Experimentando en la cocina: estrenando la airfryer con unas patatas brutal.,#comidasana #dulce #postres #yummy #instafood,cocina
720,,#Festival#Temazo,musica
721,"Mirad esta joya, el motor V8 rugiendo como una bestia 🔥",,coches
722,Literalmente postureo maximo en la orilla con Jordi 10/10.,#costa#playa#paraiso#olas,playa
723,,#pop,musica
724,"Día de piernas, comiendo arroz y pollo, modo volumen y mañana más.",#futbol #crossfit #vidasana,deporte
725,"jet lag activado, pagando un café a precio de turista me mudo aquí.",#viajar #sinfiltros #mochileros #escapada,viajes
726,"jet lag activado, turisteando sin parar, me duelen los pies ✈️ !!!!",#explorando #roadtrip #trip #ruta #viajar,viajes
727,"Escapada express, probando street food de dudosa procedencia me mudo aquí.",#Travel #Escapada,viajes
728,tarde perfecta en el chiringuito con un mojito qué paz.,#Vistas #Mar #Verano,playa
729,"temazo, los graves de este altavoz me hacen vibrar no puedo parar de escucharlo.",#Acustico #Bateria #Concierto #Temazo #MusicaEnVivo,musica
730,Wanderlust: probando street food de dudosa procedencia 😍,#Pasaporte #Ruta #Destino #Turismo,viajes
731,"Adivinad quién está en Zamora: modo cangrejo activado, me he quemado entero a vivir la vida.",#desconexion #chiringuito,playa
732,en directo desde alava: desafinando en el coche a pleno pulmon 🎸,#vinilo,musica
733,"Increíble lo de hoy en Almería, agujetas nivel Dios después del entreno 🥵",#maraton #workout #beastmode #padel,deporte
734,partidazo de pádel con María Dolores victoria!,#healthy,deporte
735,"Gente, bugeado en la pared, genial el parche menuda estafa.",#xbox #lag,videojuegos
736,interior de cuero espectacular qué locura...,#exhaust,coches
737,Modo vacaciones: postureo máximo en la orilla con León 😎,#Playa#Sol,playa
738,"Día de piernas, agujetas nivel Dios después del entreno 💪",#Fuerza,deporte
739,recetón en zaragoza: dejando el guiso al chup-chup horas a cenar!,#Sabor #Gourmet #Foodie #Tapas #Postres,cocina
740,Vamos equipo! el gymbro me ha fallado hoy no pain no gain.,#entreno#workout#futbol,deporte
741,pasando la itv de puro milagro 🔥 jajaja,,coches
742,Modo vacaciones: tarde perfecta en el chiringuito con un mojito 🌊,#Desconexion #Paraiso #Vacaciones #Snorkel #Olas,playa
743,"Temazo, desafinando en el coche a pleno pulmón 🎶 lol",#MusicaEnVivo #Urbano #Festival #Ritmo,musica
744,"Vamos equipo! nuevo PR en peso muerto, a tope 🥵",,deporte
745,"Uff, lavado a mano para que brille la pintura qué locura jajaja",,coches
746,"Vamos equipo! nuevo PR en peso muerto, a tope y mañana más.",#BeastMode #PR #Maraton #Running #Padel,deporte
747,haciendo el check-in con evelia wanderlust total lol,#RoadTrip,viajes
748,,,playa
749,,,viajes
750,graficos de locos con el ray tracing menuda estafa.,#indiegames,videojuegos
751,"Increíble lo de hoy en Córdoba, agujetas nivel Dios después del entreno victoria!",#Running,deporte
752,"temazo, los graves de este altavoz me hacen vibrar 🎶",#vibras,musica
753,"jet lag activado, turisteando sin parar, me duelen los pies 😍",#mochileros #viajero,viajes
754,"Hoy toca sufrir, el arbitro nos ha robado descaradamente 💪",#Padel,deporte
755,"Escapada express, probando street food de dudosa procedencia me mudo aquí.",#turismo #pasaporte #vuelos #ruta #roadtrip,viajes
756,un buen chorrito de AOVE y listo espectacular...,#Salado #Sabor #Gastronomia,cocina
757,"Increíble, lavado a mano para que brille la pintura gasss !!!!",#velocidad #tuning #supercars #carlife,coches
758,"Uff, el motor V8 rugiendo como una bestia xd...",,coches
759,"gg, bugeado en la pared, genial el parche menuda estafa.",#Esports #RPG #Loot,videojuegos
760,"Por fin, modo cangrejo activado, me he quemado entero jaja.",#Mar #Chiringuito #Arena,playa
761,han nerfeado a mi main otra vez 🕹️ !!!!,,videojuegos
762,Literalmente farmeando XP como un tryhard para hacer level up xd.,#RPG #Esports,videojuegos
763,sin excusas: agujetas nivel dios después del entreno 🥵,#cardio #fuerza #futbol #baloncesto,deporte
764,"vamos equipo! corriendo 10km en ayunas, reventado sudando la gota gorda.",#Fuerza #Fitness #Gym #BeastMode,deporte
765,agujetas nivel Dios después del entreno sudando la gota gorda !!!!,#Gimnasio #Gym,deporte
766,Recetón en Burgos: un buen chorrito de AOVE y listo ñam ñam...,,cocina
767,experimentando en la cocina: estrenando la airfryer con unas patatas 👨‍🍳,,cocina
768,Próxima parada: pagando un café a precio de turista wanderlust total xd,#Naturaleza #Explorando #Pasaporte #Destino,viajes
769,"nuevo PR en peso muerto, a tope no pain no gain.",#PR#Running#Cardio,deporte
770,vamos equipo! agujetas nivel dios después del entreno no pain no gain.,,deporte
771,,,deporte
772,"Temazo, sacando unos acordes con la acústica nueva increíble.",#Bateria #Vinilo #Temazo #Ritmo,musica
773,"Día de piernas, marcando un hat-trick para salvar el partido 🥵",#Baloncesto #NoPainNoGain #Cardio #Futbol #Workout,deporte
774,"Día de piernas, partidazo de pádel con Ricardo 🥵",#beastmode#atleta#nopainnogain#gimnasio,deporte
775,Literalmente tarde perfecta en el chiringuito con un mojito y no necesito mas.,#verano#chiringuito#sol#atardecer#postu,playa
776,afinando la batería para el bolo increíble.,#vinilo,musica
777,"brum brum, lavado a mano para que brille la pintura puro vicio.",#Drive #CochesClasicos #Llantas,coches
778,vamos equipo! marcando un hat-trick para salvar el partido victoria!,#Gimnasio,deporte
779,"wanderlust: perdido en el metro de kazajstán, ayuda me mudo aquí xd",#cultura #viajero,viajes
780,Ragequit inminente: carrileando a José María toda la partida a llorar a la llorería.,,videojuegos
781,En bucle: sacando unos acordes con la acústica nueva 🔥...,#Ritmo#MusicaEnVivo#Guitarra#Live#Flow,musica
782,"gente, han nerfeado a mi main otra vez 10/10 ign jajaja",#GGWP #Nintendo #Twitch,videojuegos
783,"Hoy toca ruta por Las Palmas, pasando la ITV de puro milagro puro vicio.",#cars #carporn #llantas #gas #exhaust,coches
784,Experimentando en la cocina: tortilla con cebolla siempre brutal.,#aove #realfood #instafood #recetas,cocina
785,"Increíble, carrileando a Pelayo toda la partida xd.",,videojuegos
786,"madre mia el nuevo disco, afinando la bateria para el bolo 🎶",#live,musica
787,"Hoy toca ruta por Castellón, interior de cuero espectacular xd !!!!",#Gas #CarLife #CochesClasicos,coches
788,"Increible, pasando la ITV de puro milagro puro vicio.",#CarPorn #CochesClasicos #Ruta,coches
789,pagando un cafe a precio de turista ✈️,#Trip#SinFiltros,viajes
790,Vamos equipo! el árbitro nos ha robado descaradamente 🥵,#Gym #Fuerza,deporte
791,"pelos de punta, los graves de este altavoz me hacen vibrar 🎶",,musica
792,"temazo, descubriendo joyiiiiitas indies en spotify 🔥",#Concierto,musica
793,probando street food de dudosa procedencia no quiero volver !!!!,#Viajero #Trip #Mochileros #Ruta #SinFiltros,viajes
794,vamos equipo! el arbitro nos ha robado descaradamente 🥵,#Padel #Entreno #Baloncesto,deporte
795,,,viajes
796,en directo desde soria: flow espectacular en el escenario 🎵,#vibras #guitarra #spotify #live,musica
797,"Increíble lo de hoy en Baleares, el gymbro me ha fallado hoy 🥵 !!!!",#fitness,deporte
798,tarde perfecta en el chiringuito con un mojito a vivir la vida !!!!,#Playa #Arena,playa
799,Qué ganas de esto: arena entre los dedos y a desconectar de todo 😎,#desconexion #sol #relax #bikini,playa
800,"Madre mía, jugando a las palas nivel profesional 🌊",,playa
801,"Brum brum, la gasolina a precio de oro pero sigo dandole cana puro vicio !!!!",#Drifting #CarLife #Mecanica #Motor #Turbo,coches
802,"Madre mía el nuevo disco, flow espectacular en el escenario 🎶",#CancionDelDia,musica
803,Proxima parada: pagando un cafe a precio de turista 😍,#turismo,viajes
804,"marchando, emplatando nivel estrella michelin ñam ñam.",,cocina
805,vamos equipo! el arbitro nos ha robado descaradamente y manana mas.,#vidasana #fitness,deporte
806,,#Turbo #Ruta,coches
807,literalmente el lag me ha arruinado la racha de victorias f en el chat.,#pcgaming #nintendo #ggwp #xbox #streamer,videojuegos
808,,#RecetaDelDia #Paella #Salado #ComidaSana,cocina
809,el arbitro nos ha robado descaradamente victoria!,,deporte
810,"Pelos de punta, sacando unos acordes con la acústica nueva 🎸 xd",#concierto #dj #flow #bateria,musica
811,Hoy me he coronado: casi quemo la sartén pero ha quedado rico ñam ñam.,#ComidaSana #Paella #Airfryer,cocina
812,"Wanderlust: turisteando sin parar, me duelen los pies wanderlust total.",,viajes
813,"GG, el lag me ha arruinado la racha de victorias xd.",,videojuegos
814,,#Mochileros #Viajar #Turismo,viajes
815,"Brum brum, el motor V8 rugiendo como una bestia 🚗💨",#drifting #cochesclasicos #motor,coches
816,"madre mía, pillando unas olas increíbles a vivir la vida.",#Paraiso #Vacaciones #Mar #Isla #Verano,playa
817,En directo desde Albacete: los graves de este altavoz me hacen vibrar 🔥,#Bateria#Melodia,musica
818,Qué ganas de esto: pillando unas olas increíbles 🌊,#calor #olas #costa,playa
819,"Gente, bugeado en la pared, genial el parche menuda estafa.",#Esports #Nintendo,videojuegos
820,"hoy toca sufrir, comiendo arroz y pollo, modo volumen sudando la gota gorda.",#motivacion,deporte
821,"madre mía, arena entre los dedos y a desconectar de todo qué paz.",#Bikini#Arena,playa
822,Adivinad quién está en Huelva: jugando a las palas nivel profesional y no necesito más.,#verano #snorkel #atardecer #playa #calor,playa
823,experimentando en la cocina: dejando el guiso al chup-chup horas espectacular.,,cocina
824,emplatando nivel estrella michelin se me hace la boca agua.,#gastronomia #tapas,cocina
825,hoy me he coronado: un buen chorrito de aove y listo se me hace la boca agua.,#foodie,cocina
826,que ganas de esto: pillando unas olas increibles 🌊,#Postu,playa
827,"increible lo de hoy en vizcaya, comiendo arroz y pollo, modo volumen 💪 xd",,deporte
828,el árbitro nos ha robado descaradamente 🥵 xd,,deporte
829,el árbitro nos ha robado descaradamente 💪,#beastmode #atleta #baloncesto,deporte
830,"hoy toca ruta por cantabria, derrape guapo en la última rotonda 🚗💨",#Turbo #V8,coches
831,"mirad qué pinta, emplatando nivel estrella michelin 👨‍🍳",#recetas #casero #vegano #tapas,cocina
832,"nuevo pr en peso muerto, a tope victoria!",#Maraton#Motivacion#VidaSana#Healthy,deporte
833,"Vaya tela: bugeado en la pared, genial el parche 10/10 IGN.",#Xbox #Tryhard #Noob,videojuegos
834,"gente, han nerfeado a mi main otra vez 🕹️",#pcgaming#indiegames,videojuegos
835,"Perdidos por Santa Cruz de Tenerife, probando street food de dudosa procedencia 😍",#destino #viajero #naturaleza #ruta #pasaporte,viajes
836,casi quemo la sartén pero ha quedado rico 🤤,#airfryer #sabor #postres #recetas,cocina
837,"marchando, paella dominguera espectacular espectacular lol",#vegano #airfryer #tapas #recetadeldia #aove,cocina
838,"Pelos de punta, flow espectacular en el escenario 🎶",#Bateria #Melodia #Guitarra #Acustico,musica
839,plazo plazo plazo plazo plazo plazo plazo plazo plazo plazo plazo plazo plazo plazo plazo plazo plazo plazo plazo plazo plazo plazo plazo plazo plazo plazo plazo plazo plazo plazo plazo plazo plazo plazo plazo plazo plazo plazo plazo plazo plazo plazo plazo plazo plazo plazo plazo plazo plazo plazo plazo plazo plazo plazo plazo plazo plazo plazo plazo plazo plazo plazo plazo plazo plazo plazo plazo plazo plazo plazo plazo plazo plazo plazo plazo plazo plazo plazo plazo plazo plazo plazo plazo plazo plazo plazo plazo plazo plazo plazo plazo plazo plazo plazo plazo plazo plazo plazo plazo plazo plazo plazo plazo plazo plazo plazo plazo plazo plazo plazo plazo plazo plazo plazo plazo plazo plazo plazo plazo plazo plazo plazo plazo plazo plazo plazo plazo plazo plazo plazo plazo plazo plazo plazo plazo plazo plazo plazo plazo plazo plazo plazo plazo plazo plazo plazo plazo plazo plazo plazo plazo plazo plazo plazo plazo plazo plazo plazo plazo plazo plazo plazo plazo plazo plazo plazo plazo plazo plazo plazo plazo plazo plazo plazo plazo plazo plazo plazo plazo plazo plazo plazo plazo plazo plazo plazo plazo plazo plazo plazo plazo plazo plazo plazo plazo plazo plazo plazo plazo plazo plazo plazo plazo plazo plazo plazo plazo plazo plazo plazo plazo plazo plazo plazo plazo plazo plazo plazo plazo plazo plazo plazo plazo plazo plazo plazo plazo plazo plazo plazo plazo plazo plazo plazo plazo plazo plazo plazo plazo plazo plazo plazo plazo plazo plazo plazo plazo plazo plazo plazo plazo plazo plazo plazo plazo plazo plazo plazo plazo plazo plazo plazo plazo plazo plazo plazo plazo plazo plazo plazo plazo plazo plazo plazo plazo plazo plazo plazo plazo plazo plazo plazo plazo plazo plazo plazo plazo plazo plazo plazo plazo plazo plazo plazo plazo plazo plazo plazo plazo plazo plazo plazo plazo plazo plazo plazo plazo plazo plazo plazo plazo plazo plazo plazo plazo plazo plazo plazo plazo plazo plazo plazo plazo plazo plazo plazo plazo plazo plazo plazo plazo plazo plazo plazo plazo plazo plazo plazo plazo plazo plazo plazo plazo plazo plazo plazo plazo plazo plazo plazo plazo plazo plazo plazo plazo plazo plazo plazo plazo plazo plazo plazo plazo plazo plazo plazo plazo plazo plazo plazo plazo plazo plazo plazo plazo plazo plazo plazo plazo plazo plazo plazo plazo plazo plazo plazo plazo plazo plazo plazo plazo plazo plazo plazo plazo plazo plazo plazo plazo plazo plazo plazo plazo plazo plazo plazo plazo plazo plazo plazo plazo plazo plazo plazo plazo plazo plazo plazo plazo plazo plazo plazo plazo plazo plazo plazo plazo plazo plazo plazo plazo plazo plazo plazo plazo plazo plazo plazo plazo plazo plazo plazo plazo plazo plazo plazo plazo plazo plazo plazo plazo plazo plazo plazo plazo plazo plazo plazo plazo plazo plazo plazo plazo plazo plazo plazo plazo plazo plazo plazo plazo plazo plazo plazo plazo plazo plazo plazo plazo plazo plazo plazo plazo plazo plazo plazo plazo plazo plazo plazo plazo plazo plazo plazo plazo plazo plazo plazo plazo plazo ,,deporte
840,Experimentando en la cocina: emplatando nivel estrella Michelin se me hace la boca agua.,#gastronomia#cocinando,cocina
841,"Vamos equipo! nuevo PR en peso muerto, a tope 💪",#vidasana #cardio #fuerza #atleta,deporte
842,"perdido en el metro de Liechtenstein, ayuda 😍",#Viajero #RoadTrip #Pasaporte #Travel #Ruta,viajes
843,postureo máximo en la orilla con Maximiano a vivir la vida.,,playa
844,en bucle: desafinando en el coche a pleno pulmón magia pura.,#temazo #flow,musica
845,"Madre mía, tarde perfecta en el chiringuito con un mojito qué paz.",#vistas #paraiso #mojito,playa
846,Recetón en Ciudad: emplatando nivel estrella Michelin 🤤,#recetas #aove #masterchef #dulce #yummy,cocina
847,"perdidos por tarragona, turisteando sin parar, me duelen los pies wanderlust total.",#ruta #explorando #travel,viajes
848,,#Motivacion #Padel #PR,deporte
849,recetón en burgos: paella dominguera espectacular brutal.,#Vegano,cocina
850,enamorado de este bicho: pasando la itv de puro milagro me encanta.,#Mecanica #CarPorn #Motor #Tuning,coches
851,"increible, graficos de locos con el ray tracing menuda estafa jajaja",#Loot #Discord,videojuegos
852,Sin excusas: el arbitro nos ha robado descaradamente 💪,#Workout #Baloncesto #Padel #Futbol,deporte
853,"Mirad esta joya, interior de cuero espectacular gasss.",#Velocidad#V6#Mecanica,coches
854,"Jet lag activado, hotelazo con unas vistas que flipas no quiero volver...",#RoadTrip #JetLag #Turismo #Pasaporte,viajes
855,Recetón en Guadalajara: paella dominguera espectacular espectacular.,#Paella #ComidaSana #Masterchef #Foodie,cocina
856,en directo desde lugo: descubriendo joyitas indies en spotify increíble !!!!,#canciondeldia #festival #guitarra #spotify #rock,musica
857,"uff, la gasolina a precio de oro pero sigo dándole caña me encanta.",#CarPorn #Racing #Exhaust #Cars,coches
858,el motor v8 rugiendo como una bestia qué locura.,,coches
859,paella dominguera espectacular a cenar! jajaja,,cocina
860,"por fin, jugando a las palas nivel profesional 🌊",,playa
861,adivinad quién está en melilla: tarde perfecta en el chiringuito con un mojito 10/10.,#Relax #Costa #Bikini #Bronceado,playa
862,"Gente, farmeando XP como un tryhard para hacer level up 🕹️",#RPG #Lag #Noob,videojuegos
863,"increíble, lavado a mano para que brille la pintura me encanta...",#llantas #cochesclasicos #carlife,coches
864,"temazo, los graves de este altavoz me hacen vibrar no puedo parar de escucharlo.",#musicaenvivo #live #urbano,musica
865,"mirad esta joya, stage 2 instalada y esto vuela gasss.",#ruta #llantas #gas #tuning #v8,coches
866,vamos equipo! partidazoooo de pádel con humberto no pain no gain.,#healthy,deporte
867,Modo vacaciones: arena entre los dedos y a desconectar de todo 🌊,#snorkel #vacaciones,playa
868,"Uff, lavado a mano para que brille la pintura xd",#V6#JDM#Motor#Racing#Cars,coches
869,"Hoy toca ruta por La Rioja, pasando la ITV de puro milaaaagro 🚗💨",#carporn #tuning #llantas,coches
870,vamos equipo! el arbitro nos ha robado descaradamente victoria!,,deporte
871,"Por fin, vuelta y vuelta en la tumbona como un filete jaja !!!!",#olas #bikini #atardecer #playa #mojito,playa
872,Enamorado de este bicho: pasando la ITV de puro milagro xd,#Racing #MotorSport #Supercars,coches
873,"madre mía el nuevo disco, los graves de este altavoz me hacen vibrar 🔥",,musica
874,"Marchando, estrenando la airfryer con unas patatas a cenar!",#chef #aove #masterchef #airfryer #instafood,cocina
875,En bucle: desafinando en el coche a pleno pulmon 🎸,#CancionDelDia #Concierto #Music,musica
876,"mirad esta joya, interior de cuero espectacular puro vicio.",#cars #drive #exhaust #tuning,coches
877,casi quemo la sartén pero ha quedado rico se me hace la boca agua.,#recetas,cocina
878,literalmente jugando a las palas nivel profesional jaja lol,#Bronceado,playa
879,jugando a las palas nivel profesional jaja.,#paraiso #chiringuito #costa #vistas,playa
880,"mirad qué pinta, casi quemo la sartén pero ha quedado rico ñam ñam.",#AOVE,cocina
881,"cambiando aceite y llantas, ahora sí impone 🚗💨",#mecanica,coches
882,"brum brum, el motor v8 rugiendo como una bestia 🔥",,coches
883,marcando un hat-trick para salvar el partido no pain no gain...,#Salud,deporte
884,enamorado de este bicho: pasando la itv de puro milagro xd xd,#cochesclasicos#tuning,coches
885,Sin excusas: agujetas nivel Dios despues del entreno a tope.,#Fitness #Salud #Motivacion #Fuerza,deporte
886,"gg, han nerfeado a mi main otra vez xd.",#setup #pcgaming #gaming,videojuegos
887,"Madre mía, arena entre los dedos y a desconectar de todo jaja !!!!",#Calor #Desconexion #Chiringuito #Bronceado,playa
888,"Pelos de punta, los graves de este altavoz me hacen vibrar 🔥",#live #indie #concierto #bateria,musica
889,Hoy me he coronado: paella dominguera espectacular brutal.,#aove #vegano #dulce,cocina
890,"increible, abriendo loot boxes y solo sale humo xd.",#Nintendo #Tryhard #Discord #Gamer #Esports,videojuegos
891,"Temazo, desafinando en el coche a pleno pulmon 🎵",#Indie #MusicaEnVivo,musica
892,Experimentando en la cocina: emplatando nivel estrella Michelin 🤤...,#postres #comidasana,cocina
893,"adivinad quien esta en huesca: modo cangrejo activado, me he quemado entero a vivir la vida !!!!",#desconexion #calor,playa
894,"increíble lo de hoy en álava, agujetas nivel dios después del entreno y mañana más.",#running #cardio #gym #fuerza,deporte
895,"modo cangrejo activado, me he quemado entero a vivir la vidaaaaa lol",,playa
896,arena entre los dedos y a desconectar de todo 😎...,#postu #playa,playa
897,"hoy toca ruta por lleida, derrape guapo en la última rotonda puro vicio.",,coches
898,adivinad quien esta en cadiz: jugando a las palas nivel profesional jaja lol,#Brisa #Bronceado,playa
899,Literalmente jugando a las palas nivel profesional qué paz.,#Vistas,playa
900,han nerfeado a mi main otra vez 10/10 ign xd,#indiegames #retrogaming #ggwp #noob #tryhard,videojuegos
901,,,musica
902,Recetón en Soria: paella dominguera espectacular a cenar!,#sabor,cocina
903,"jet lag activado, perdido en el metro de lesotho, ayuda 🌍",#Cultura,viajes
904,En directo desde Teruel: descubriendo joyitas indies en Spotify magia pura.,#concierto,musica
905,"Día de piernas, partidazo de pádel con Benita victoria!",#NoPainNoGain #Gym,deporte
906,"Increíble lo de hoy en León, partidazo de pádel con León 🥵",#entreno #salud #running,deporte
907,Literalmente gráficos de locos con el ray tracing F en el chat.,,videojuegos
908,tortilla con cebolla siempre 🤤,#Gourmet,cocina
909,"bugeado en la pared, genial el parche a llorar a la lloreria.",#RetroGaming #RPG #Nintendo #Lag,videojuegos
910,"escapada express, hotelazo con unas vistas que flipas 😍",#travel#aventura,viajes
911,"hoy toca ruta por león, lavado a mano para que brille la pintura 🚗💨",#Drive,coches
912,,#aventura #destino #ruta #paisaje #wanderlust,viajes
913,"escapada express, perdido en el metro de jamaica, ayuda ✈️",#sinfiltros,viajes
914,"Uff, la gasolina a precio de oro pero sigo dándole caña 🔥",#cars #drive #turbo #mecanica #caballos,coches
915,Literalmente ese boss tiene una hitbox rotisima menuda estafa lol,#tryhard #nintendo #gamer,videojuegos
916,"increíble, el lag me ha arruinado la racha de victorias 10/10 ign.",#indiegames #nintendo,videojuegos
917,el motor v8 rugiendo como una bestia xd,#Drive #CarPorn #Tuning #Velocidad #Exhaust,coches
918,"temazo, afinando la bateria para el bolo 🎵",#festival #live,musica
919,"Perdidos por Baleares, probando street food de dudosa procedencia no quiero volver.",#Escapada #Viajar #JetLag #Turismo,viajes
920,Wanderlust: probando street food de dudosa procedencia wanderlust total.,#Wanderlust#Escapada,viajes
921,Wanderlust: haciendo el check-in con Edu wanderlust total.,#mochileros #vuelos,viajes
922,Recetón en Valencia: dejando el guiso al chup-chup horas se me hace la boca agua.,#cocinando #recetas #postres #aove #airfryer,cocina
923,han nerfeado a mi main otra vez 10/10 IGN.,#shooter #twitch #pcgaming,videojuegos
924,"Pelos de punta, descubriendo joyitas indies en Spotify no puedo parar de escucharlo.",#MusicaEnVivo,musica
925,"Increíble, ese boss tiene una hitbox rotísima 🕹️ xd",,videojuegos
926,"Temazo, desafinando en el coche a pleno pulmón no puedo parar de escucharlo.",#vibras,musica
927,Ragequit inminente: gráficos de locos con el ray tracing 🕹️,#noob #pcgaming #xbox #nintendo,videojuegos
928,adivinad quien esta en pontevedra: postureo maximo en la orilla con paula que paz...,#Mojito #Costa,playa
929,,,musica
930,,#Twitch,videojuegos
931,experimentando en la cooocina: emplatando nivel estrella michelin espectacular xd,#realfood#dulce#salado#instafood,cocina
932,"hoy toca ruta por guadalajara, pasando la itv de puro milagro me encanta.",#cars#v8#turbo,coches
933,afinando la bateria para el bolo increible !!!!,#music #concierto #spotify,musica
934,"Sin excusas: comiendo arroz y pollo, modo volumen 💪",#gym,deporte
935,abriendo loot boxes y solo sale humo 🎮 jajaja,#Shooter #Noob #Nintendo #Esports #Discord,videojuegos
936,"Escapada express, pagando un café a precio de turista me mudo aquí.",#Ruta #Trip #Viajar,viajes
937,"Gente, bugeado en la pared, genial el parche F en el chat.",#Nintendo #Noob #Loot #RetroGaming,videojuegos
938,,#noob,videojuegos
939,"jet lag activado, pagando un café a precio de turista me mudo aquí.",#jetlag #destino #paisaje #vuelos #wanderlust,viajes
940,experimentando en la cocina: un buen chorrito de aove y listo 👨‍🍳,#realfood #postres,cocina
941,En directo desde Lleida: sacando unos acordes con la acustica nueva 🎵,,musica
942,"perdidos por soria, turisteando sin parar, me duelen los pies qué maravilla.",,viajes
943,Recetón en Badajoz: un buen chorrito de AOVE y listo brutal.,,cocina
944,,#aventura,viajes
945,"Día de piernas, partidazo de pádel con Victoriano no pain no gain lol",#salud #fitness #pr #running,deporte
946,lVgW85iv0JC1D2VTtOkmfupIGL,#paraiso #playa,playa
947,"mirad esta joya, cambiando aceite y llantas, ahora si impone 🔥",#v8,coches
948,"increíble, abriendo loot boxes y solo sale humo 10/10 ign.",#PCGaming,videojuegos
949,"Hoy toca sufrir, marcando un hat-trick para salvar el partido victoria! xd",#Fitness #Motivacion #NoPainNoGain #Gimnasio #Futbol,deporte
950,el agua está helada pero me he bañado igual 🌊,#Arena #Postu #Brisa,playa
951,Ragequit inminente: farmeando XP como un tryhard para hacer level up xd.,#Tryhard #Loot,videojuegos
952,"hoy toca ruta por avila, derrape guuuuapo en la ultima rotonda puro vicio jajaja",#gas #exhaust #turbo,coches
953,"increíble, bugeado en la pared, genial eeeel parche 🕹️",#shooter #retrogaming #noob #lag,videojuegos
954,vaya tela: han nerfeado a mi main otra vez 🎮,#progamer #nintendo #discord #lag,videojuegos
955,sacando unos acordes con la acustica nueva increible.,,musica
956,"madre mía, jugando a las palas nivel profesional 🌊",#paraiso,playa
957,Adivinad quién está en Asturiiiiias: el agua está helada pero me he bañado igual 🌊,,playa
958,adivinad quién está en álava: pillando unas olas increíbles 🌊,#desconexion #brisa #bikini,playa
959,"Escapada express, turisteando sin parar, me duelen los pies no quiero volver.",#pasaporte #roadtrip #viajar #paisaje #cultura,viajes
960,"mirad qué pinta, paella dominguera espectacular ñam ñaaam !!!!",#airfryer,cocina
961,"vaya tela: bugeado en la pared, genial el parche 🎮",#Esports #Streamer,videojuegos
962,"escapada express, hotelaaaaazo con unas vistas que flipas 🌍",#Viajero #Ruta #Turismo #SinFiltros #Naturaleza,viajes
963,"Gente, el lag me ha arruinado la racha de victorias xd.",#PCGaming #PlayStation #RetroGaming #IndieGames,videojuegos
964,,#mojito #arena #desconexion #brisa #olas,playa
965,"Jet lag activado, perdido en el metro de Zimbabwe, ayuda ✈️",#RoadTrip #Explorando #Naturaleza,viajes
966,"Increible, graficos de locos con el ray tracing 🎮...",#LevelUp #Setup #Discord,videojuegos
967,Hoy me he coronado: dejando el guiso al chup-chup horas nam nam.,#aove,cocina
968,"increíble lo de hoy en jaén, partidazo de pádel con máxima y mañana más.",#gimnasio#fuerza#entreno,deporte
969,Sin excusas: agujetas nivel Dios despues del entreno 💪,#Atleta #Gym #Cardio #Baloncesto,deporte
970,"día de piernas, marcando un hat-trick para salvar el partido no pain no gain.",#PR,deporte
971,el motor V8 rugiendo como una bestia me encanta.,#motor,coches
972,enamorado de este bicho: derrape guapo en la ultima rotonda 🔥,#velocidad #cochesclasicos,coches
973,Qué ganas de esto: tarde perfecta en el chiringuito con un mojito y no necesito más.,#bronceado #isla #brisa #playa #vistas,playa
974,"brum brum, interior de cuero espectacular qué locura.",#racing#v6#llantas#turbo#velocidad,coches
975,"masa madre fermentando, a ver el pan a cenar!",#aove #cocinando #salado #gourmet,cocina
976,en directo desde asturias: los graves de este altavoz me hacen vibrar increible.,#Spotify #MusicaEnVivo,musica
977,"mirad esta joya, derrape guapo en la última rotonda 🚗💨",#supercars,coches
978,hoOw1So1YROpcR7KzoEb6bOOaaAymNhOpU0fRboZgwpGIoaSC6l7xeA,#instafood #casero #recetas #tapas #comidasana,cocina
979,,#nintendo #lag #tryhard,videojuegos
980,farmeando XP como un tryhard para hacer level up 10/10 IGN.,#Tryhard #IndieGames #LevelUp #Shooter #Gaming,videojuegos
981,Literalmente vuelta y vuelta en la tumbona como un filete a vivir la vida lol,#bronceado #vistas #olas,playa
982,farmeando xp como un tryhard para hacer level up 🎮,#tryhard #gaming #rpg,videojuegos
983,"Uff, stage 2 instalada y esto vuela 🔥",#Cars,coches
984,"temazo, descubriendo joyitas indies en spotify 🎸",#Temazo #Rock,musica
985,"Escapada express, perdido en el metro de Paises Bajos, ayuda no quiero volver.",#Pasaporte #Travel,viajes
986,flow espectacular en el escenario 🎶,,musica
987,Enamorado de este bicho: interior de cuero espectacular 🔥 !!!!,,coches
988,arena entre los dedos y a desconectar de todo 🌊,#Isla #Costa,playa
989,"vaya tela: bugeado en la pared, genial el parche 🎮",#Twitch #Tryhard #Gamer #PCGaming #Lag,videojuegos
990,,,coches
991,adivinad quién está en huelva: postureo máximo en la orilla con berto qué paz.,#Vacaciones #Olas #Relax,playa
992,,,viajes
993,,#comidasana,cocina
994,adivinad quién está en zamora: pillando unas olas increíbles 😎 lol,#Vacaciones,playa
995,enamorado de este bicho: interior de cuero espectacular que locura.,#Motor #Racing #Gas,coches
996,Adivinad quien esta en Cordoba: pillando unas olas increibles a vivir la vida.,#Mojito #Snorkel #Vacaciones,playa
997,ragequit inminente: el lag me ha arruinado la racha de victorias menuda estafa lol,#rpg#loot#playstation#twitch,videojuegos
998,"Hoy toca sufrir, corriendo 10km en ayunas, reventado 🥵",#fuerza#running#salud#fitness#baloncesto,deporte
999,"Escapada express, turisteando sin parar, me duelen los pies 😍",#sinfiltros #escapada,viajes
1000,En directo desde Cordoba: los graves de este altavoz me hacen vibrar 🎸,,musica
1001,afinando la bateria para el bolo 🎵,#MusicaEnVivo,musica
1002,"Increíble, han nerfeado a mi main otra vez xd.",#Lag #Xbox #RPG #PCGaming #Nintendo,videojuegos
1003,postureo máximo en la orilla con Clímaco y no necesito más.,,playa
1004,"Dia de piernas, el gymbro me ha fallado hoy 🥵 !!!!",#Motivacion #Futbol #PR #Running #BeastMode,deporte
1005,Wanderlust: pagando un café a precio de turista qué maravilla.,#cultura#explorando#viajar#naturaleza,viajes
1006,"Mirad que pinta, emplatando nivel estrella Michelin se me hace la boca aguuua.",#realfood #yummy #masterchef #foodie,cocina
1007,,#V6 #Exhaust #CarLife #Motor,coches
1008,"Gente, abriendo loot boxes y solo sale humo F en el chat.",#Lag #Discord #Tryhard #RetroGaming #PlayStation,videojuegos
1009,"Uff, pasando la ITV de puro milagro 🚗💨",#CarLife #Turbo #Cars #Supercars #Racing,coches
1010,flow espectacular en el escenario 🔥,,musica
1011,En directo desde León: descubriendo joyitas indies en Spotify magia pura.,#concierto,musica
1012,"increíble, el motor v8 rugiendo como unaaaa bestia 🔥",#cochesclasicos,coches
1013,"por fin, el agua está helada pero me he bañado igual 🌊",#Chiringuito#Atardecer#Olas,playa
1014,"Perdidos por Santa Cruz de Tenerife, mochila a la espalda y a tirar millas que maravilla jajaja",#cultura#wanderlust#aventura#turismo,viajes
1015,"mirad esta joya, derrape guapo en la última rotonda gasss.",#mecanica #tuning,coches
1016,"Marchando, emplatando nivel estrella Michelin se me hace la boca agua.",,cocina
1017,Ragequit inmiiiiinente: el lag me ha arruinado la racha de victorias 🕹️,#streamer #gaming,videojuegos
1018,"escapada express, pagando un cafe a precio de turista 🌍 xd",,viajes
1019,Literalmente ese boss tiene una hitbox rotísima menuda estafa.,#Streamer#Gaming#Discord,videojuegos
1020,"escapada express, turisteando sin parar, me duelen los pies ✈️ !!!!",#viajero #ruta,viajes
1021,"por fin, modo cangrejo activado, me he quemado entero a vivir la vida.",,playa
1022,en bucle: flow espectacular en el escenario 🎸,#live #vibras #festival #vinilo,musica
1023,"mirad qué pinta, dejando el guiso al chup-chup horas 🤤",#Foodie #ComidaSana #Paella #Sabor,cocina
1024,el motor V8 rugiendo como una bestia que locura.,#CochesClasicos,coches
1025,Literalmente carrileando a Eustaquio toda la partida menuda estafa.,#Twitch #IndieGames #Setup #Noob #Shooter,videojuegos
1026,,#turismo #mochileros,viajes
1027,"madre mía el nuevo disco, los graves de este altavoz me hacen vibrar magia pura.",,musica
1028,en directo desde ciudad: flow espectacular en el escenario 🔥,#Festival #Temazo,musica
1029,"gg, bugeado en la pared, genial el parche 🎮",,videojuegos
1030,"Madre mía el nuevo disco, sacando unos acordes con la acústica nueva increíble xd",,musica
1031,"por fin, el agua esta helada pero me he banado igual 😎",#Arena #Paraiso,playa
1032,"Hoy toca sufrir, el gymbro me ha fallado hoy 🥵",#running #crossfit,deporte
1033,"En directo desde Barcelona: en primera fila del concierto, brutal 🎸",,musica
1034,Literalmente pillando unas olas increíbles a vivir la vida !!!!,#Chiringuito,playa
1035,Literalmente el lag me ha arruinado la racha de victorias 10/10 IGN jajaja,,videojuegos
1036,wanderlust: probando street food de duuuuudosa procedencia 😍,#Pasaporte #RoadTrip #Paisaje,viajes
1037,"perdidos por jaen, pagando un cafe a precio de turista 😍",#Mochileros,viajes
1038,Sin excusas: marcando un hat-trick para salvar el partido y manana mas.,#Fuerza#NoPainNoGain#Cardio#Atleta,cocina
1039,marcando un hat-trick para salvar el partido a tope.,,deporte
1040,"nuevo PR en peso muerto, a tope a tope.",#running #maraton #fitness #salud #motivacion,deporte
1041,adivinad quien esta en ciudad: arena entre los dedos y a desconectar de todo 10/10.,#isla #bikini #mar,playa
1042,"madre mía el nuevo disco, descubriendo joyitas indies en spotify no puedo parar de escucharlo.",#Bateria #MusicaEnVivo #Temazo #Indie #Rock,musica
1043,hoy me he coronado: estrenando la airfryer con unas patatas 👨‍🍳,#realfood #sabor #comidasana #yummy,cocina
1044,"madre mia, el agua esta helada pero me he banado igual 🌊 jajaja",,playa
1045,desafinando en el coche a pleno pulmon 🔥,#Music #Festival,musica
1046,Enamorado de este bicho: derrape guapo en la última rotonda xd,#Tuning #Motor #Racing #Gas #Cars,coches
1047,"escapada express, pagando un cafe a precio de turista no quiero volver.",#ruta,viajes
1048,"Perdidos por Castellon, probando street food de dudosa procedencia ✈️ lol",#cultura #ruta #aventura #roadtrip #jetlag,viajes
1049,"increible, abriendo loot boxes y solo sale humo a llorar a la lloreria.",#Shooter #Esports #Gamer #Gaming #Loot,videojuegos
1050,"gg, ese boss tiene una hitbox rotísima a llorar a la llorería.",#playstation #indiegames,videojuegos
1051,"En bucle: en primera fila del concierto, brutal 🔥",#Temazo #Bateria #Cantando #Acustico #CancionDelDia,musica
1052,hotelazo con unas vistas que flipas wanderlust total.,#SinFiltros#Travel#Aventura#Pasaporte,viajes
1053,"GG, bugeado en la pared, genial el parche 🕹️",#RetroGaming,videojuegos
1054,flow espectacular en el escenario 🎵 jajaja,#pop #ritmo,musica
1055,"Increíble, la gasolina a precio de oro pero sigo dándole caña puro vicio.",,coches
1056,,#CancionDelDia,musica
1057,Wanderlust: hotelazo con unas vistas que flipas wanderlust total.,,viajes
1058,,,deporte
1059,vamos equipo! partidazo de pádel con damián no pain no gain.,#futbol #fuerza #vidasana,deporte
1060,,#Gaming,videojuegos
1061,,#Pop #Guitarra #Vibras #Indie,musica
1062,"Día de piernas, corriendo 10km en ayunas, reventado 💪",#PR #Healthy #Fuerza #Padel,deporte
1063,"perdido en el metro de Oman, ayuda me mudo aqui !!!!",#SinFiltros #Viajar,viajes
1064,literalmente han nerfeado a mi main otra vez a llorar a la llorería.,#xbox #nintendo #loot,videojuegos
1065,Literalmeeente jugando a las palas nivel profesional a vivir la vida.,#desconexion#sol,playa
1066,gráficos de locos con el ray tracing 🕹️,#Esports #ProGamer #Loot #Lag #GGWP,videojuegos
1067,"Por fin, vuelta y vuelta en la tumbona como un filete 10/10 xd",#Costa #Postu #Brisa,playa
1068,"Perdidos por Valencia, mochila a la espalda y a tirar millas 🌍 lol",#Wanderlust,viajes
1069,vuelta y vuelta en la tumbona como un filete 🌊,#paraiso #arena #snorkel #vistas #brisa,playa
1070,"hoy toca ruta por soria, pasando la itv de puro milagro 🚗💨",#carporn #v8,coches
1071,"Gente, han nerfeado a mi main otra vez F en el chat.",#GGWP #Noob,videojuegos
1072,en bucle: flow espectacular en el escenario magia pura.,#MusicaEnVivo,musica
1073,En directo desde Zaragoza: flow espectacular en el escenario 🎶...,#temazo #musicaenvivo,musica
1074,"Increíble lo de hoy en Granada, agujetas nivel Dios después del entreno a tope.",,deporte
1075,"jet lag activado, hotelazo con unas vistas que flipas qué maravilla.",#Cultura #Viajero #Pasaporte,viajes
1076,el motor V8 rugiendo como una bestia 🔥,#tuning #llantas #jdm #racing #exhaust,coches
1077,"sin excusas: corriendo 10km en ayunas, reventado 🥵 xd",#Atleta #PR,deporte
1078,"pelos de punta, flow espectacular en el escenario 🔥",#melodia #concierto #indie #bateria,musica
1079,"marchando, dejando el guiso al chup-chup horas espectacular.",#foodie #postres #paella #casero,cocina
1080,Enamorado de este bicho: derrape guapo en la última rotonda 🔥 xd,#CochesClasicos #CarPorn,coches
1081,agujetas nivel dios después del entreno victoria!,#nopainnogain #futbol #salud #fuerza #cardio,deporte
1082,"por fin, tarde perfecta en el chiringuito con un mojito jaja.",,playa
1083,"mirad qué pinta, casi quemo la sartén pero ha quedado rico brutal.",#postres #airfryer,cocina
1084,"Sin excusas: nuevo PR en peso muerto, a tope 🥵 !!!!",,deporte
1085,Wanderlust: mochila a la espalda y a tirar millas wanderlust total.,#sinfiltros #cultura #wanderlust,viajes
1086,"marchando, dejando el guiso al chup-chup horas a cenar!",#Gastronomia#Salado#ComidaSana,cocina
1087,literalmente han nerfeado a mi main otra vez menuda estafa.,#Gamer #Twitch,videojuegos
1088,"Brum brum, derrape guapo en la ultima rotonda 🚗💨",#mecanica #carlife #llantas #gas,coches
1089,"pelos de punta, flow espectacular en el escenario increíble.",#Vibras,musica
1090,Wanderlust: pagando un café a precio de turista 😍,#viajar #wanderlust #aventura #explorando,viajes
1091,"pelos de punta, flow espectacular en el escenario 🔥",#Temazo #Vibras #Concierto,musica
1092,"Madre mía el nuevo disco, afinando la batería para el bolo increíble.",#live #musicaenvivo #urbano #pop #flow,musica
1093,"Brum brum, el motor V8 rugiendo como una bestia 🚗💨 jajaja",#CochesClasicos,coches
1094,"Jet lag activado, haciendo el check-in con Angelina me mudo aqui.",#Ruta #Explorando #Paisaje #Aventura #Naturaleza,viajes
1095,"Por fin, postureo máximo en la orilla con Lilia 🌊",#paraiso #costa #relax #bronceado #isla,playa
1096,"mirad esta joya, pasando la itv de puro milagro qué locura.",#llantas #mecanica,coches
1097,"hoy toca ruta por huelva, stage 2 instalada y esto vuela gasss.",#Supercars #MotorSport #Drive #Motor,coches
1098,el lag me ha arruinado la racha de victorias menuda estafa.,,videojuegos
1099,"perdidos por málaga, turisteando sin parar, me duelen los pies wanderlust total.",#RoadTrip,viajes
1100,"Brum brum, stage 2 instalada y esto vuela me encanta.",#llantas#carporn#gas,coches
1101,"Marchando, estrenando la airfryer con unas patatas ñam ñam !!!!",#paella#aove#masterchef#airfryer#recetadeldia,cocina
1102,Receton en Jaen: casi quemo la sarten pero ha quedado rico a cenar!,#casero #recetadeldia #instafood,cocina
1103,wanderlust: pagando un cafe a precio de turista que maravilla.,,viajes
1104,"jet lag activado, haciendo el check-in con rene que maravilla.",#aventura #wanderlust,viajes
1105,,#Streamer,videojuegos
1106,"marchando, emplatando nivel estrella michelin a cenar!",#Vegano #Dulce #Gourmet #Postres #Chef,cocina
1107,padre padre padre padre padre padre padre padre padre padre padre padre padre padre padre padre padre padre padre padre padre padre padre padre padre padre padre padre padre padre padre padre padre padre padre padre padre padre padre padre padre padre padre padre padre padre padre padre padre padre padre padre padre padre padre padre padre padre padre padre padre padre padre padre padre padre padre padre padre padre padre padre padre padre padre padre padre padre padre padre padre padre padre padre padre padre padre padre padre padre padre padre padre padre padre padre padre padre padre padre padre padre padre padre padre padre padre padre padre padre padre padre padre padre padre padre padre padre padre padre padre padre padre padre padre padre padre padre padre padre padre padre padre padre padre padre padre padre padre padre padre padre padre padre padre padre padre padre padre padre padre padre padre padre padre padre padre padre padre padre padre padre padre padre padre padre padre padre padre padre padre padre padre padre padre padre padre padre padre padre padre padre padre padre padre padre padre padre padre padre padre padre padre padre padre padre padre padre padre padre padre padre padre padre padre padre padre padre padre padre padre padre padre padre padre padre padre padre padre padre padre padre padre padre padre padre padre padre padre padre padre padre padre padre padre padre padre padre padre padre padre padre padre padre padre padre padre padre padre padre padre padre padre padre padre padre padre padre padre padre padre padre padre padre padre padre padre padre padre padre padre padre padre padre padre padre padre padre padre padre padre padre padre padre padre padre padre padre padre padre padre padre padre padre padre padre padre padre padre padre padre padre padre padre padre padre padre padre padre padre padre padre padre padre padre padre padre padre padre padre padre padre padre padre padre padre padre padre padre padre padre padre padre padre padre padre padre padre padre padre padre padre padre padre padre padre padre padre padre padre padre padre padre padre padre padre padre padre padre padre padre padre padre padre padre padre padre padre padre padre padre padre padre padre padre padre padre padre padre padre padre padre padre padre padre padre padre padre padre padre padre padre padre padre padre padre padre padre padre padre padre padre padre padre padre padre padre padre padre padre padre padre padre padre padre padre padre padre padre padre padre padre padre padre padre padre padre padre padre padre padre padre padre padre padre padre padre padre padre padre padre padre padre padre padre padre padre padre padre padre padre padre padre padre padre padre padre padre padre padre padre padre padre padre padre padre padre padre padre padre padre padre padre padre padre padre padre padre padre padre padre padre padre padre padre padre padre padre padre padre padre padre padre padre padre padre padre padre padre padre ,#Fuerza#Baloncesto#NoPainNoGain,deporte
1108,"Jet lag activado, haciendo el check-in con Amor me mudo aquí.",#Explorando #Travel #Trip #Naturaleza,viajes
1109,Vamos equipo! partidazo de pádel con Julio César 🥵...,#salud #atleta #nopainnogain #padel #beastmode,deporte
1110,"dia de piernas, agujetas nivel dios despues del entreno y manana mas.",#Running #Gimnasio #Baloncesto #VidaSana #PR,deporte
1111,"Gente, farmeando XP como un tryhard para hacer level up 10/10 IGN.",#setup#loot#xbox,videojuegos
1112,"escapada express, perdido en el metro de mali, ayuda ✈️ !!!!",#vuelos #escapada #viajero,viajes
1113,Literalmente han nerfeado a mi main otra vez 10/10 IGN...,#retrogaming #rpg #loot #nintendo,videojuegos
1114,"increíble lo de hoy en almería, agujetas nivel dios después del entreno sudando la gota gorda.",#Futbol #Running #Maraton,deporte
1115,hotelazo con unas vistas que flipas que maravilla.,#Vuelos #Trip #Naturaleza #Viajero,viajes
1116,hotelazo con unas vistas que flipas 😍,#roadtrip,viajes
1117,"jet lag activado, probando streeeeeet food de dudosa procedencia me mudo aquí lol",#vuelos #ruta #travel,viajes
1118,"Perdidos por Cordoba, mochila a la espalda y a tirar millas no quiero volver.",#escapada #destino,viajes
1119,"comiendo arroz y pollo, modo volumen sudando la gota gorda.",,deporte
1120,literalmente gráficos de locos con el ray tracing f en el chat.,#loot#retrogaming#twitch#streamer,videojuegos
1121,"Por fin, jugando a las palas nivel profesional a vivir la vida.",#Mojito #Relax #Arena #Chiringuito #Postu,playa
1122,"Perdidos por Salamanca, probando street food de dudosa procedencia ✈️",#naturaleza #paisaje #pasaporte #jetlag,viajes
1123,"increible, graficos de locos con el ray tracing f en el chat xd",#tryhard,videojuegos
1124,Vaya tela: ese boss tiene una hitbox rotísima menuda estafa.,#ggwp#shooter,videojuegos
1125,partidazo de pádel con Victoria no pain no gain.,,deporte
1126,el árbitro nos ha robado descaradamente 🥵,#maraton #fitness,deporte
1127,"Mirad qué pinta, paella dominguera espectacular espectacular jajaja",#gastronomia #tapas #chef #airfryer,cocina
1128,"Hoy toca ruta por Sevilla, el motor V8 rugiendo como una bestia 🚗💨",#v8#drifting#exhaust,coches
1129,Qué ganas de esto: pillando unas olas increíbles a vivir la vida.,#paraiso #sol #postu #arena,playa
1130,"por fin, arena entre los dedos y a desconectar de todo qué paz.",#Atardecer #Brisa #Snorkel,playa
1131,"Temazo, sacando unos acordes con la acustica nueva 🎸",#Melodia,musica
1132,"Por fin, postureo máximo en la orilla con Sancho 10/10.",,playa
1133,"día de piernas, agujetas nivel dios después del entreno 💪",#Motivacion #VidaSana,deporte
1134,"Increíble, pasando la ITV de puro milagro qué locura.",#drifting #exhaust #motorsport #carlife #cars,coches
1135,En bucle: afinando la bateria para el bolo no puedo parar de escucharlo.,#spotify,musica
1136,"Gente, bugeado en la pared, genial el parche a llorar a la lloreria !!!!",,videojuegos
1137,Adivinad quien esta en Caceres: arena entre los dedos y a desconectar de todo jaja.,#Brisa #Postu,playa
1138,"comiendo arroz y pollo, modo volumen a tope.",,deporte
1139,lavado a mano para que brille la pintura puro vicio.,#Turbo,coches
1140,"perdidos por álava, turisteando sin parar, me duelen los pies qué maravilla xd",#aventura #travel,viajes
1141,,#mojito #postu,playa
1142,"temazo, los graves de este altavoz me hacen vibrar 🔥",#Cantando #CancionDelDia #Concierto,musica
1143,En bucle: sacando unos acordes con la acustica nueva 🔥,#concierto #urbano #cantando,musica
1144,Vaya tela: carrileando a Santos toda la partida a llorar a la lloreria.,,videojuegos
1145,recetón en las palmas: tortilla con cebolla siempre 👨‍🍳,#Casero #Postres #Cocinando #Gastronomia #Salado,cocina
1146,Literalmente carrileando a Jose Ramón toda la partida F en el chat.,#lag #gamer #ggwp,videojuegos
1147,"increible lo de hoy en santa cruz de tenerife, agujetas nivel dios despues del entreno sudando la gota gorda.",#Motivacion#Baloncesto,deporte
1148,"increíble lo de hoy en lleida, partidazo de pádel con luisa noooo pain no gain.",#Crossfit#Cardio#BeastMode,deporte
1149,,#IndieGames #ProGamer #Gamer,videojuegos
1150,"día de piernas, corriendo 10km en ayunas, reventado no pain no gain.",,deporte
1151,"Uff, la gasolina a precio de oro pero sigo dándole caña puro vicio !!!!",#JDM,coches
1152,"corrieeeeendo 10km en ayunas, reventado 🥵",,deporte
1153,"marchando, paella dominguera espectacular espectacular !!!!",#vegano #salado #recetas #gourmet,cocina
1154,"Perdidos por Ourense, turisteando sin parar, me duelen los pies que maravilla !!!!",,viajes
1155,"Perdidos por Ávila, mochila a la espalda y a tirar millas 😍 lol",#jetlag,viajes
1156,"Perdidos por León, turisteando sin parar, me duelen los pies qué maravilla.",,viajes
1157,"sin excusas: corriendo 10km en ayunas, reventado y mañana más.",#BeastMode,deporte
1158,"Uff, derrape guapo en la ultima rotonda que locura.",#Turbo #Drifting #Exhaust #Velocidad #V6,coches
1159,abriendo loot boxes y solo sale humo menuda estafa.,#RPG#Setup#Lag#IndieGames#Noob,videojuegos
1160,"mirad esta joya, pasando la itv de puro milagro xd",#drive #cochesclasicos,coches
1161,Sin excusas: agujetas nivel Dios despues del entreno 💪,#Padel #NoPainNoGain,deporte
1162,en bucle: afinando la batería para el bolo 🎶,,musica
1163,vaya tela: farmeando xp como un tryhard para hacer level up f en el chat.,#shooter,videojuegos
1164,felipe felipe felipe felipe felipe felipe felipe felipe felipe felipe felipe felipe felipe felipe felipe felipe felipe felipe felipe felipe felipe felipe felipe felipe felipe felipe felipe felipe felipe felipe felipe felipe felipe felipe felipe felipe felipe felipe felipe felipe felipe felipe felipe felipe felipe felipe felipe felipe felipe felipe felipe felipe felipe felipe felipe felipe felipe felipe felipe felipe felipe felipe felipe felipe felipe felipe felipe felipe felipe felipe felipe felipe felipe felipe felipe felipe felipe felipe felipe felipe felipe felipe felipe felipe felipe felipe felipe felipe felipe felipe felipe felipe felipe felipe felipe felipe felipe felipe felipe felipe felipe felipe felipe felipe felipe felipe felipe felipe felipe felipe felipe felipe felipe felipe felipe felipe felipe felipe felipe felipe felipe felipe felipe felipe felipe felipe felipe felipe felipe felipe felipe felipe felipe felipe felipe felipe felipe felipe felipe felipe felipe felipe felipe felipe felipe felipe felipe felipe felipe felipe felipe felipe felipe felipe felipe felipe felipe felipe felipe felipe felipe felipe felipe felipe felipe felipe felipe felipe felipe felipe felipe felipe felipe felipe felipe felipe felipe felipe felipe felipe felipe felipe felipe felipe felipe felipe felipe felipe felipe felipe felipe felipe felipe felipe felipe felipe felipe felipe felipe felipe felipe felipe felipe felipe felipe felipe felipe felipe felipe felipe felipe felipe felipe felipe felipe felipe felipe felipe felipe felipe felipe felipe felipe felipe felipe felipe felipe felipe felipe felipe felipe felipe felipe felipe felipe felipe felipe felipe felipe felipe felipe felipe felipe felipe felipe felipe felipe felipe felipe felipe felipe felipe felipe felipe felipe felipe felipe felipe felipe felipe felipe felipe felipe felipe felipe felipe felipe felipe felipe felipe felipe felipe felipe felipe felipe felipe felipe felipe felipe felipe felipe felipe felipe felipe felipe felipe felipe felipe felipe felipe felipe felipe felipe felipe felipe felipe felipe felipe felipe felipe felipe felipe felipe felipe felipe felipe felipe felipe felipe felipe felipe felipe felipe felipe felipe felipe felipe felipe felipe felipe felipe felipe felipe felipe felipe felipe felipe felipe felipe felipe felipe felipe felipe felipe felipe felipe felipe felipe felipe felipe felipe felipe felipe felipe felipe felipe felipe felipe felipe felipe felipe felipe felipe felipe felipe felipe felipe felipe felipe felipe felipe felipe felipe felipe felipe felipe felipe felipe felipe felipe felipe felipe felipe felipe felipe felipe felipe felipe felipe felipe felipe felipe felipe felipe felipe felipe felipe felipe felipe felipe felipe felipe felipe felipe felipe felipe felipe felipe felipe felipe felipe felipe felipe felipe felipe felipe felipe felipe felipe felipe felipe felipe felipe felipe felipe felipe felipe felipe felipe felipe felipe felipe felipe felipe felipe felipe felipe felipe felipe felipe felipe felipe felipe felipe felipe felipe felipe felipe felipe felipe felipe felipe felipe felipe felipe felipe felipe felipe felipe felipe felipe felipe felipe felipe felipe felipe felipe felipe felipe felipe felipe felipe felipe felipe felipe felipe felipe felipe felipe felipe felipe felipe felipe felipe felipe felipe felipe felipe felipe felipe felipe felipe felipe felipe felipe felipe felipe felipe felipe felipe felipe felipe felipe felipe felipe felipe felipe felipe felipe felipe ,#velocidad#ruta,coches
1165,en directo desde castellón: afinando la batería para el bolo increíble.,#Vibras#Flow,musica
1166,"Mirad esta joya, stage 2 instalada y esto vuela qué locura.",#CochesClasicos #Supercars #MotorSport #CarLife,coches
1167,Experimentando en la cocina: tortilla con cebolla siempre se me hace la boca agua.,#Gastronomia #Masterchef #ComidaSana #Sabor,cocina
1168,"experimentando en la cocina: masa madre fermentando, a ver el pan brutal.",#Yummy #Chef #Postres,cocina
1169,"hoy toca sufrir, corriendo 10km en ayunas, reventado sudando la gota gorda.",#VidaSana #Gimnasio #Padel #Workout #NoPainNoGain,deporte
1170,Literalmente tarde perfecta en el chiringuito con un mojito jaja.,#Mojito,playa
1171,,#Salado,cocina
1172,Ragequit inminente: gráficos de locos con el ray tracing menuda estafa !!!!,#xbox #loot,videojuegos
1173,"Hoy toca ruta por Navarra, el motor V8 rugiendo como una bestia gasss.",#CarPorn #Tuning #Ruta,coches
1174,"día de piernas, nuevo pr en peso muerto, a tope y mañana más jajaja",#salud #fuerza #healthy #gimnasio #crossfit,deporte
1175,"Perdidos por Burgos, perdido en el metro de Tonga, ayuda wanderlust total.",#jetlag #explorando #roadtrip,viajes
1176,Literalmente postureo máximo en la orilla con Nando qué paz.,#olas#vacaciones,playa
1177,Hoy me he coronado: estrenando la airfryer con unas patatas 🤤,#vegano,cocina
1178,carrileando a Gertrudis toda la partida 🎮,#lag#playstation,videojuegos
1179,"jet lag activado, turisteando sin parar, me duelen los pies 😍",,viajes
1180,"Hoy toca ruta por Girona, la gasolina a precio de oro pero sigo dandole cana me encanta.",#Gas #V8 #Llantas,coches
1181,recetón en pontevedra: casi quemo la sartén pero ha quedado rico ñam ñam.,#Gastronomia #Chef #Sabor #Dulce,cocina
1182,Literalmente tarde perfecta en el chiringuito con un mojito jaja.,#Vacaciones #Vistas #Atardecer #Desconexion #Snorkel,playa
1183,han nerfeado a mi main otra vez 🎮,#RetroGaming,videojuegos
1184,"hoy toca sufrir, el gymbro me ha fallado hoy victoria!",#PR #Workout,deporte
1185,"marchando, dejando el guiso al chup-chup horas 🤤 !!!!",#Gastronomia #Vegano #Masterchef,cocina
1186,"uff, cambiando aceite y llantas, ahora sí impone gasss.",#gas #carporn #motor,coches
1187,en directo desde álava: afinando la batería para el bolo increíble.,#Guitarra,musica
1188,,,musica
1189,pese otro productos un material mismos calle viaje nuevos escuela sólo europea cultura desde si información ciencia momentos unidad campaña tienen viejo justicia medida igual siguientes fondo aunque tratamiento le habría tengo causa enero manera policía aunque muerte punto mesa solamente objeto control ii pues película es i victoria armas medio eran bueno recuerdo interés persona bueno diario premio unidad fuera norte psoe van varios medio ideas contra muerte martín dentro tenido mes mayoría puso principio distintas santiago gobierno vuelta programas presente objeto generales haciendo están europa derechos operación dejó nivel pueblo soy llega ocasiones esta violencia otras pequeño siguientes carrera otro zona total alguna tribunal nunca principio años don régimen valores ésta muerto fecha comenzó máximo la ahí último varias aun pública apenas pueden hijo película sueño siendo haya horas pasó investigación contra hacerlo parís paso vamos perdido estar él muchas tengo tipo ninguna país maría último obstante ex importancia lleva cuba desarrollo diario en amigos salir plaza compañía palabra consejo siendo tenía aquellos televisión noviembre próximo tierra vía piel vio pesar total hombres cultura humanos pensar boca igual cierto exterior embargo parís pocos parís humano pueda asociación les dicen e línea cámara comenzó mundo la haciendo era partir naturaleza algunos formación necesario cuenta ante llamado marzo construcción mejor ambiente seguir pesetas aun natural internacional sé familia naturaleza comunidad ocasión política sur seguro hizo algo ante temas ante cinco esta autoridades muerte ocho chile queda popular aspecto cuanto g hizo resultado carne cabeza puesto hijo régimen arriba tenía habían aire consejo eran junio voluntad existencia sea civil puerto puso trabajar muchos destino millones algunos pese público prueba recursos figura esos corazón minutos proceso camino campo quiero cámara concepto ejemplo argentina si hizo siguiente corte países trata los programas con producto paciente garcía aparece conocer posibilidades nivel sea méxico pacientes próximo investigación razón muestra apenas efecto sido he concepto habla estructura diferentes ambiente sin grandes presente estados primeros última tres fuerzas es pueden relaciones lejos ninguna características color solamente objeto queda pasado nuestro materia grandes unas atrás sus militares días llama máximo resultados cuarto cuando domingo crisis parís al toma popular plaza imagen salir zonas pública mes hospital antonio riesgo cualquier incluso ese izquierda o aumento resultado clase empresas mismo industria hecho mes serie común contenido eran resulta club pero hija u teatro deben económica santa recursos entonces de capital diario m quizá ahora diversas común antonio muestra texto septiembre autor recursos cosa nosotros mis especialmente nuevo tu se hijo conseguir pudo pesar encuentro hospital torno hecho gran ante así medio cuba oposición posibilidades sector forma muchas nacional serán sur defensa pp cual i buen enfermedad interior atención y comenzó exterior nuevas razón cosa carta jamás quedó defensa situación aumento sería medios entre lo ellas muerto llama desde perdido creo i padres distintas cerca social él le haciendo sí vez mundo d estamos ahí estilo proceso crisis capital reunión estado líder finalmente entre gran económico todo alrededor condiciones prueba mar fueron siquiera sigue grupos último características encuentran madre política palabras europea afirmó parece visita mano vez sólo origen cultura televisión siglo interior claro vía análisis sectores volvió ex había puso económico todos papel cual estamos dijo grupos muestra viene bastante octubre seguir conocer les aspecto base sociedad tuvo sea derecha pero serán ninguna obstante comunicación vía importancia efecto noviembre estar naturaleza vista obstante lado u flores idea diario ii marzo mayor naturaleza popular españoles existen elecciones momentos lleva valores base permite datos semana nacional atrás primer marcha humana tienen perdido buena última conseguir dejó creo hace partidos destino noche haciendo usted dan debía casos américa hubiera pues verdad investigación historia desde proyectos actitud tenían aquella hubo seguir entrada todas principales uso les viaje objetivo hasta ello oficial a consumo camino ocho pone república hecho seis juan ayer porque he aunque aún origen finalmente obstante servicio elementos situación fuentes hacen asunto nunca familia importancia tenido trabajo madre base último estos puso sólo estuvo capaz unidos lo resultado características crecimiento gente puso apoyo banco española producción total etapa tales atención tal blanco ir pesar dónde hermano hubo posible son partidos quien mayoría visita cinco empresas aunque guerra hora palabra decir hecho orden idea mayor todos niño vista difícil actividades decir ésta mi cara actividades diez niño dijo a contrario mañana mercado puedo marco siquiera dónde madre habría natural ello formas fondo media importancia lejos pregunta frente tratamiento vio práctica mano teatro banco cuanto secretario jóvenes quien puedo varias empresas mayo veces pudo ésta región octubre crecimiento dos trata mucho estas pronto casi después carne tratamiento régimen niveles llegó camino resulta mirada decía obstante s falta mantener falta una momentos muerto adelante tuvo valor carrera viejo vez nuevas existen además música presidente mayoría juego demasiado jamás señor idea mar octubre compañía edad muchos mí pero entrar tiene fecha nueva conciencia políticos hermano algunos diversos muy principales orden tiene sido primero todas datos común equipo centros dice llegar existencia llegar metros españa voz única jóvenes cultura club amigo encuentra sentido base elecciones josé comercio región quiero educación ejemplo popular mujer fiscal tú producto siendo temas dos gobierno octubre e nos nadie parís atención nuevas misma gobierno recuerdo fuerzas española semanas corte electoral cámara ejemplo viaje quienes chile seis también explicó hospital viaje interior generales nuestras ciudad seguridad habrá mundial maría hacia tres amor objeto mayoría comisión considera quién pesar parecía sí fecha ve veces donde intereses comunicación plaza hemos participación cambio izquierda tu tiempo propia hora juicio acción pedro efecto siglo ciento ve momento construcción lugar claro una calidad ellos del animales situación natural semana su ciudad humana oro ministerio ante particular interés también movimiento posibilidades hemos opinión buen vamos creo nuestro sé millones políticos contra somos partido cosa eran parte viene propuesta parecía mundo población tres cuanto proyectos todo precio aquellas unas régimen peso siendo sectores juego naturaleza corte familia mis conseguir estudio distintos verdad distintos banco felipe etapa barcelona alta hacerlo hizo va posibilidad distintas muerte cuyo podría dicho ha muchos españa historia momentos se humana ella blanca pocos aunque pueblo te su unas administración tuvo organización como creo difícil obras cabeza nos centros de considera suficiente resultados quiere fuerzas ellas nuestros personal relaciones he cuya generales años ver propuesta ideas práctica pedro acuerdo gobierno período presenta también lenguaje victoria semana pie señaló fuerte dice lugar muy comercio domingo única sangre técnica esas llama muerte ese mes por cierta libros líder debía verdad para suelo mantener san en vio líder sociales consejo octubre agua chile millones lleva técnica jamás empresas cama reforma tipo ocasión construcción hoy club político contrario manos capital distintos año muchos sí fueron pasa siete precio nivel pueda mar aún razón tipo vuelta frente tienen hermano izquierda realidad g aquel participación ver seguir puerto cual sentido nacional cantidad único soy quién calle jefe han solamente informe vuelve pues habría casa posibilidades económica con autoridades madrid ahora respecto adelante comunidad vuelta tenido sistemas todas ir fueron cabeza cine civil europea elecciones enero luego i cabo posición sol muerto resultado nuestro corte sean actividades productos tiempos espacio libro derechos misma importancia tengo rodríguez llegado padre tampoco serán entonces junio sido libros millones materia modo tras posible ministerio muestra voluntad solamente sino existencia días u calle comenzó distintas salida manera oposición tendrá b somos posible trabajar países términos muerte cuarto pregunta capaz habrá miembros n estados otros muchas sector texto nuestros llegó los considera curso paso medio naturaleza políticos final parte revolución al atrás cómo cama entrar el lo dólares pasado no creación siguientes bien mismo seis comunicación interior democracia radio pregunta siquiera participación perdido unos julio comunidad podía horas investigación mi estas cuatro decía esa pequeño poco gobierno político padre ciudad única enero otros pone salud grande ningún país educación control meses líder sentido tenido tema dónde proyecto tema quiere a energía largo partes ex música sería mucho tu asunto cambio cierto mundo dio luego sus pablo luis sus libro papel antes unión toma mañana siglo semanas poner uno hicieron b línea dar unas después actividades alguna propios maría plaza cabo bueno enero carta uso propuesta mesa rafael hizo era podría aquel niño sociedad posible central ni propios casi texto actual agua dado proyectos señora creo pie tratamiento situación mesa título cabo mejor obra políticos cantidad se sigue quizá su se médico técnica mientras solución industria hermano supuesto viejo pequeña francisco artículo cultura materia enfermedad izquierda toma tú pasar mañana todos bueno cuadro nuevas doctor aunque mercado soy alrededor secretario esfuerzo resulta había mujeres donde resultados exterior cuyo efecto forma de rosa arte estudios muchas familia explicó fuego etc libre diferencia tras demasiado hemos mayores uso ir para bueno dinero he minutos me función cámara gonzález costa estudios américa mira da minutos económica medidas práctica ciento acto material unidad carta aquella oficial quedó hacia partido internacional ante pública tipos cuerpo objetivo todos dar productos muerto piel existen pregunta mirada luis persona hacer juez todavía resultado s temas interior amigos grandes difícil cuadro incluso nuestra términos elementos norte armas ejemplo ninguna viaje profesional cámara santiago principales situación especie juez resultado mesa somos pesar gonzález español contenido forma imposible tiene libertad pequeño cuba uno g parece estado antes madrid toma estaban objetivo teoría empresa muerto comenzó cultura contra tres principal u tenemos hechos hizo final esfuerzo resultado estudios atención humano formación español militares octubre hija llega septiembre precisamente líder reunión así blanco tiempo reunión mercado fecha propuesta salud historia origen lucha ha plan las poder investigación tipo siguientes decisión estructura rafael seis hasta participación humana fecha salir plan médico pueden incluso a esta manuel términos acciones deseo hospital momento violencia mucho miedo grandes población energía casos caso muchos productos próximo afirmó siquiera oficial éste bastante meses hay manuel diez serie sólo función eran muchos decisión pesetas cuadro realidad posible allá incluso segunda campaña hombres distintos apoyo diez pasado rodríguez políticos profesional enfermedad mesa ningún ahí otras hospital sol r toda necesidad dice una evitar mira pueden música cambio unión dado junto actitud nos francia dios años generales número juego justicia busca j esto quienes ejemplo mirada madre estaban llegado puesto imágenes este relaciones cada económico entrada esfuerzo norte victoria precios pequeño fútbol resultados último le blanca quiere último bastante menos contrario aquella puerta alto era primer mirada hemos grado solo secretario afirmó m carrera cabeza debido tal fin afirmó cuenta tampoco crecimiento parte noche pasado cambios acuerdo actividades cultura supuesto ocho aparece político club producto j secretario busca aun concepto países buena instituciones arriba calidad todavía atención militar personas ésta hechos nacional edad haya propios para ellos formas hacer productos afirmó c francisco serie falta yo escuela derecha quiero en respecto programa libro han quedó primer futuro aquellas cara larga carta cambios todos actividad ningún podemos cómo será porque medio acción informe objetivo presenta otro ve pregunta explicó escuela manera hacerlo gente instituciones llevar s director respuesta plan he estaba elementos quién fuera popular siguiente nuestro tan vida vez forma cómo lleva sociedad encuentro hijos larga pueda si tarde contenido respuesta izquierda había próximo socialista zona encuentro quedó duda espera producción doctor razones llamado este tampoco europea media nivel curso necesario los busca dado grupo proyecto creación puerto año policía ambos interés creación poco obstante fuego obras encontrar trata antonio autor arte análisis sólo dar bueno miembros llegado empresa fuerza somos noviembre principal supuesto orden estos sol nuestras pequeño sur carácter miguel diferentes meses existencia noviembre un sistema fin ver visita cualquier jamás segunda partidos ello baja cara sociales poner mira grado tenido ver vamos forma llegado mil poder mantener dirección todo siguiente creación hacía llegado ninguna parecía estar nivel plaza población tuvo precio idea hubo fácil rodríguez países don contra quiero imagen efecto fernando hija garcía pequeña deben poco dirección nacional diversos frente sus favor llegó seguir propios dar distintas proceso algunas sin voz industria mes sabía miedo efecto habrá dios muestra sigue pesar señora quiere será momento cantidad entrada queda media p ya permite tengo ellos nada práctica evitar verdad memoria político barcelona comunidad ocasiones pasado primeros participación atrás blanca enfermedad maría cuestión humana amor tanto cualquier así buscar propios existe,#Supercars,coches
1190,en directo desde huelva: descubriendo joyitas indies en spotify 🎵,#cantando#dj,musica
1191,tortilla con cebolla siempre nam nam.,,cocina
1192,"Mirad qué pinta, paella dominguera espectacular 👨‍🍳",#Airfryer #Gourmet,cocina
1193,"Vaya tela: bugeado en la pared, genial el parche 🕹️",#Nintendo,videojuegos
1194,"mirad qué pinta, casi quemo la sartén pero ha queeeedado rico a cenar!",#AOVE #Gastronomia #Tapas #Vegano,cocina
1195,"Madre mía el nuevo disco, en primera fila del concierto, brutal 🎵",#Melodia #DJ #CancionDelDia #Temazo #Festival,musica
1196,"uff, stage 2 instalada y esto vuela 🔥",#Supercars,coches
1197,"Pelos de punta, sacando unos acordes con la acustica nueva 🔥",#Temazo #Urbano #Festival #Rock #Music,musica
1198,Receton en Almeria: estrenando la airfryer con unas patatas a cenar!,#airfryer #foodie #casero,cocina
1199,vaya tela: abriendo loot boxes y solo sale humo f en el chat.,#Xbox #Loot #Nintendo #PCGaming #Twitch,videojuegos
1200,"Temazo, en primera fila del concierto, brutal 🔥",#flow#temazo,musica
1201,ese boss tiene una hitbox rotisima F en el chat.,#Gaming,videojuegos
1202,adivinad quien esta en ciudad: el agua esta helada pero me he banado igual 😎...,#Mojito #Bronceado #Isla,playa
1203,"temazo, los graves de este altavoz me hacen vibrar 🎵",#vinilo #music #festival,musica
1204,"Pelos de punta, flow espectacular en el escenario 🎶",#spotify #flow #rock #dj,musica
1205,Qué ganas de esto: tarde perfecta en el chiringuito con un mojito 🌊,#calor,playa
1206,,#Ruta#CarPorn#JDM#MotorSport#Racing,coches
1207,Wanderlust: pagando un café a precio de turista qué maravilla.,#Naturaleza #Trip #Explorando,viajes
1208,en bucle: sacando unos acordes con la acústica nueva magia pura.,#musicaenvivo #vinilo #urbano,musica
1209,"marchando, paella dominguera espectacular brutal jajaja",,cocina
1210,"Pelos de punta, los graves de este altavoz me hacen vibrar 🎶",#rock #musicaenvivo,musica
1211,"Temazo, en primera fila del concierto, brutal 🎵",#Rock #Ritmo,musica
1212,En bucle: descubriendo joyitas indies en Spotify magia pura.,#Melodia,musica
1213,wanderlust: pagando un café a precio de turista 🌍,,viajes
1214,Wanderlust: mochila a la espalda y a tirar millas wanderlust total.,#turismo #explorando #ruta,viajes
1215,"Mirad que pinta, casi quemo la sarten pero ha quedado rico se me hace la boca agua...",#Recetas #Paella #InstaFood,cocina
1216,,#calor#paraiso,playa
1217,"hoy toca ruta por albacete, cambiando aceite y llantas, ahora si impone me encanta jajaja",#V6 #Caballos #V8 #Drifting,coches
1218,"en directo desde segovia: en primera filaaa del concierto, brutal 🎸",#Flow #Rock,musica
1219,"Madre mía el nuevo disco, los graves de este altavoz me hacen vibrar 🎸",#Melodia #Spotify #MusicaEnVivo #Temazo #Cantando,musica
1220,emplatando nivel estrella Michelin ñam ñam.,#yummy #tapas,cocina
1221,"Increible lo de hoy en Madrid, marcando un hat-trick para salvar el partido 🥵 jajaja",#gym #padel #baloncesto #atleta,deporte
1222,la gasolina a precio de oro pero sigo dandole cana 🚗💨,#V8,coches
1223,"temazo, en primera fila del concierto, brutal 🎸",#concierto #flow #urbano,musica
1224,"escapada express, turisteando sin parar, me duelen los pies no quiero volver.",,viajes
1225,Que ganas de esto: arena entre los dedos y a desconectar de todo 🌊 lol,#playa #sol #vistas #desconexion,playa
1226,pocos pocos pocos pocos pocos pocos pocos pocos pocos pocos pocos pocos pocos pocos pocos pocos pocos pocos pocos pocos pocos pocos pocos pocos pocos pocos pocos pocos pocos pocos pocos pocos pocos pocos pocos pocos pocos pocos pocos pocos pocos pocos pocos pocos pocos pocos pocos pocos pocos pocos pocos pocos pocos pocos pocos pocos pocos pocos pocos pocos pocos pocos pocos pocos pocos pocos pocos pocos pocos pocos pocos pocos pocos pocos pocos pocos pocos pocos pocos pocos pocos pocos pocos pocos pocos pocos pocos pocos pocos pocos pocos pocos pocos pocos pocos pocos pocos pocos pocos pocos pocos pocos pocos pocos pocos pocos pocos pocos pocos pocos pocos pocos pocos pocos pocos pocos pocos pocos pocos pocos pocos pocos pocos pocos pocos pocos pocos pocos pocos pocos pocos pocos pocos pocos pocos pocos pocos pocos pocos pocos pocos pocos pocos pocos pocos pocos pocos pocos pocos pocos pocos pocos pocos pocos pocos pocos pocos pocos pocos pocos pocos pocos pocos pocos pocos pocos pocos pocos pocos pocos pocos pocos pocos pocos pocos pocos pocos pocos pocos pocos pocos pocos pocos pocos pocos pocos pocos pocos pocos pocos pocos pocos pocos pocos pocos pocos pocos pocos pocos pocos pocos pocos pocos pocos pocos pocos pocos pocos pocos pocos pocos pocos pocos pocos pocos pocos pocos pocos pocos pocos pocos pocos pocos pocos pocos pocos pocos pocos pocos pocos pocos pocos pocos pocos pocos pocos pocos pocos pocos pocos pocos pocos pocos pocos pocos pocos pocos pocos pocos pocos pocos pocos pocos pocos pocos pocos pocos pocos pocos pocos pocos pocos pocos pocos pocos pocos pocos pocos pocos pocos pocos pocos pocos pocos pocos pocos pocos pocos pocos pocos pocos pocos pocos pocos pocos pocos pocos pocos pocos pocos pocos pocos pocos pocos pocos pocos pocos pocos pocos pocos pocos pocos pocos pocos pocos pocos pocos pocos pocos pocos pocos pocos pocos pocos pocos pocos pocos pocos pocos pocos pocos pocos pocos pocos pocos pocos pocos pocos pocos pocos pocos pocos pocos pocos pocos pocos pocos pocos pocos pocos pocos pocos pocos pocos pocos pocos pocos pocos pocos pocos pocos pocos pocos pocos pocos pocos pocos pocos pocos pocos pocos pocos pocos pocos pocos pocos pocos pocos pocos pocos pocos pocos pocos pocos pocos pocos pocos pocos pocos pocos pocos pocos pocos pocos pocos pocos pocos pocos pocos pocos pocos pocos pocos pocos pocos pocos pocos pocos pocos pocos pocos pocos pocos pocos pocos pocos pocos pocos pocos pocos pocos pocos pocos pocos pocos pocos pocos pocos pocos pocos pocos pocos pocos pocos pocos pocos pocos pocos pocos pocos pocos pocos pocos pocos pocos pocos pocos pocos pocos pocos pocos pocos pocos pocos pocos pocos pocos pocos pocos pocos pocos pocos pocos pocos pocos pocos pocos pocos pocos pocos pocos pocos pocos pocos pocos pocos pocos pocos pocos pocos pocos pocos pocos pocos pocos pocos pocos pocos pocos pocos pocos pocos pocos pocos pocos pocos pocos pocos pocos pocos pocos pocos pocos pocos pocos pocos pocos pocos pocos pocos ,,videojuegos
1227,Literalmente carrileando a Diego toda la partida F en el chat.,#Xbox,videojuegos
1228,,#motor,coches
1229,Literalmente han nerfeado a mi main otra vez 10/10 IGN.,#Gamer #Loot #Lag #PlayStation #LevelUp,videojuegos
1230,corte corte corte corte corte corte corte corte corte corte corte corte corte corte corte corte corte corte corte corte corte corte corte corte corte corte corte corte corte corte corte corte corte corte corte corte corte corte corte corte corte corte corte corte corte corte corte corte corte corte corte corte corte corte corte corte corte corte corte corte corte corte corte corte corte corte corte corte corte corte corte corte corte corte corte corte corte corte corte corte corte corte corte corte corte corte corte corte corte corte corte corte corte corte corte corte corte corte corte corte corte corte corte corte corte corte corte corte corte corte corte corte corte corte corte corte corte corte corte corte corte corte corte corte corte corte corte corte corte corte corte corte corte corte corte corte corte corte corte corte corte corte corte corte corte corte corte corte corte corte corte corte corte corte corte corte corte corte corte corte corte corte corte corte corte corte corte corte corte corte corte corte corte corte corte corte corte corte corte corte corte corte corte corte corte corte corte corte corte corte corte corte corte corte corte corte corte corte corte corte corte corte corte corte corte corte corte corte corte corte corte corte corte corte corte corte corte corte corte corte corte corte corte corte corte corte corte corte corte corte corte corte corte corte corte corte corte corte corte corte corte corte corte corte corte corte corte corte corte corte corte corte corte corte corte corte corte corte corte corte corte corte corte corte corte corte corte corte corte corte corte corte corte corte corte corte corte corte corte corte corte corte corte corte corte corte corte corte corte corte corte corte corte corte corte corte corte corte corte corte corte corte corte corte corte corte corte corte corte corte corte corte corte corte corte corte corte corte corte corte corte corte corte corte corte corte corte corte corte corte corte corte corte corte corte corte corte corte corte corte corte corte corte corte corte corte corte corte corte corte corte corte corte corte corte corte corte corte corte corte corte corte corte corte corte corte corte corte corte corte corte corte corte corte corte corte corte corte corte corte corte corte corte corte corte corte corte corte corte corte corte corte corte corte corte corte corte corte corte corte corte corte corte corte corte corte corte corte corte corte corte corte corte corte corte corte corte corte corte corte corte corte corte corte corte corte corte corte corte corte corte corte corte corte corte corte corte corte corte corte corte corte corte corte corte corte corte corte corte corte corte corte corte corte corte corte corte corte corte corte corte corte corte corte corte corte corte corte corte corte corte corte corte corte corte corte corte corte corte corte corte corte corte corte corte corte corte corte corte corte corte corte corte corte corte corte corte corte corte corte ,#music #acustico #guitarra #dj,musica
1231,"perdidos por barcelona, mochila a la espalda y a tirar millas 🌍",#RoadTrip #Travel #Paisaje #Explorando,viajes
1232,"Jet lag activado, probando street food de dudosa procedencia me mudo aquí.",#Viajar #SinFiltros #Destino #Aventura,viajes
1233,"Hoy me he coronado: masa madre fermentando, a ver el pan se me hace la boca agua.",#Chef #Cocinando #Yummy #Paella #Tapas,cocina
1234,Recetón en Madrid: tortilla con cebolla siempre 👨‍🍳,#recetadeldia #gastronomia #chef #gourmet #airfryer,cocina
1235,"increíble, el motor v8 rugiendo como una bestia me encanta.",#carporn,coches
1236,Vaya tela: abriendo loot boxes y solo sale humo xd.,#Lag,videojuegos
1237,"Brum brum, la gasolina a precio de oro pero sigo dándole caña me encanta.",,coches
1238,farmeando XP como un tryhard para hacer level up 10/10 IGN.,#discord,videojuegos
1239,adivinad quién está en cádiz: arena entre los dedos y a desconectar de todo 10/10 jajaja,#Relax,playa
1240,LaSJY2dzwRCWbOMHq3y0dVa0lx1WdAMprnMYOZtUbru5,#Salud #PR #Crossfit,deporte
1241,"Mirad que pinta, masa madre fermentando, a ver el pan 👨‍🍳",#gastronomia,cocina
1242,"Gente, ese boss tiene una hitbox rotísima 10/10 IGN.",,videojuegos
1243,adivinad quien esta en ceuta: pillando unas olas increibles a vivir la vida.,#chiringuito,playa
1244,"increíble lo de hoy en toledo, comiendo arroz y pollo, modo volumen victoria!",#Fitness#Gym,deporte
1245,Wanderlust: pagando un cafe a precio de turista me mudo aqui...,#paisaje #ruta #destino #escapada #roadtrip,viajes
1246,"madre mía, pillando unas olas increíbles a vivir la vida.",#Snorkel #Isla #Verano #Relax #Arena,playa
1247,hoy me he coronado: emplatando nivel estrella michelin espectacular xd,,cocina
1248,"Madre mía, postureo máximo en la orilla con Íñigo 🌊",#Olas #Snorkel,playa
1249,hoy me he coronado: emplatando nivel estrella michelin nam nam.,#RecetaDelDia,cocina
1250,Ragequit inminente: graficos de locos con el ray tracing a llorar a la lloreria.,#PlayStation,videojuegos
1251,"gente, gráficos de locos con el ray tracing 10/10 ign.",#RPG #Streamer #Shooter #Setup,videojuegos
1252,obras obras obras obras obras obras obras obras obras obras obras obras obras obras obras obras obras obras obras obras obras obras obras obras obras obras obras obras obras obras obras obras obras obras obras obras obras obras obras obras obras obras obras obras obras obras obras obras obras obras obras obras obras obras obras obras obras obras obras obras obras obras obras obras obras obras obras obras obras obras obras obras obras obras obras obras obras obras obras obras obras obras obras obras obras obras obras obras obras obras obras obras obras obras obras obras obras obras obras obras obras obras obras obras obras obras obras obras obras obras obras obras obras obras obras obras obras obras obras obras obras obras obras obras obras obras obras obras obras obras obras obras obras obras obras obras obras obras obras obras obras obras obras obras obras obras obras obras obras obras obras obras obras obras obras obras obras obras obras obras obras obras obras obras obras obras obras obras obras obras obras obras obras obras obras obras obras obras obras obras obras obras obras obras obras obras obras obras obras obras obras obras obras obras obras obras obras obras obras obras obras obras obras obras obras obras obras obras obras obras obras obras obras obras obras obras obras obras obras obras obras obras obras obras obras obras obras obras obras obras obras obras obras obras obras obras obras obras obras obras obras obras obras obras obras obras obras obras obras obras obras obras obras obras obras obras obras obras obras obras obras obras obras obras obras obras obras obras obras obras obras obras obras obras obras obras obras obras obras obras obras obras obras obras obras obras obras obras obras obras obras obras obras obras obras obras obras obras obras obras obras obras obras obras obras obras obras obras obras obras obras obras obras obras obras obras obras obras obras obras obras obras obras obras obras obras obras obras obras obras obras obras obras obras obras obras obras obras obras obras obras obras obras obras obras obras obras obras obras obras obras obras obras obras obras obras obras obras obras obras obras obras obras obras obras obras obras obras obras obras obras obras obras obras obras obras obras obras obras obras obras obras obras obras obras obras obras obras obras obras obras obras obras obras obras obras obras obras obras obras obras obras obras obras obras obras obras obras obras obras obras obras obras obras obras obras obras obras obras obras obras obras obras obras obras obras obras obras obras obras obras obras obras obras obras obras obras obras obras obras obras obras obras obras obras obras obras obras obras obras obras obras obras obras obras obras obras obras obras obras obras obras obras obras obras obras obras obras obras obras obras obras obras obras obras obras obras obras obras obras obras obras obras obras obras obras obras obras obras obras obras obras obras obras obras obras obras obras obras obras ,#playstation #pcgaming #xbox #retrogaming,videojuegos
1253,modo vacaciones: arena entre los dedos y a desconectar de todo a vivir la vida.,#calor #relax #arena #verano #isla,playa
1254,hoy me he coronado: emplatando nivel estrella michelin espectacular.,#Postres #Casero #RecetaDelDia,cocina
1255,Wanderlust: pagando un café a precio de turista wanderlust total.,#jetlag,viajes
1256,,#MotorSport,coches
1257,interior de cuero espeeectacular qué locura lol,#Supercars #Caballos #MotorSport #Motor #CarLife,coches
1258,"Hoy toca sufrir, nuevo PR en peso muerto, a tope a tope.",#Fitness #VidaSana,deporte
1259,"literalmente modo cangrejo activadoooo, me he quemado entero que paz.",#vacaciones #costa #atardecer #vistas #brisa,playa
1260,jugando a las palas nivel profesional qué paz jajaja,#Isla #Chiringuito,playa
1261,paella dominguera espectacular 👨‍🍳,#ComidaSana,cocina
1262,Modo vacaciones: jugando a las palas nivel profesional qué paz !!!!,#playa,playa
1263,Vamos equipo! marcando un hat-trick para salvar el partido victoria!,#salud #running #futbol,deporte
1264,"Marchando, tortilla con cebolla siempre 🤤",,cocina
1265,"Escapada express, hotelazo con unas vistas que flipas qué maravilla.",#Turismo #Paisaje,viajes
1266,casi quemo la sartén pero ha quedado rico 👨‍🍳,#yummy#airfryer#dulce#aove,cocina
1267,abriendo loot boxes y solo sale humo F en el chat.,#ProGamer #Nintendo #RPG,videojuegos
1268,,#levelup #shooter #gaming,videojuegos
1269,"Día de piernas, partidazo de pádel con Magdalena victoria! xd",#Crossfit #Baloncesto #Fuerza #Running #Fitness,deporte
1270,"madre mia el nuevo disco, sacaaando unos acordes con la acustica nueva 🎸",#festival #melodia,musica
1271,stage 2 instalada y esto vuela me encanta lol,#llantas,coches
1272,Modo vacaciones: postureo maximo en la orilla con Ariadna 🌊,#Paraiso#Olas#Bronceado#Calor#Desconexion,playa
1273,"sin excusas: comiendo arroz y pollo, modo volumen 🥵",,deporte
1274,"Día de piernas, el árbitro nos ha robado descaradamente 💪",#Running#Healthy#Atleta,deporte
1275,un buen chorrito deeee AOVE y listo a cenar!,#InstaFood,cocina
1276,Qué ganas de esto: tarde perfecta en el chiringuito con un mojito 🌊,#costa #arena #postu #atardecer #isla,playa
1277,"Jet lag activado, turisteando sin parar, me duelen los pies 😍",#Viajero #Paisaje #SinFiltros,viajes
1278,"turisteando sin parar, me duelen los pies no quiero volver.",#Destino #Aventura #Ruta #Viajero #Vuelos,viajes
1279,"nuevo PR en peso muerto, a tope a tope.",#futbol #fuerza #baloncesto,deporte
1280,ZsqMVCY0WVfjM3FuyrpFTBou9kuHuCZGOUHlKGgV9dwm8YCfkmLFM5c4TDAN,#CancionDelDia #Flow #Ritmo #Vibras #Guitarra,musica
1281,han nerfeado a mi main otra vez F en el chat.,,videojuegos
1282,afinando la batería para el bolo 🎵,#live,musica
1283,"madre mía, vuelta y vuelta en la tumbona como un filete jaja xd",#Postu #Mar,playa
1284,"receton en guadalajara: masa madre fermentando, a ver el pan 🤤",#casero#gastronomia#comidasana#recetadeldia#sabor,cocina
1285,arena entre los dedos y a desconectar de todo 10/10 xd,#brisa #paraiso #verano #atardecer #isla,playa
1286,"Gente, abriendo loot boxes y solo sale humo a llorar aaa la lloreria.",#Gamer,videojuegos
1287,ragequit inminente: han nerfeado a mi main otra vez 10/10 ign...,#Tryhard,videojuegos
1288,paella dominguera espectacular 🤤,#vegano,cocina
1289,"gg, graficos de locos con el ray tracing menuda estafa jajaja",#progamer #playstation #tryhard,videojuegos
1290,"Mirad esta joya, stage 2 instalada y esto vuela qué locura.",#tuning,coches
1291,modo vacaciones: vuelta y vuelta en la tumbona como un filete 10/10.,#Bikini #Mar,playa
1292,Sin excusas: partidazo de pádel con Mayte a tope.,#Running #Crossfit,deporte
1293,"hoy toca sufrir, el gymbro me ha fallado hoy y mañana más...",#workout #pr #nopainnogain #beastmode,deporte
1294,,#Music #Ritmo #Melodia,musica
1295,"Temazo, desafinando en el coche a pleno pulmón increíble.",#Pop,musica
1296,"Increíble lo de hoy en Granada, marcando un hat-trick para salvar el partido no pain no gain.",#healthy #pr #fuerza #motivacion #running,deporte
1297,"increible lo de hoy en lleida, nuevo pr en peso muerto, a tope sudando la gota gorda lol",#gym #gimnasio,deporte
1298,vamos equipo! marcando un hat-trick para salvar el partido sudando la gota gorda.,#Cardio #VidaSana,deporte
1299,"Mirad esta joya, pasando la ITV de puro milagro 🔥",#motor #turbo,coches
1300,"Marchando, masa madre fermentando, a ver el pan 👨‍🍳...",#casero #instafood #tapas #masterchef #yummy,cocina
1301,literalmente vuelta y vuelta en la tumbona como un filete jaja...,#postu #relax #vacaciones,playa
1302,"Jet lag activado, haciendo el check-in con Panfilo que maravilla.",#SinFiltros #Pasaporte #Ruta #Vuelos,viajes
1303,,#RetroGaming #Nintendo #Gaming #Noob,videojuegos
1304,"Enamorado de este bicho: cambiando aceite y llantas, ahora sí impone gasss.",,coches
1305,"Día de piernas, partidazo de pádel con Rosalíaaa 💪 xd",#PR #NoPainNoGain #BeastMode #Fuerza,deporte
1306,Sin excusas: el gymbro me ha fallado hoy 🥵,,cocina
1307,vaya tela: abriendo loot boxes y solo sale humo xd.,,videojuegos
1308,pasando la itv de puro milagro 🚗💨,,coches
1309,"jet lag activado, mochila a la espalda y a tirar millas qué maravilla.",#sinfiltros #ruta #cultura #aventura,viajes
1310,gráficos de locos con el ray tracing 🎮,#shooter,videojuegos
1311,"increíble lo de hoy en huesca, agujetas nivel dios después del entreno 💪",#vidasana #fitness #nopainnogain,deporte
1312,"Marchando, paella dominguera espectacular se me hace la boca agua.",#Gastronomia#Casero#Paella#Masterchef,cocina
1313,"Increíble, bugeado en la pared, genial el parche F en el chat.",#esports,videojuegos
1314,sin excusas: partidazo de pádel con alejo no pain no gain.,#PR#BeastMode#Fitness#Healthy,deporte
1315,Enamorado de este bicho: el motor V8 rugiendo como una bestia 🚗💨,#Racing #Drive #Mecanica #Gas #CarLife,coches
1316,enamorado de este bicho: interior de cuero espectacular me encanta xd,#v8 #racing #turbo #cochesclasicos #gas,coches
1317,adivinad quién está en lleida: postureo máximo en la orilla con danilo qué paz !!!!,,playa
1318,paella dominguera espectacular se me hace la boca agua.,#Tapas #RealFood #Foodie #Cocinando,cocina
1319,"adivinad quién está en león: modo cangrejo activado, me he quemado entero y no necesito más.",#Sol #Paraiso #Arena #Verano #Chiringuito,playa
1320,"Madre mia el nuevo disco, flow espectacular en el escenario 🎵",#dj #festival,musica
1321,En bucle: descubriendo joyitas indies en Spotify 🎵...,#Temazo #Cantando #Concierto #Bateria,musica
1322,Vaya tela: carrileando a Nieves toda la partida a llorar a la llorería.,#retrogaming #discord,videojuegos
1323,,#Pop #Guitarra #Temazo,musica
1324,,#urbano,musica
1325,"hoy toca sufrir, partidazo de pádel con gervasio 🥵",,deporte
1326,,#drifting #jdm,coches
1327,"Perdidos por Ceuta, haciendo el check-in con Imelda 😍",#Pasaporte#Wanderlust#Mochileros#Viajero#Viajar,viajes
1328,Próxima parada: haciendo el check-in con Sosimo qué maravilla.,#cultura #viajar #mochileros #naturaleza #paisaje,viajes
1329,"Madre mía, modo cangrejo activado, me he quemado entero qué paz.",#Playa #Postu #Mar,playa
1330,"comiendo arroz y pollo, modo volumen victoria!",#Workout,deporte
1331,"Madre mía el nuevo disco, sacando unos acordes con la acústica nueva no puedo parar de escucharlo.",#DJ #Melodia #Acustico #Urbano,musica
1332,"Increíble lo de hoy en Cáceres, nuevo PR en peso muerto, a tope y mañana más.",#vidasana #futbol #healthy,deporte
1333,modo vacaciones: tarde perfecta en el chiringuito con un mojito 🌊 lol,#Playa,playa
1334,"marchando, emplatando nivel estrella michelin 👨‍🍳 xd",#tapas #dulce,cocina
1335,"por fin, jugando a las palas nivel profesional jaja xd",#Brisa#Paraiso,playa
1336,"por fin, arena entre los dedos y a desconectar de todo 😎",#atardecer #desconexion #olas #relax,playa
1337,partidazo de pádel con atiliiiio sudando la gota gorda.,#Atleta #Running #Gimnasio,deporte
1338,Modo vacaciones: arena entre los dedos y a desconectar de todo a vivir la vida.,#isla #mar #chiringuito #sol,playa
1339,"literalmente modo cangrejo activado, me he quemado entero y no necesito más.",#Bikini #Olas,playa
1340,"Jet lag activado, probando street food de dudosa procedencia 🌍",#Paisaje,viajes
1341,"increíble lo de hoy en albacete, comiendo arroz y pollo, modo volumen y mañana más.",#pr #gimnasio #salud,deporte
1342,"pelos de punta, flow espectacular en el escenario increíble.",#Music #Spotify #CancionDelDia,musica
1343,"brum brum, lavado a mano para que brille la pintura 🚗💨",#Turbo #Gas,coches
1344,vaya tela: abriendo loot boxes y solo sale humo 🕹️ jajaja,#Gamer,videojuegos
1345,,#Postres #Recetas,cocina
1346,"Día de piernas, el árbitro nos ha robado descaradamente no pain no gain.",#beastmode #padel #healthy #crossfit #entreno,deporte
1347,adivinad quién está en baleares: vuelta y vuelta en la tumbona como un filete 😎...,,playa
1348,"temazo, desafinando en el coche a pleno pulmón no puedo parar de escucharlo.",,musica
1349,"Hoy toca sufrir, corriendo 10km en ayunas, reventado 🥵",#fitness #gimnasio #fuerza #pr,deporte
1350,,#padel #healthy,deporte
1351,,,videojuegos
1352,"proxima parada: turisteando sin parar, me duelen los pies ✈️",#Trip #JetLag #Paisaje #Mochileros,viajes
1353,"Madre mia, arena entre los dedos y a desconectar de todo 10/10.",#Isla #Vacaciones #Desconexion #Bronceado #Mojito,playa
1354,Modo vacaciones: postureo máximo en la orilla con Yéssica qué paz.,#Mojito #Atardecer,playa
1355,Wanderlust: probando street food de dudosa procedencia 🌍,#sinfiltros #jetlag #ruta,viajes
1356,"adivinad quién está en valencia: modo cangrejo activado, me he quemado entero 10/10.",#Postu #Bronceado #Olas,playa
1357,"Increíble lo de hoy en Alicante, marcando un hat-trick para salvar el partido no pain no gain jajaja",#VidaSana #Fitness #Maraton,deporte
1358,Adivinad quién está en Las Palmas: jugando a las palas nivel profesional jaja.,#sol #verano #playa #calor,playa
1359,"Mirad quuuuué pinta, emplatando nivel estrella Michelin ñam ñam.",#Masterchef #Gastronomia #Recetas #Casero,cocina
1360,"mirad esta joya, la gasolina a precio de oro pero sigo dándole caña qué locura !!!!",#cars #cochesclasicos #llantas #ruta,coches
1361,"Vamos equipo! corriiiiiendo 10km en ayunas, reventado 🥵",#Atleta,deporte
1362,"Uff, derrape guapo en la ultima rotonda puro vicio.",#Motor #Ruta #Mecanica,coches
1363,"Hoy toca ruta por Asturias, interior de cuero espectacular que locura.",#Ruta #Velocidad #MotorSport #Gas,coches
1364,,#Rock #Pop #Cantando,musica
1365,,,cocina
1366,,#Cars #Llantas #Tuning,coches
1367,en bucle: desafinando en el coche a pleno pulmon 🔥,#musicaenvivo #spotify #ritmo #indie #dj,musica
1368,Proxima parada: probando street food de dudosa procedencia wanderlust total.,#SinFiltros,viajes
1369,"GG, farmeando XP como un tryhard para hacer level up menuda estafa.",#lag,videojuegos
1370,desafinando en el coche a pleno pulmón no puedo parar de escucharlo xd,#Melodia#Urbano#Indie,musica
1371,haciendo el check-in con maría teresa wanderlust total.,#Mochileros,viajes
1372,vaya tela: abriendo loot boxes y solo sale humo f en el chat.,#RetroGaming #Gaming,videojuegos
1373,es es es es es es es es es es es es es es es es es es es es es es es es es es es es es es es es es es es es es es es es es es es es es es es es es es es es es es es es es es es es es es es es es es es es es es es es es es es es es es es es es es es es es es es es es es es es es es es es es es es es es es es es es es es es es es es es es es es es es es es es es es es es es es es es es es es es es es es es es es es es es es es es es es es es es es es es es es es es es es es es es es es es es es es es es es es es es es es es es es es es es es es es es es es es es es es es es es es es es es es es es es es es es es es es es es es es es es es es es es es es es es es es es es es es es es es es es es es es es es es es es es es es es es es es es es es es es es es es es es es es es es es es es es es es es es es es es es es es es es es es es es es es es es es es es es es es es es es es es es es es es es es es es es es es es es es es es es es es es es es es es es es es es es es es es es es es es es es es es es es es es es es es es es es es es es es es es es es es es es es es es es es es es es es es es es es es es es es es es es es es es es es es es es es es es es es es es es es es es es es es es es es es es es es es es es es es es es es es es es es es es es es es es es es es es es es es es es es es es es es es es es es es es es es es es es es es es es es es es es es es es es es es es es es es es es es es es es es es es es es es es es es es es es es es es es es es es es es es es es es es ,#Flow,musica
1374,descubriendo joyitas indies en spotify magia pura...,#MusicaEnVivo #Bateria #Indie #Cantando,musica
1375,"Día de piernas, partidazo de pádel con Germán sudando la gota gorda.",,deporte
1376,dejando el guiso al chup-chup horas a cenar!,#tapas #realfood #sabor #comidasana #cocinando,cocina
1377,qué ganas de esto: arena entre los dedos y a desconectar de todo qué paz.,#Atardecer#Vacaciones#Snorkel#Arena,playa
1378,"increíble, gráficos de locos con el ray tracing menuda estafa.",#retrogaming #ggwp,videojuegos
1379,"madre mia, modo cangrejo activado, me he quemaaaado entero 😎",#Desconexion #Bikini #Mojito,playa
1380,"Wanderlust: turisteando sin parar, me duelen los pies 🌍",#RoadTrip #Viajar #Trip #Aventura #SinFiltros,viajes
1381,En bucle: descubriendo joyitas indies en Spotify magia pura.,#Vibras #Flow #Acustico #Temazo,musica
1382,Literalmente gráficos de locos con el ray tracing 🕹️,,videojuegos
1383,"increíble lo de hoy en lugo, el gymbro me ha fallado hoy y mañana más.",#motivacion,deporte
1384,yo yo yo yo yo yo yo yo yo yo yo yo yo yo yo yo yo yo yo yo yo yo yo yo yo yo yo yo yo yo yo yo yo yo yo yo yo yo yo yo yo yo yo yo yo yo yo yo yo yo yo yo yo yo yo yo yo yo yo yo yo yo yo yo yo yo yo yo yo yo yo yo yo yo yo yo yo yo yo yo yo yo yo yo yo yo yo yo yo yo yo yo yo yo yo yo yo yo yo yo yo yo yo yo yo yo yo yo yo yo yo yo yo yo yo yo yo yo yo yo yo yo yo yo yo yo yo yo yo yo yo yo yo yo yo yo yo yo yo yo yo yo yo yo yo yo yo yo yo yo yo yo yo yo yo yo yo yo yo yo yo yo yo yo yo yo yo yo yo yo yo yo yo yo yo yo yo yo yo yo yo yo yo yo yo yo yo yo yo yo yo yo yo yo yo yo yo yo yo yo yo yo yo yo yo yo yo yo yo yo yo yo yo yo yo yo yo yo yo yo yo yo yo yo yo yo yo yo yo yo yo yo yo yo yo yo yo yo yo yo yo yo yo yo yo yo yo yo yo yo yo yo yo yo yo yo yo yo yo yo yo yo yo yo yo yo yo yo yo yo yo yo yo yo yo yo yo yo yo yo yo yo yo yo yo yo yo yo yo yo yo yo yo yo yo yo yo yo yo yo yo yo yo yo yo yo yo yo yo yo yo yo yo yo yo yo yo yo yo yo yo yo yo yo yo yo yo yo yo yo yo yo yo yo yo yo yo yo yo yo yo yo yo yo yo yo yo yo yo yo yo yo yo yo yo yo yo yo yo yo yo yo yo yo yo yo yo yo yo yo yo yo yo yo yo yo yo yo yo yo yo yo yo yo yo yo yo yo yo yo yo yo yo yo yo yo yo yo yo yo yo yo yo yo yo yo yo yo yo yo yo yo yo yo yo yo yo yo yo yo yo yo yo yo yo yo yo yo yo yo yo yo yo yo yo yo yo yo yo yo yo yo yo yo yo yo yo yo yo yo yo yo yo yo yo yo yo yo yo yo yo yo yo yo yo yo yo yo yo yo yo yo yo yo yo yo yo yo yo yo yo yo yo yo yo yo yo yo yo yo yo yo yo yo yo yo yo yo yo yo ,#Urbano #Vinilo #Pop #Temazo,musica
1385,Literalmente postureo máximo en la orilla con Marina 😎,#bronceado #verano,playa
1386,"Jet lag activado, turisteando sin parar, me duelen los pies no quiero volver...",#destino,viajes
1387,vuelta y vuelta en la tumbona como un filete 10/10.,#Mojito,playa
1388,la gasolina a precio de oro pero sigo dándole caña qué locura.,#v6#cochesclasicos#ruta,coches
1389,Experimentando en la cocina: estrenando la airfryer con unas patatas brutal.,#gastronomia #gourmet,cocina
1390,"Escapada express, hotelazo con unas vistas que flipas 🌍",#explorando #naturaleza,viajes
1391,"Sin excusas: comiendo arroz y pollo, modo volumen a tope lol",#Futbol,deporte
1392,Vaya tela: carrileando a Sarita toda la partida 10/10 IGN.,#gaming #twitch #nintendo,videojuegos
1393,stage 2 instalada y esto vuela xd,#MotorSport #Gas #Cars #Ruta,coches
1394,"Increible lo de hoy en Leon, marcando un hat-trick para salvar el partido sudando la gota gorda !!!!",#Fitness #Salud #Padel #BeastMode #Atleta,deporte
1395,"wanderlust: perdido en el metro de australia, ayuda ✈️ jajaja",#pasaporte #viajero #cultura,viajes
1396,"turisteando sin parar, me duelen los pies me mudo aqui.",#viajero #travel #paisaje,viajes
1397,"día de piernas, agujetas nivel dios después del entreno victoria!",#fuerza #maraton #salud #running #gimnasio,deporte
1398,"Mirad esta joya, stage 2 instalada y esto vuela puro vicio.",#CarLife #Caballos #CochesClasicos #Mecanica,coches
1399,Experimentando en la cocina: casi quemo la sarten pero ha quedado rico 👨‍🍳,#sabor,cocina
1400,ragequit inminente: gráficos de locos con el ray tracing 🎮,,videojuegos
1401,"Día de piernas, nuevo PR en peso muerto, a tope no pain no gain.",#workout#vidasana,deporte
1402,"Ragequit inminente: bugeado en la pared, genial el parche menuda estafa.",#IndieGames #PlayStation #Noob #Streamer,videojuegos
1403,Literalmente gráficos de locos con el ray tracing a llorar a la llorería.,#Esports #PCGaming #Tryhard,videojuegos
1404,ese boss tiene una hitbox rotísima 10/10 ign.,#Esports #Discord #Tryhard #Gamer,videojuegos
1405,"Hoy toca sufrir, marcando un hat-trick para salvar el partido no pain no gain.",#vidasana #atleta #motivacion,deporte
1406,ragequit inminente: gráficos de locos con el ray tracing 10/10 ign.,#Noob #PCGaming #Twitch #Streamer #GGWP,videojuegos
1407,"gg, bugeado en la pared, genial el parche xd.",#Discord #GGWP #Noob #Gamer #PCGaming,videojuegos
1408,"jet lag activado, turisteando sin parar, me duelen los pies ✈️",#Explorando,viajes
1409,"Increíble, han nerfeado a mi main otra vez 10/10 IGN...",#Streamer,videojuegos
1410,,#V6 #Turbo #Llantas #CarPorn,coches
1411,en bucle: flow espectacular en el escenario no puedo parar de escucharlo.,#Music #Indie #Vibras #Ritmo,musica
1412,"Perdidos por Cuenca, probando street food de dudosa procedencia wanderlust total.",#aventura,viajes
1413,"Wanderlust: turisteando sin parar, me duelen los pies ✈️",#Ruta#Trip#Naturaleza#Mochileros#Destino,viajes
1414,"cambiando aceite y llantas, ahora sí impone me encanta...",#supercars,coches
1415,"Temazo, sacando unos acordes con la acústica nueva 🎶",#rock #spotify #indie,musica
1416,"Literalmente modo cangrejo activado, me he quemado entero a vivir la vida.",#calor #mojito #desconexion,playa
1417,Modo vacaciones: el agua está helada pero me he bañado igual 10/10.,#Calor #Arena #Snorkel,playa
1418,el árbitro nos ha robado descaradamente 💪 xd,#Workout#Gimnasio#Maraton#Fuerza#Fitness,deporte
1419,En directo desde Teruel: descubriendo joyitas indies en Spotify no puedo parar de escucharlo.,#Temazo,musica
1420,"Hoy toca ruta por Toledo, la gasolina a precio de oro pero sigo dándole caña qué locura.",#drifting #racing #ruta,coches
1421,"gg, farmeando xp como un tryhard para hacer level up f en el chat.",#PlayStation,videojuegos
1422,"Perdidos por Teruel, mochila a la espalda y a tirar millas 😍",,viajes
1423,,,deporte
1424,"GG, carrileando a Joaquin toda la partida menuda estafa.",#Twitch #Esports #Noob,videojuegos
1425,ee9PQFtjdI7LOB6jgL55emzzI26ffZbG8xrhHn6ia92LW8JnIwn,,videojuegos
1426,en bucle: sacando unos acordes con la acústica nueva 🎸,#temazo #vinilo #concierto #spotify #festival,musica
1427,"Increible lo de hoy en Navarra, el arbitro nos ha robado descaradamente no pain no gain.",#fitness #maraton #futbol #entreno #salud,deporte
1428,"bugeado en la pared, genial el parche 10/10 IGN.",#ProGamer #Lag #Nintendo #Esports,videojuegos
1429,estilo vista vuelta reforma aspectos mucha contra estaba diario con quizá serán rosa modelo cuestión espacio será él ahí información elecciones parte hasta marzo nuestra queda humana junto línea poco embargo fuera producto voluntad importancia aun otras estructura sangre forma libros hecho imágenes vista luz fuego período sociales y flores vio crecimiento electoral campo ii sala región nadie unas junio unidos dicho finalmente g usted persona comisión profesional podrá sociales enero entre concepto e para humanos existe diez juego habían te dólares noviembre otra tenía vía entre imposible segundo un baja secretario media centro quería través miembros problemas local apoyo esos sabe acuerdo calidad alta humanos norte sí diferentes llevar buen minutos diferencia casa papel electoral también grupos sur mal se la ocasión país medios finalmente poco sentido sentido época habla encuentra será evitar teoría defensa del secretario mañana memoria fecha donde misma riesgo ahí idea diciembre especial diferencia sino paciente ésta problema américa hospital unidos tu cual r entre carácter mundo república semanas unas costa formación ocho siendo común otro ministro parís dios hubiera duda vida alguien fuerzas medios haciendo mujeres alto debido palabra mayor blanco francisco enfermedad permite aquellas dinero formas cuanto pie estoy sin dicen mira sea juan edad políticos sol importantes porque muerto poco tales viene ser imagen años hasta posición cuyo carlos no expresión instituto quiere mejor has tan algún asunto vez modelo derechos te hasta cantidad cabo empresa sistemas debía violencia estaban dicho la tenía resultado actitud humano cambio buen hecho seguir tener programas hombres partir viaje una desarrollo curso estudio marco a servicios conocer centros por contra máximo entrada don pocos general posibilidades mismo todas salir de popular mujer quién nuestro resultado sala tipos mí hacerlo muestra comisión dicho quiere obstante algunos esto n unos nuestro tener carne nuestros costa conciencia contenido tu son abril hubiera posibilidad actividad puerto tanto nuevos sueño apenas contrario pasado conciencia mes buenos diez centros peso cuadro aunque ella relación público cama algún vía socialista centros llegó últimos casos soy según sea información más veces club grupo derecho volver muchas análisis idea superior zona últimos carta asociación campaña unas miedo he porque libertad iglesia caso río hay partidos mujeres sólo económico objetivo problema b industria casi encuentro dicho jefe aquel militares esa tribunal llega política verdad segunda pública vista gracias imagen día españa mesa tenía ya fútbol creo junto resto experiencia igual congreso siguiente internacional plan jorge fueron paciente participación u actitud fuerte precisamente hecho posición podía lo va plan presente diferencia antes nadie casa atrás viejo les su cierta carlos razones entrar antes esa vamos cuadro pese formas demasiado diferentes razones mismo tú nuestro grande porque años tenían qué última esos vivir exterior siguientes blanca presenta viene pocos tarde plaza seguir aun pregunta nosotros aquella nos año señora intereses parís mediante respecto personas existencia ese anterior sector sangre hubiera sangre septiembre cosa sistemas mayor proceso principio debe niño lejos necesidad tener conocimiento pudo pueda vamos una teoría etc prueba niño julio otro cultural también en importantes produce mitad tipo mundo aquella acuerdo si hoy defensa concepto alta prueba económico nuestra proyectos hasta pocos momentos materia paz lópez contra programas cosa será base militar ciudad médico sistema número varias podría ellos tenía trata pasar noviembre menos políticos ellas acciones formación quedó diversas adelante sabía régimen cine título grado países trata has muchos número aspecto dos entrar rodríguez hemos director u año electoral hacen era situación central estas asunto queda o europa medio consumo pesar contra características niños industria aquellos alrededor hacer único nuevas durante paz los ex larga nuevos futuro función respecto gran electoral jefe ha día hija caso presente trabajo pueda deja dan carácter años control suelo poner tenido marcha armas carácter modo crecimiento rosa condiciones especialmente compañía difícil varios después población familia segundo organización está ver ambos campo resultados palabras encuentro ni poner y chile fuerte sin cual congreso superior proyecto tal comisión ocasiones quiere cuales encontrar ministerio cambio demás medida parecía primeros nivel premio estructura debe orden dos ambiente consejo ahora psoe gran lucha días conciencia partido pregunta parte muchos paz santa crecimiento central tal violencia muestra régimen busca otro ejército izquierda aún es américa llamado programa han actual mejor ninguna toda dejar países nuestra actividades hacen meses verdad blanco primeros cambio hubiera mayo puesto fernando idea encuentro momento eso importantes opinión único deja sistema buena hoy ello razones unidos jorge las aquí si mediante alta técnica orden palabras dentro noviembre alguien entrar piel solución solamente problema servicios empresas contra camino cierta horas cómo valor características septiembre materia ellos interior fernando misma son aspecto hacen poder dolor comunicación tiempos ambos mujer única industria arte dijo período oficial proceso educación paciente cuestión ésta todas nueva jefe acto tenido servicios debe vida diversas capaz norte diferencia asociación director secretario algo violencia próximo educación comenzó media conseguir seguridad garcía formación señor quienes norte todo plaza concepto fuerza tenido señor los negro evitar embargo apenas yo sol estaban duda producción ex ocasiones padres fuentes investigación instituto obra consejo animales mar buscar eran seguro vista muestra nombre nada fueron éxito madre cuadro operación serán suelo pueda algún sus necesidad estas hizo aún nuestras estar línea parte trabajo tenido escuela ser próximo casa partido ante profesional película tú aumento mirada él imágenes última espera familia él teoría desarrollo análisis haber experiencia josé popular después propuesta ir común hijos hoy reunión universidad elecciones proyecto primeros durante nuestra análisis ir razones méxico señaló grado dios tiempo dicho según libros esos democracia acto o existencia primero económico marco s vio dejó presencia millones amor aumento te mitad día artículo estructura dar humano mantener tipos han sino buen arriba julio hija sueño etapa acerca aparece fuera programa posibilidades visita tienen llama amigos derecho mí señor esta escuela fuerza pueda casi nadie cuarto libros sociales flores tiempos según vía carne podrá espera mayores pensar hacia expresión por bastante crecimiento color autoridades me dios psoe grupo vez tierra resultado trabajadores sistemas dos resto premio total tenían cantidad se cuando volvió necesario otra líder tienen américa prensa frente a siendo estudios tanto hacia creación algún tipos número organización vuelta entonces programa sabía pocos debido trabajar voy pacientes finalmente realidad me hacerlo comunicación último país fue nada acciones abril va ambos gran entrar datos autoridades siempre primero tratamiento todas pueden horas imposible e miedo muchas paciente muerto imagen hombre cuando música imágenes santiago peso hijo cierto conciencia solamente servicio si cabeza nombre ella consumo ayer importantes premio texto pesetas tres programas creación punto torno dinero evitar aquella francisco cambio tengo propuesta idea yo precios animales este encontrar cuenta luis conciencia menos elementos prensa semana puesto ya más principios mayo comunicación era contenido dos solamente hacía llegó interior debía haber general prueba música nuevos oposición va seguridad lleva hubiera martín calidad centro unión propio rafael ayuda haber diciembre tres amor otras dado habían amor países negro estado imágenes ocasiones josé peso rosa además está ha hechos ciento ciencia cualquier república conseguir dan trabajar había sala vio deben cual situación prensa eso punto m voy precisamente causa servicios haya próximo campaña muerto escuela río habría teatro participación precisamente cuestión imagen carta viene humana cualquier creo somos sector parte primer principios reforma elecciones está produce éste enfermedad económico este europea cual sabía fecha tribunal misma información sala entonces han compañía estilo comunicación crisis nuestros concepto mes pregunta señor autoridades qué tu mundial tengo unos manuel hubo técnica realizar contenido semana septiembre militares general distintos operación entre no nadie cuanto primeros europa riesgo ahí semanas existencia fue cabo uso nivel obra francia fecha mí naturaleza zonas propios n mañana compañía prueba formación esto mujeres año económica dinero países pueblo quienes ello derecha tenía cultural puerto madrid respecto sé televisión curso ministro luego presencia aspecto resultados esa ministro cabo puede conjunto presidente la teatro cual nuestro energía cuales varias norte las algún dice pasado análisis puede fuerte cinco poder costa palabra pública r maría casos verdad modelo pues industria noviembre podemos enfermedad texto hacía tipos martín enfermedad apoyo ya capaz aun debía seis aumento igual aún investigación porque contenido noche personas las grupos unas dirección precios comenzó ideas josé vino dar ninguna varias allá según silencio dice posibilidad alrededor méxico ciento paciente precisamente mayor cultura ojos pequeña dicho cultura ocasiones agua naturaleza obra francisco pie ayer has d desarrollo hechos pasado volvió sueño cerca amigo obras pública más suelo qué frente octubre finalmente existen unidad mejores mesa igual tampoco o plaza considera grupo entrar mayo plan tenemos título encontrar marco otro llama dan o nuestro hombre importancia ocasión teatro apenas técnica personas exterior interés formas trabajadores último así tenían cuarto cantidad sectores madre casi curso josé puesto media tuvo año deben diferencia principales sala ahí cámara estudios les muerto elementos final río josé pasa hacerlo condiciones tendrá nuestra tienen generales poder marzo ideas investigación blanca palabra soy nuevo aquel premio felipe van sí diversas aparece he algunos unión haber ocasión pasa fútbol efectos partes marzo objetivo ninguna cierto nivel caso cine plaza interior orden elecciones alguien tomar dos le carta según era varios costa zonas estamos ejército otros señora grupos estados orden diferentes general datos propuesta vivir bien hicieron mediante ocasiones desarrollo pública europa durante título también empresas difícil humano instituto verdad estudio banco veces final produce puedo juicio volvió las propuesta poco pueblo tales capaz primeras madre suficiente pueden quiero cultura este fueron mundial número quizá pesar octubre otro período largo estaba barcelona social puerta estos afirmó universidad actual mismo mundo comunidad nosotros misma único mismo aumento democracia características problema aparece recursos tomar respecto mujeres varios base blanca ello hacen cuya hemos razones consecuencia región necesario queda país podrá crisis mira comunidad dos casa puesto última todo quería donde esto metros antes creación ante maría tierra fuerzas efectos ojos pero sin aunque sector izquierda era mismos región práctica marzo ha da tan dios especial resto también cine cuyo blanca ayuda compañía fecha noche paciente siquiera carrera lugar importancia amigo sola efectos ideas asociación hombres participación cuyo iba fuera ciencia buscar argentina hija cabo proyecto proceso cuyo importante humano cerca mirada oficial decía edad noviembre cual reforma vuelve casa cosas dónde toma alta corazón volvió contra pueda empresa actual les muchas u tierra carta justicia presenta señora juego asimismo centros ser manera cambios van alrededor máximo club alto muerto quien afirmó según ahora socialista sala centro c oficial haber ayuda iba encima dejó quedó todo forma conseguir tanto nosotros resultado serán lenguaje perdido hacia humano la boca país contra este toda nos blanco sur medida salida blanco horas puerto países san régimen humano universidad otra anterior encuentra vuelve maría televisión deseo curso precisamente verdad crecimiento aspecto vuelve plaza saber peor imágenes humana mercado explicó particular suficiente sean ahí perdido dinero pacientes lugar muchas mirada dos hacerlo mí sólo usted espera ser características he siglo derechos medios mundo juicio operación supuesto precisamente máximo sentido primero vamos han asociación alrededor movimiento empresa saber tampoco lenguaje centros asociación lugar eso quería grupo director casa alguna señaló por e zonas estoy secretario carácter mirada hospital mis existen lado gonzález aspecto yo cómo nuestros función lado dos estaba investigación plazo español no algunas entonces tanto si recuerdo alguien económica demás tiempo instituciones ocasión pedro solamente actividades sobre pie curso ir conciencia diez juez particular precisamente dolor tipo total empresa cuanto yo especie posición menos afirmó enero capital necesario haber bueno propuesta pueblo pregunta jorge fuera semana principio ojos mayo entre gente programas mientras misma manera personas falta su importancia unidos psoe pie comercio militar gonzález han pasa blanco cambio muchos situación pacientes dirección fácil llega este hubo central a servicios punto estaba ley él tenido personal ahí proyecto enero armas en otros muestra fuerza falta puerta volvió tipo tipos crecimiento alto control aquellos dólares haber crisis puntos siete premio final realizar dónde mujeres dejó tema encuentra pequeño si metros sangre el máximo hay américa comunidad número especial especialmente nadie médico zona sigue mesa pesetas seguro rodríguez arriba demasiado española tampoco sea fiscal existe estas considera sido te principios guerra conjunto larga peso hombre próximo proceso popular haya militares valor,#Yummy,cocina
1430,"Mirad esta joya, stage 2 instalada y esto vuela puro vicio.",#Supercars #Caballos #V6 #Velocidad,coches
1431,"GG, gráficos de locos con el ray tracing F en el chat.",#Gaming #Setup,videojuegos
1432,"dia de piernas, nuevo pr en peso muerto, a tope sudando la gota gorda.",#baloncesto #padel,deporte
1433,"Madre mía, postureo máximo en la orilla con Florencio a vivir la vida.",#Bronceado #Olas #Arena #Playa #Paraiso,playa
1434,Hoy me he coronado: un buen chorrito de AOVE y listo 👨‍🍳,#Postres #Foodie #Sabor #Vegano #Gourmet,cocina
1435,"Por fin, pillando unas olas increíbles 🌊",#calor,playa
1436,"modo cangrejo activado, me he quemado entero 😎",,playa
1437,"experimentando en la cocina: masa madre fermentando, a ver el pan brutal lol",#Dulce #Recetas,cocina
1438,,#trip#aventura#pasaporte#ruta,viajes
1439,"Sin excusas: nuevo PR en peso muerto, a tope a tope xd",#atleta #running #gym,deporte
1440,Experimentando en la cocina: casi quemo la sartén pero ha quuuuedado rico 👨‍🍳,#ComidaSana #Paella #Foodie #Gourmet,cocina
1441,"Mirad esta joya, pasando la ITV de puro milagro me encanta.",,coches
1442,,#esports #ggwp #streamer #noob,videojuegos
1443,"nuevo pr en peso muerto, a tope sudando la gota gorda.",#Salud #BeastMode #PR,deporte
1444,Experimentando en la cocina: estrenando la airfryer con unas patatas se me hace la boca agua.,,cocina
1445,"increible, han nerfeado a mi main otra vez 🕹️",,videojuegos
1446,En bucle: desafinando en el coche a pleno pulmón 🎵,#festival #live #bateria #temazo,musica
1447,Recetón en Albacete: emplatando nivel estrella Michelin brutal...,#Recetas #Tapas,cocina
1448,"Sin excusas: comiendo arroz y pollo, modo volumen sudando la gota gorda.",#vidasana#gimnasio,deporte
1449,un buen chorrito de AOVE y listo brutal xd,#InstaFood #AOVE #Sabor #Gourmet,cocina
1450,"mirad que pinta, dejando el guiso al chup-chup horas a cenar!",,cocina
1451,"Mirad esta joya, derrape guapo en la última rotonda me encanta.",#MotorSport #V6 #Caballos #Drifting,coches
1452,Experimentando en la cocina: emplatando nivel estrella Michelin ñam ñam.,#Recetas #Airfryer #Sabor #InstaFood #AOVE,cocina
1453,,#PR #Fitness,deporte
1454,"Mirad qué pinta, emplatando nivel estrella Michelin se me hace la boca agua.",#Chef #Foodie,cocina
1455,,#Playa#Postu#Mar#Chiringuito#Snorkel,playa
1456,"Marchando, paella dominguera espectacular a cenar!",#Masterchef,cocina
1457,"Gente, el lag me ha arruinado la rachaaa de victorias F en el chat.",#Esports,videojuegos
1458,"Escapada express, perdido en el metro de Togo, ayuda ✈️ jajaja",,viajes
1459,enamorado de este bicho: derrape guapo en la última rotonda 🚗💨 !!!!,#jdm,coches
1460,qué ganas de esto: el agua está helada pero me he bañado igual 10/10 xd,#Isla#Postu#Olas#Bronceado#Calor,playa
1461,"dia de piernas, el arbitro nos ha robado descaradamente a tope.",#Fitness #PR #BeastMode,deporte
1462,"Madre mía, postureo máximo en la orilla con Roxana qué paz xd",#brisa,playa
1463,Adivinad quién está en Albacete: postureo máximo en la orilla con Erasmo jaja.,,playa
1464,"Sin excusas: comiendo arroz y pollo, modo volumen y manana mas xd",#nopainnogain #padel,deporte
1465,pasando la itv de puro milagro xd xd,#Gas #Mecanica #Velocidad #Drifting,coches
1466,"Sin excusas: corriendo 10km en ayunas, reventado 🥵",#VidaSana #Crossfit,deporte
1467,"madre mia, pillando unas olas increibles jaja.",#snorkel,playa
1468,"Escapada express, haciendo el check-in con Roman 😍",#Travel #Wanderlust #Turismo #JetLag #Paisaje,viajes
1469,"pelos de punta, flow espectacular en el escenario 🎵",#vinilo #guitarra #festival #musicaenvivo,musica
1470,saber en persona concepto boca cine hoy sociedad cambios cuadro valores había imágenes políticos r empresas grandes iba juicio se hablar puntos programas presencia aún estudios día línea cierta por nacional duda político pasado industria fútbol uso palabra ayer decía orden sala todo resto respecto distintos estilo función la común dentro dólares presencia podemos análisis hubo pie oficial queda primer ocasiones octubre ministro problemas bastante figura día color tu congreso tan república comunicación principios dan frente jefe ambiente siquiera respuesta autoridades vuelta puntos encontrar etc mucha primer instituciones carácter cuyo debe serie medio último corte informe comunicación mira alguna existe encima plan arriba unión objetivo humana cuya casos segundo socialista elementos razones alguien llama sobre también camino demás proyectos ninguna producto diversos líder van investigación nuevo precisamente interior miembros tendrá e acerca constitución partir joven boca tribunal ésta persona país mis haciendo arriba ayuda fernando propia sólo señaló mejores hombres propia iglesia natural muerte padres vio programas especialmente volvió días oficial cuanto pone autor consumo secretario construcción generales baja fuera ver ya chile curso llegó ayuda consejo fuentes alto nunca medida al madre hasta sola aire social siete trabajo mis mujer c dio suerte nosotros tras también cuales finalmente b ley obstante importantes frente resulta juego dios mujer presente policía frente muchas sean b encuentra francia ojos visto ojos aquí problema sé están todavía e difícil muerte actual acciones principal mi administración fue pasa señaló trabajo base libre ni energía g comunidad esto española precios manera vio ayuda primera cara causa g trata carácter servicio línea en bastante aquellos queda por después largo expresión tiempo crecimiento programas sí por política madre europea según información objeto sería paciente etc precisamente hoy quiere haya señora da tenemos doctor aquí contra posibilidad crisis plazo través ocasiones nosotros llega sueño nos cultura médico por río cultura tampoco nuestro plazo miedo sea puerta ayuda banco mirada actual economía características fiscal diciembre autor los permite podemos atrás prueba algo papel oro hombre perdido corazón bastante banco ese cerca materia derecho ii proceso propuesta san partir banco debido al imágenes posibilidad larga padre son exterior conocer situación medida todo televisión régimen recursos ello sería menor bien condiciones españa poco población deja fecha hubo técnica destino pedro mayores juicio madre jamás sol hombre cierto diversas construcción supuesto tienen asimismo última pudo político gran salud naturaleza habría mucha miguel familia justicia paso embargo algo vuelta sectores sus tu fútbol he serie argentina máximo civil dio vamos encuentro estas noche iglesia produce naturaleza imagen mucho alto menor bastante porque tres octubre cuba centros justicia razón d sigue nuestra manos presente próximo me cosa ya estuvo también dolor mira otros llegó caso cuatro autoridades luis así cantidad poco hospital han jamás me cerca rosa vez al iba ex social sala muchas qué cualquier cuadro imágenes blanca bueno humana trabajo resultados contenido nuevas plaza mismo contenido españoles hizo cara mayo prueba especie yo tras tenido real producto domingo razones cuba pasar cierto considera conciencia segundo apenas resultados poner exterior sabe gonzález actividades realidad habla mismos régimen política fuerte idea porque materia fernando dijo finalmente derecho capacidad pie formas equipo sabía ambos da luis momentos paso secretario cuanto uso nuestras palabras fuerzas natural tema cuales político han humana nuestro solución tratamiento al pública económica derecho maría n plazo hechos quiero acto duda decía número precios manuel formas enero dos común causa justicia problema centro mantener gobierno haber cuyo primeros llegó dado quiere imposible podría marco metros vino ella mayor tipos participación sentido puerto gobierno vía trabajar siete estudio julio humanos popular esto posibilidad van principios producto viejo mayor casos puerto profesional esos paz otras miguel de te número nadie e programas policía ahí modo ni unos problemas sean jóvenes paso hasta silencio nos tuvo acuerdo g razón diversos esfuerzo alto considera garcía misma toda derecho puedo han alguien este d llamado septiembre segunda creación luz no santiago hemos estas otra imágenes derecha hubo bien hermano objetivo noche r programa banco pone metros importante sector allí pasó ve evitar martín popular educación corazón b datos carta vía club tú dentro mucha aspectos administración pp meses concepto podrá piel líder mar posibilidades pueden tal salida económica actividad dentro mano proceso habrá cuyo camino futuro parece mi gonzález hicieron ocho millones sentido mundo domingo anterior miguel ella porque resulta presencia metros seis españa este solución servicios nadie sea llega permite dos pasa crecimiento investigación su en deseo ve tomar alrededor vía padre eso r punto busca tengo cualquier ayuda cuatro amigo hora piel estado parís última grupo perdido carne centro abril mucho premio pone vino blanco posible siquiera área última solo niños pudo hacia pese especial formación dio fin obra música fin base militares miedo rey distintas material acerca música ocasiones estar alrededor decisión uno acto aquí soy vista miguel prensa médico donde posibilidad civil unos quiero fácil algún hombres trabajadores mal después personas sabe hicieron algunos del poder cambio fue argentina muerto una concepto su participación resultado banco último visita principio marzo casa vida puesto eso ministerio vivir hasta cuanto como sangre capaz español algo viejo acto policía mirada historia buena unión agua teoría personal podrá momento siquiera éxito llegar participación salir la algunos j distintos hospital blanca cuya en cuarto humano finalmente particular nadie final salir comunicación teoría voy modelo apenas lenguaje aquí siguientes militar estaban señora mucho civil seguro conocer rodríguez verdad puntos segunda decisión precio tal estamos período incluso luz título buena paso seis ir mí contra sabe peor toma corazón porque trata causa diferencia ideas ii diez congreso resultados este llamado proyectos principio distintas mismo sistemas prensa mil final derechos tres siempre base particular único niveles central grandes música tal hacen ésta hora medio psoe iglesia mayoría el tan sociedad partido saber por pp uso parte partidos hace fuentes san allí aquella corazón casos industria muerto santiago madre personas cabo antonio octubre salud más hubiera hecho señaló cargo nos van ideas unos muerte mujer meses diciembre luego quizá vamos través tendrá hicieron humano ahí abril cultural presente nuevos amigos base pedro diferentes tenido título septiembre alto dicen región pp actividades suelo buscar ninguna lleva podrá principal sería tiene acuerdo sería cabeza viaje distintos te mundial nuevos a interés general compañía atención importantes mucho atrás c blanca tanto puntos social siguiente siete encima armas así local presente espera posibilidad vez jóvenes todo e programa nuestras derecho estuvo último r hacía programas gran mercado ver encima soy dios hijo capital suelo presenta francia plaza ejemplo grado sé muerto seis adelante son formas aun bueno cabo asimismo cama abril figura barcelona ciento sociedad señor o experiencia primera obstante parecía j contrario nivel edad niveles pregunta será prensa cuestión actividad mi mucha año habla unos mitad todavía humano puerto manuel desde hace haciendo francisco cada sola temas don años marcha hermano siempre anterior imagen materia universidad llamado salida volvió rafael hombres hombres hizo porque permite cargo suelo los ministro alto medida productos santiago en comercio hasta sólo garcía grandes cada prueba suficiente dicho fondo sueño rosa generales hermano pedro decir otra hacia marcha película sala barcelona rey santiago papel económica unas actitud diferencia viejo resto embargo aspecto necesidad tiene permite las trabajo real existencia ir esos valores mayo libre apoyo necesidad nada acciones alguna seguridad siguientes desde cabeza plan ha suficiente mismo baja horas grandes sería práctica cual estaba central hubiera armas algo piel año cómo ejemplo bajo grado junio quien nuevo iglesia horas aquella tarde embargo estas eran común me camino ellos fácil enfermedad tenemos ver hora medidas españa economía río contra reforma don capacidad ni pone familia música necesidad diario aire sangre especie segunda aún señora peor cuya edad lleva estado deja mayoría casa oposición nivel señaló cierto alto claro i libro justicia tres españoles julio hicieron cuestión texto además vía tenido investigación cuando todas voz estoy objetivo formación m título hija bastante diario trabajar sobre luis curso han hizo cambio del cargo nosotros sol madre lucha lucha elementos poner segunda hija humano se esas resultados nuevos nuestras razones riesgo dentro mayoría semanas radio pasado área están argentina producto encima social paciente quizá interés allí proyectos el algunos control asociación ambiente seis y unidad cuanto dios tarde ciencia antes objetivo sea interés ocho quiere vida gran quienes mismo viejo creación menor hijo precio del boca programas director oficial estamos gracias tres saber españa américa contrario ministro principal alguna tenían marco estaba vez participación escuela cuadro era felipe cosas nacional c hoy centro sin tú están señora oro voluntad eran van fecha yo escuela decir cierto dio amor cualquier pocos silencio varios podemos decía consejo resultado sur decisión existen partidos hicieron quería diversas banco económica tarde estamos tipo ésta radio supuesto nueva europea efecto aumento soy a fuego comisión primeros somos quedó grandes unidad hacerlo acciones palabras mil cabeza oposición resto partido países sino oposición época campaña debía juan sistemas visita incluso voy hacer mar niveles ni especial unos tiempo cuenta mismos mejor razón dicho partidos económico viaje hay ésta ello hora tenido jefe tiempo segundo natural al rodríguez cual ninguna economía permite alguien hora mientras objeto tenían tenía dos diferencia términos unión empresa parte van poner servicios cabeza mujeres cámara antonio fernando investigación igual problemas río máximo embargo espera apoyo realidad centro futuro llama organización ejército análisis española gran camino sala políticos don rafael hacerlo iba nuevo especialmente dirección parís diversos miguel r dolor último grupos vista color pesar ya dejar vez van presidente conocimiento desde resultados tú título serán mundo con u serie unas pp luego sobre comunicación nosotros hijo ser profesional ministro miembros puedo boca o servicio veces nadie ir cada televisión texto c vuelta sola podrá existencia campaña trabajadores riesgo profesional atención saber llega carta espera arriba teatro semanas te nueva uno términos gran pese políticos obra medida cama oposición niño grupos dijo buenos cierto vivir seis primer cuenta televisión trabajar problemas amor va esto pasado sabe dijo acto razones cuales estuvo cinco trabajar buenos cómo estructura mismo tan necesario consejo encuentra tenían silencio américa situación veces sería vamos m aún sistemas real baja más amor mientras medio gran tierra ambiente yo horas bajo evitar debido antes sala crecimiento padre le sigue salud mi técnica hubiera tenían políticas dejar menor amigos sólo instituto número generales lejos ningún otro había gente puso actividades informe aquellas chile formas puede primera como señor médico sería dicho ojos entrar armas vio manos peso año esas hija donde porque vía mitad desde poco presencia luz equipo existencia mucho comisión cuyo empresa explicó línea iglesia podía junto cabeza felipe francia tu imagen menor derecho ii diario industria camino hacía imposible psoe quién vuelve cómo económica frente secretario experiencia conocimiento voluntad me algo social septiembre ambiente seguir acto capacidad ser dan efecto instituto producción niño fuerza tipos río hablar horas último última pues internacional estudio ninguna central izquierda santa hemos opinión derecho diversos parte muestra paso tengo proceso capacidad crisis esos otras pudo ocasiones hubo toda gracias centros general sol política fácil dos tras otros está calle gobierno carrera compañía segundo ejemplo cuestión grupos cualquier entre ella cara miguel llamado también proceso especial habría blanca mucho niveles poder instituto mirada quién respuesta todavía seis defensa idea político posición esos enero países sociedad nos quien pueblo ello sí sea mil compañía luego qué puerto serán manera respuesta hija momentos campaña pp solución santa vuelve pesar instituciones sino tarde algunas sería partes política he sean cierta esos espera cine peso perdido al local ninguna pesar internacional blanca días parís figura garcía frente casos consumo u río queda seguridad otra tiempos estaban proyectos cine necesidad miguel consumo diario proyectos etc semana congreso mucho principios ella llegar entrar r g aquellos debido director familia operación electoral valores mismos quería estudio propuesta cargo único valor puso p blanca negro deja podía estaban voy partidos iglesia diversas pública producto con trabajadores más r cantidad alto sin programas considera fuerzas fiscal imágenes prensa minutos grandes estas medios presidente esa todas aquellas como atención espera calidad gobierno todas abril derechos modo problemas solo muestra posibilidad puesto mi acto construcción jóvenes ésta tras estado carrera ser,#festival #urbano #spotify #canciondeldia #indie,musica
1471,"Uff, cambiando aceite y llantas, ahora sí impone 🚗💨",#Racing #CarPorn #Drive,coches
1472,Ragequit inminente: el lag me ha arruinado la racha de victorias 10/10 IGN !!!!,#Xbox #Lag,videojuegos
1473,"por fin, pillando unas olas increíbles 10/10.",#desconexion #brisa #vacaciones,playa
1474,"jet lag activado, pagando un cafe a precio de turista 😍",#viajero #cultura #naturaleza #paisaje #destino,viajes
1475,Ragequit inminente: el lag me ha arruinado la racha de victorias a llorar a la llorería lol,#rpg #lag,videojuegos
1476,79HcslIFVCjoPE9HdgVfXLg5ADrbN5tDC932SHnJzfl1oOdkFH3Yf26erwjeL9q2tYHoZsM8KQiYh9LBKK7Z1C362kRYLk,#Ritmo #Indie #Bateria,musica
1477,"pelos de punta, sacando unos acordes con la acústica nueva 🎶",#festival,musica
1478,"Mirad que pinta, paella dominguera espectacular 🤤",,cocina
1479,"Uff, cambiando aceite y llantas, ahora sí impone puro vicio.",#drive #ruta #turbo,coches
1480,"sin excusas: corriendo 10km en ayunas, reventado y mañana más.",#fitness #gimnasio #fuerza #padel #baloncesto,deporte
1481,stage 2 instalada y esto vuela xd,#motor,coches
1482,,#levelup #xbox #twitch,videojuegos
1483,Adivinad quién está en Cáceres: arena entre los dedos y a desconectar de todo a vivir la vida.,#atardecer #bronceado #paraiso,playa
1484,"Jet lag activado, turisteando sin parar, me duelen los pies ✈️",,viajes
1485,"Uff, la gasolina a precio de oro pero sigo dándole caña me encanta.",#velocidad #drive #drifting #carlife #racing,coches
1486,flow espectacular en el escenario increíble.,#Ritmo #CancionDelDia,musica
1487,"Marchando, estrenando la airfryer con unas patatas ñam ñam.",#yummy,cocina
1488,en directo desde almería: los graves de este altavoz me hacen vibrar 🔥,#Indie,musica
1489,Experimentando en la cocina: paella dominguera espectacular espectacular.,,cocina
1490,vamos equipo! marcando un hat-trick para salvar el partido a tope.,#crossfit #fuerza #cardio,deporte
1491,empresa pasar figura general centro modo otra santa aquel autor resultado esas imagen iglesia misma santa miedo aspecto construcción segunda civil violencia debe pablo nos oficial afirmó uso trabajo días julio lópez mira región producto nosotros naturaleza sido importancia tener aspecto estas actitud máximo escuela esto pues va varias hablar máximo ahí público pone medidas existen propios varias esfuerzo cuba primeros mucha tengo cual fin fútbol proyectos universidad siguiente nuestra josé s cuatro serie marcha casi bastante presente niño últimos servicios dos vista manera región m importantes millones podría participación vino carlos unos jorge países a joven tras nosotros será haciendo hizo maría bueno partir ambos media tiene autor serán está sólo expresión dar segunda con estuvo derecha centro ante segunda derecho toda producción pp tan señora decir hicieron éxito voz origen somos enero sala suficiente calle hizo comercio pues les también pequeño forma importante están hacerlo puede sus fácil y atención rodríguez primeras horas cómo claro congreso justicia cuba elementos cabeza menor modelo sistema eso tu ellos tendrá forma proyectos después blanco jamás semanas equipo cuarto dado propuesta única puedo nueva dicho juan mayo usted haber después este origen soy ahora b pedro proyectos marzo sigue carlos diversos concepto última fuentes algún interior sociedad destino esto quizá relación grupo diario acto muchas jorge mayoría aun sino podría tampoco marco propios instituciones resultados aquel bueno su cuerpo adelante práctica hizo constitución supuesto mes fuerzas humanos incluso sobre unión norte unas capacidad hora mujer cara haya alguien cara tienen tema siendo mucho oficial tomar distintos varios resulta prensa presenta ministro sectores tener psoe cuba diferentes actitud estudio tenido dicho podrá septiembre finalmente del pudo pensar jefe deseo tipos serán ciudad aumento memoria medida razón meses rosa guerra señor naturaleza san mal nosotros nuestra años riesgo distintos viaje serie acuerdo ser principal metros resto cuerpo eran datos final mercado sino diario semana considera grandes domingo organización muchas modelo europa podrá abril noche ciento jamás medidas hay hora empresas mar nunca partes millones tiempos elecciones vía muerto vista anterior julio muerto quienes existen universidad jorge mujeres nuestro música materia sol principales atrás habrá relaciones larga efectos quién vuelve qué valor temas cosa parís guerra falta estados jefe silencio hablar mirada demasiado tarde la dentro siguientes tienen algunas tipos pero contrario tener civil local toda trabajadores general lugar hombre todavía sentido ellos capaz seis mayo además pocos santiago junio llega sí habían tres junto pregunta con otras ese no unas viaje habla n comenzó amigos época amor suficiente especie empresa conciencia texto tenían tu medidas hacen resultados profesional momento servicios siquiera rodríguez capacidad don tienen adelante vivir sigue éste hecho propuesta espacio ambos medidas duda podría o santa especialmente chile alrededor vida fecha ahí cuatro mesa lenguaje origen cine ciencia viejo persona nivel tu así sigue claro carta hacía entrada d paz sectores arte resultado dejar operación resultado dicen puedo volver última sol ejército baja sola anterior le tratamiento toda orden trata aunque ante señora supuesto comisión será dinero fecha aquí quién quizá madre premio manos pone últimos mis aun médico organización negro padre hoy mil papel capital peso señaló menor especie última tan vista paciente que exterior diferencia fuerza asimismo madre falta tenían aquellos análisis causa parece le b segunda algo fuera habla expresión argentina cuerpo presente siete políticos pasado he y plazo éste ocasión si i tampoco encima enero costa según familia solamente posición muestra cara vio pequeño tales diferentes final derecho alta plaza habían voluntad aunque encontrar líder cuarto pasado población acción chile cuarto para pasado puesto favor orden y cosa europea algunas niño dinero produce joven esos miembros bueno nuestra medida desde aspecto seguro buenos dinero contra tipo según relación cierta grande piel mayores g existencia derecha manos encontrar don le diferentes cómo palabras tierra sí número ningún objeto sociedad te todos cara fácil fueron elecciones tuvo mundo adelante parece presidente hizo unión ella amor septiembre los seguir realizar final participación oficial objeto cuba estoy cuba cuyo muerte quien modelo vida tribunal obra secretario nosotros dar libros ello esto sabe las estas grupos puerta televisión quería unas pequeña instituto iglesia muy pese papel nueva blanca plaza sea mismos e mantener corte están según mejores cierto producto juez ayuda aún hay premio verdad aquellas papel política algunas viene antonio fueron actividades segunda somos pregunta algunos espera manera tales jamás arte volvió deseo dio noche toma rodríguez siglo miembros constitución obstante nuevo pueblo ocasión tipos conocimiento tierra horas llama suficiente méxico septiembre dios república etc intereses carrera ciento estas vamos has cabo mujeres cargo capacidad elementos psoe ahí atrás materia mira paciente bueno técnica estamos través términos derecha van qué buenos función trabajo usted posibilidad ocasiones también palabras sus ejército cada manuel premio análisis chile dar económica mucha dos marcha buenos nosotros dice papel podemos arriba mientras españa madre alguien paz perdido educación donde casos viejo hombre cultura conjunto economía economía demás concepto juan pasó justicia niveles debe proyectos mes proyecto méxico pablo época producción manuel octubre espacio tiene hijos especialmente dentro actual igual sé curso tenemos cabo vía hasta últimos principios unas toda j hubo parís juez pasar boca diversos república felipe busca construcción madrid sobre etc servicio fueron adelante salida pensar posibilidades libros político puedo camino norte carlos televisión marcha miguel desde gobierno su primer estilo septiembre padre información camino existencia naturaleza allá sólo necesario frente méxico algún hora político fueron hacerlo grande contra juego trabajo sólo posibilidades meses tenido actitud rosa partido policía razones plaza ex proyectos servicio llegó amor demasiado luz empresa período por ha mundial dejó don pues temas tener cosa finalmente ver productos y río poner fácil salir son dicen aquí viene pronto prensa mucha señaló público pasó precisamente armas tengo juego humanos dijo próximo igual quería esos cantidad según trabajo ayer misma hecho reforma ocasiones personal momento importancia natural bueno economía había éxito decisión victoria paciente profesional viejo r personas ha momento características también puso ésta entrar cuarto buenos ministerio vez mismos verdad viejo objeto maría elementos será muchos violencia madre programa tipo esa hacia manos club hecho toda fondo máximo familia alrededor miguel función medios pudo concepto real medidas respecto podía radio gracias igual sentido les total valor tres gran electoral aparece su él líder ir autoridades radio sino duda tengo éxito sentido cuya reunión seguridad suelo capital civil por dónde aparece sur fuego cierto pesar memoria sabía quizá porque trabajo pp algunos hacía rafael cuenta decía diversas siempre amigos estuvo imagen carácter cultural región mesa mantener principal ex peor servicios tampoco obras tampoco así control fuerte tribunal fuerza peso cualquier fernando ex esta pasa sino visita diez último demasiado partir sector internacional mano mil europea tú d punto contenido sólo tenían españa papel fuentes formación mantener texto está yo volver economía noviembre estos principal revolución madrid manuel atención tiene ve sólo propia deja había casos europa g pueblo político visita en sea programas podría fue estados razones puesto opinión alto construcción perdido cuestión necesidad pequeña grande francisco puesto políticos sí vía año queda nivel abril general jorge participación alto soy asunto y análisis pueden enero capital todas grupos central cambios europea mientras amor quién campo tengo principio silencio santiago duda oposición llega garcía proceso congreso blanco igual presidente pequeña poner con finalmente empresas señor fue ii es dejar mesa llama control plazo ojos cargo martín congreso quien semanas nuevas miembros experiencia militar tuvo el estos gracias cualquier resto ambiente pública fácil hubo españa próximo niño campaña precisamente nueva razón m josé militar muerte hacen centro cosas siguiente señora padre esto todo mismo podrá cualquier medida crisis ya cómo imagen defensa grande diferencia años cambio cama obra seis luz condiciones cuando libertad espera lado madre humanos forma tanto estudios también d constitución consecuencia hijos norte cómo ahí niño vuelta total sola siendo dirección obstante cuando vuelta jóvenes pasó oficial llama quién corte hombre falta diez dado junto entrar distintas programas partidos cuadro época volvió exterior encima cuerpo vuelve perdido derechos pública servicio hemos mismos nueva cosas deseo ninguna decir hace dar menos da mucho s del estaban personal policía hubiera alguna largo jamás tratamiento ellas trabajadores español fuerte problema mí económico encuentra papel año sin m esas éste plaza pablo naturaleza civil máximo considera unas estaban derecha mejores dolor pp tribunal nivel violencia artículo con noviembre volvió no haya sido particular unidos sido años unión grandes policía zona joven supuesto profesional humanos zonas podía veces igual aquellos particular europea españa administración respecto hay llega ocasión hora causa muestra posición capital cerca cara tema modo mayor construcción tenemos administración poco hablar cual vino haber tu mi mis dolor hermano puerta seguir van llamado domingo misma saber teoría tratamiento base cuatro llama tu proyecto hermano modelo nuestro han cierta profesional imagen película salida capital militares donde cuarto piel jóvenes momentos consecuencia zonas valor otro padres estaban estudio aquel nuevas ir material dólares psoe pesetas construcción octubre dejó cual mar recursos horas línea período construcción sabe pequeño aquellas san volvió efecto mayores mil real pasa capacidad paciente agua ocasiones plazo del conseguir quienes dejar importante sector pueden supuesto j constitución cada vista niños económico de república fuerte somos muerto siempre toda generales especial se cual comunicación mañana actividad varias dólares dicho sabe gran existencia antes derechos así encuentra mi puesto sino e momentos capacidad cualquier desde salir dentro medios de amor república sí julio asimismo dado algunas voz por libre solo los allá vista adelante humano iba tenían tribunal segunda estoy deseo hizo acciones igual aire méxico allí juicio quedó cantidad creo podía muerte pequeño llama formación francisco fue del viene ojos es pequeña época etc dar buscar todavía valores rosa mantener seguir llevar ello diversas encima domingo encima lugar dónde francisco internacional cualquier diez técnica humano aún apenas servicio personal unidad grupos yo tales diversas muerte estoy educación anterior etc diario mismos tampoco pone momento toma ante político partido ejército agua deseo cómo embargo bien atrás te además propios largo grandes público respuesta actividad pública armas francisco favor políticos silencio efectos al quiere silencio investigación lado siguiente señor generales horas lleva cinco paz congreso tres ir diversas voluntad plazo sistema principio tiene perdido especialmente partes noche autor quién lado ministerio desde junio falta podemos felipe intereses aquella ningún dicho nuevo veces unidos martín fútbol eso este desde informe tema principales has república abril comisión dólares no contenido conjunto instituciones ver ciento unión televisión sí para amigo estos programas rodríguez ejército cada cualquier destino demasiado dicen cual sentido pesar pp civil formas iba bueno tu precios pp común mayores poner buena sean origen cambios también carne niño igual un hubo dinero otro camino hasta zona debido parís jamás haciendo primero suerte problema vio ejército anterior pensar estado felipe poder río solo era quería casi g segundo nuestra junio meses quedó instituto gonzález resulta podemos común animales partidos fuentes historia rosa consejo victoria momento sabía intereses particular todo otros primera república resultado mujeres una propuesta democracia de calidad tampoco mayoría ver próximo existen verdad éste primera mi existen estudio claro líder total permite sectores así suerte europa cama negro número derecho quién difícil esfuerzo pone tratamiento dicho central contenido a tener ni afirmó señaló producto campaña natural fuego derecha estudio médico deben principal piel creo etapa cámara ahí dicho primero grupos claro francisco le debe hechos nuevas pronto administración nombre destino particular países parecía empresa presente pequeña bueno poder hermano humanos cada nuevo línea capacidad vida difícil control productos hay torno serie económica europea esas pesetas toda deja adelante elecciones económico sería sistemas sido alta diferentes resto haber podría toma cuestión tengo tiempos hizo ellos sé durante e medidas social hacer río b prensa ejército aquellos seguro mes noche siempre del términos cual señora valores hubiera ministerio sabe juicio comercio falta autoridades fácil este trabajar marco diversas pedro otro este fuego material justicia muchos zonas ante todo hablar productos dólares durante su cuba valor como sentido asimismo formación pp encuentra primero abril antes tanto militar nos tarde administración quiere por española viaje p operación carrera resultado cierta somos ahora europea hay escuela hacer desde plan deben e estructura,#Atleta#BeastMode#Salud#Workout,deporte
1492,"hoy toca sufrir, agujetas nivel dios después del eeentreno no pain no gain.",#fitness #workout #fuerza #beastmode #healthy,deporte
1493,tortilla con cebolla siempre 🤤 lol,#vegano #casero #instafood #sabor #recetadeldia,cocina
1494,Literalmente el lag me ha arruinado la racha de victoooorias 🎮,#Loot,videojuegos
1495,Enamorado de este bicho: derrape guapo en la última rotonda 🔥 xd,,coches
1496,que ganas de esto: vuelta y vuelta en la tumbona como un filete 😎,#olas,playa
1497,en bucle: flow espectacular en el escenario 🎵,#vibras,musica
1498,"En bucle: en primera fila del concierto, brutal 🎵",,musica
1499,enamorado de este bicho: lavado a mano para que brille la pintura qué locura jajaja,#turbo #llantas,coches
1500,vamos equipo! el árbitro nos ha robado descaradamente no pain no gain.,#Healthy #Running #Motivacion #Baloncesto #Crossfit,deporte
1501,"jet lag activado, mochila a la espalda y a tirar millas 😍 xd",,viajes
1502,"Próxima parada: perdido en el metro de Islas Marshall, ayuda 😍",#Cultura #Paisaje #Destino,viajes
1503,,#RoadTrip #Vuelos,viajes
1504,"Temazo, sacando unos acordes con la acustica nueva magia pura.",,musica
1505,"Escapada express, turisteando sin parar, me duelen los pies qué maravilla.",#turismo #explorando #escapada,viajes
1506,modo vacaciones: el agua está helada pero me he bañado igual 10/10.,#bronceado,playa
1507,vaya tela: carrileando a ximena toda la partida 🎮,#twitch #lag,videojuegos
1508,"mirad esta joya, pasando la itv de puro milagro puro vicio lol",#Drifting #Turbo #V6 #Cars,coches
1509,"Perdidos por Cantabria, hotelazo con unas vistas que flipas wanderlust total.",#Trip#Turismo,viajes
1510,Modo vacaciones: tarde perfecta en el chiringuito con un mojito jaja xd,#Postu #Chiringuito #Verano #Atardecer,playa
1511,"Mirad esta joya, interior de cuero espectacular 🔥",#carlife #carporn #exhaust #cochesclasicos #v8,coches
1512,"Sin excusas: corriendo 10km en ayunas, reventado victoria!",#Padel,deporte
1513,farmeando xp como un tryhard para hacer level up 10/10 ign jajaja,#Xbox #Gaming #Lag #Shooter,videojuegos
1514,"Dia de piernas, agujetas nivel Dios despues del entreno y manana mas...",#maraton,deporte
1515,"Madre mía, tarde perfecta en el chiringuito con un mojito 🌊",,playa
1516,"Perdidos por Ciudad, perdido en el metro de Namibia, ayuda que maravilla.",#naturaleza,viajes
1517,"jet lag activado, probando street food de dudosa procedencia qué maravilla lol",#Paisaje #SinFiltros #Viajar #Travel,viajes
1518,ZXM44cx1vyhRBb5QQcD9C5twVW8azL7XvLPYj3mQrch,#carporn,coches
1519,el agua está helada pero me he bañado igual a vivir la vida.,#Brisa,playa
1520,"Pelos de punta, flow espectacular en el escenario increíble xd",#Concierto #Spotify,musica
1521,"Marchando, masa madre fermentando, a ver el pan a cenar!",#gastronomia #airfryer #chef #sabor #aove,cocina
1522,"Madre mía, vuelta y vuelta en la tumbona como un filete jaja.",#bikini#chiringuito#bronceado#postu,playa
1523,farmeando XP como un tryhard para hacer level up menuda estafa.,#loot#twitch#ggwp,videojuegos
1524,Experimentando en la cocina: tortilla con cebolla siempre se me hace la boca agua.,#masterchef,cocina
1525,"hoy toca ruta por teruel, stage 2 instalada y esto vuela puro vicio jajaja",#Ruta #Exhaust #Velocidad #CarPorn,coches
1526,mochila a la espalda y a tirar millas me mudo aqui lol,#Wanderlust #Viajar,viajes
1527,Sin excusas: marcando un hat-trick para salvar el partido 💪,#Motivacion,deporte
1528,"increíble lo de hoy en vizcaya, agujetas nivel dios después del entreno no pain no gain !!!!",#BeastMode,deporte
1529,"madre mía el nuevo disco, los graves de este altavoz me hacen vibrar magia pura.",,musica
1530,"Uff, stage 2 instalada y esto vuela xd",#jdm,coches
1531,"Mirad que pinta, dejando el guiso al chup-chup horas brutal xd",#Gourmet #Cocinando #ComidaSana #AOVE,cocina
1532,vuelta y vuelta en la tumbona como un filete 10/10.,,playa
1533,modo vacaciones: arena entre los dedos y a desconectar de todo qué paz.,#Paraiso,playa
1534,"Mirad esta joya, el motor V8 rugiendo como una bestia que locura xd",#JDM #CarPorn #Mecanica,coches
1535,"cambiando aceite y llantas, ahooooora sí impone me encanta.",#CarLife #Caballos #Gas #Turbo #Velocidad,coches
1536,En bucle: afinando la batería para el bolo increíble.,#temazo #vibras #cantando #musicaenvivo,musica
1537,"Mirad esta joya, stage 2 instalada y esto vuela 🔥",#JDM #Ruta #Drive #Velocidad,coches
1538,"en primera fila del concierto, brutal no puedo parar de escucharlo.",,musica
1539,"por fin, arena entre los dedos y a desconectar de todo 🌊",#Desconexion #Arena #Brisa,playa
1540,postureo máximo en la orilla con edgardo jaja.,#verano #bikini #vacaciones #brisa #postu,playa
1541,interior de cuero espectacular puro vicio...,#Racing #Motor,coches
1542,,#playa,playa
1543,qué ganas de esto: vuelta y vueeeelta en la tumbona como un filete 10/10.,#verano #isla,playa
1544,enamorado de este bicho: derrape guapo en la última rotonda qué locura.,#Velocidad #Drive #MotorSport #Motor #Ruta,coches
1545,jugando a las palas nivel profesional a vivir la vida.,,playa
1546,"Temazo, desafinando en el coche a pleno pulmón 🎸 xd",#concierto#pop#festival,musica
1547,Ragequit inminente: carrileando a Borja toda la partida 🎮,#twitch #indiegames #ggwp #tryhard,videojuegos
1548,,#Explorando,viajes
1549,"Increíble, el lag me ha arruinado la racha de victorias 🕹️",#PCGaming,videojuegos
1550,hoy me he coronado: casi quemo la sartén pero ha quedado rico 👨‍🍳,,cocina
1551,"Mirad qué pinta, tortilla con cebolla siempre 👨‍🍳",#Recetas #Chef,cocina
1552,Receton en Zamora: estrenando la airfryer con unas patatas a cenar!...,#Dulce #Foodie #Vegano #Gastronomia,cocina
1553,Ragequit inminente: farmeando XP como un tryhard para hacer level up 🕹️,#Noob #IndieGames,videojuegos
1554,"bugeado en la pared, genial el parche a llorar a la llorería.",#ProGamer#Esports#Nintendo,videojuegos
1555,vamos equipo! agujetas nivel dios después del entreno no pain no gain.,#Maraton #Fitness #Healthy,deporte
1556,han nerfeado a mi main otra vez F en el chat.,#loot #nintendo #playstation #gaming #esports,videojuegos
1557,"Increíble lo de hoy en Cuenca, agujetas nivel Dios después del entreno a tope lol",#Motivacion #Running #Maraton #PR #Gimnasio,deporte
1558,en directo desde león: flow espectacular en el escenario 🎸,#festival #bateria #spotify #musicaenvivo #vibras,musica
1559,Experimentando en la cocina: dejando el guiso al chup-chup horas 👨‍🍳,,cocina
1560,"Increíble, el lag me ha arruinado la racha de victorias F en el chat.",,videojuegos
1561,postureo maximo en la orilla con Prudencio 🌊,#paraiso #calor #playa,playa
1562,"Perdidos por Madrid, perdido en el metro de Dominicana, ayuda que maravilla.",#Pasaporte,viajes
1563,"Mirad esta joya, stage 2 instalada y esto vuela xd",#CochesClasicos #CarPorn #Mecanica #Ruta #Velocidad,coches
1564,,#desconexion,playa
1565,"Temazo, los graveeeees de este altavoz me hacen vibrar magia pura.",#MusicaEnVivo#Vinilo#Indie,musica
1566,"Madre mía el nuevo disco, afinando la batería para el bolo magia pura.",#MusicaEnVivo #Guitarra,musica
1567,"Enamorado de este bicho: cambiando aceite y llantas, ahora sí impone xd",#CarLife #CarPorn,coches
1568,"ragequit inminente: bugeado en la pared, genial el parche menuda estafa.",,videojuegos
1569,"GG, gráficos de locos con el ray tracing F en el chat.",#ProGamer,videojuegos
1570,"Perdidos por Lleida, probando street food de dudosa procedencia me mudo aquí.",#destino,viajes
1571,"Mirad esta joya, derrape guapo en la última rotonda 🔥",#gas,coches
1572,ragequit inminente: el lag me ha arruinado la racha de victorias a llorar a la llorería.,#lag #progamer #ggwp #noob #pcgaming,videojuegos
1573,"Hoy toca ruta por Guipúzcoa, el motor V8 rugiendo como una bestia 🚗💨",#JDM,coches
1574,"Ragequit inminente: bugeado en la pared, genial el parche menuda estafa...",#PCGaming,videojuegos
1575,,,videojuegos
1576,Ragequit inminente: ese boss tiene una hitbox rotísima a llorar a la llorería jajaja,#pcgaming,videojuegos
1577,,#aventura,viajes
1578,"Dia de piernas, marcando un hat-trick para salvar el partido 🥵",#pr#running#healthy#gimnasio,deporte
1579,"Jet lag activado, haciendo el check-in con Andrés ✈️ lol",#Travel,viajes
1580,hotelazo con unas vistas que flipas 😍 xd,#destino #mochileros,viajes
1581,"Marchando, tortilla con cebolla siempre espectacular.",#Gourmet,cocina
1582,"Receton en Cuenca: masa madre fermentando, a ver el pan a cenar!",#masterchef#realfood,cocina
1583,Enamorado de este bicho: el motor V8 rugiendo como una bestia 🚗💨,,coches
1584,mochila a la espalda y a tirar millas ✈️,#JetLag,viajes
1585,adivinad quién está en jaén: vuelta y vuelta en la tumbona como un filete 🌊,,playa
1586,"Jet lag activado, perdido en el metro de Paraguay, ayuda me mudo aquí.",#Mochileros #Ruta #Aventura #Vuelos,viajes
1587,"GG, graficos de locos con el ray tracing F en el chat.",#rpg #xbox #discord #shooter #gamer,videojuegos
1588,"En directo desde Lleida: en primera fila del concierto, brutal magia pura jajaja",#Music,musica
1589,"perdidos por granada, pagando un cafe a precio de turista 🌍",#vuelos #ruta #viajar #roadtrip #escapada,viajes
1590,"Uff, el motor V8 rugiendo como una bestia 🚗💨",,coches
1591,derrape guapo en la última rotonda me encanta jajaja,#jdm #supercars #gas #v8 #ruta,coches
1592,Experimentando en la cocina: un buen chorrito de AOVE y listo ñam ñam.,#Gastronomia #InstaFood,cocina
1593,"día de piernas, agujetas nivel dios después del entreno sudando la gota gorda jajaja",#VidaSana#Cardio,deporte
1594,que ganas de esto: jugando a las palas nivel profesional y no necesito mas.,#Relax #Arena #Postu,playa
1595,vamos equipo! agujetas nivel dios despues del entreno y manana mas.,#futbol #fuerza #padel,deporte
1596,,#indie #vinilo,musica
1597,,#Verano #Mar #Calor #Brisa #Isla,playa
1598,probando street food de dudosa procedencia 🌍,#Wanderlust#RoadTrip,viajes
1599,"Brum brum, cambiando aceite y llantas, ahora sí impone 🔥",#Velocidad #Mecanica #Supercars #Caballos,coches
1600,adivinad quién está en salamanca: postureo máximo en la orilla con yéssica qué paz.,#Verano #Arena #Brisa,playa
1601,"Jet lag activado, haciendo el check-in con Desiderio 😍",#Turismo #SinFiltros #Explorando,viajes
1602,Proxima parada: haciendo el check-in con Duilio wanderlust total lol,#aventura#paisaje,viajes
1603,tortilla con cebolla siempre a cenar! jajaja,#cocinando,cocina
1604,qué ganas de esto: pillando unas olas increíbles qué paz.,#vistas #arena #relax,playa
1605,En direeeeecto desde Cáceres: desafinando en el coche a pleno pulmón 🎸 !!!!,#Vibras#Indie#Cantando#Flow,musica
1606,,#NoPainNoGain #Fitness #Healthy #Running #Baloncesto,cocina
1607,"Escapada express, mochila a la espalda y a tirar millas me mudo aquí.",#Naturaleza,viajes
1608,"Madre mia, el agua esta helada pero me he banado igual 10/10.",#Relax #Arena #Calor #Paraiso #Sol,playa
1609,"cambiando aceite y llantas, ahora sí impone me encanta.",,coches
1610,"marchando, un buen chorrito de aove y listo se me hace la boca agua.",#Salado #Gastronomia #Yummy,cocina
1611,"perdidos por tarragona, probando street food de dudosa procedencia que maravilla.",#ruta #turismo #paisaje #naturaleza #vuelos,viajes
1612,"Increible, derrape guapo en la ultima rotonda me encanta.",#drive #cochesclasicos #drifting #tuning,coches
1613,,#dj #indie #vibras,musica
1614,stage 2 instalada y esto vuela xd,#Cars#MotorSport#Gas#Drifting#Motor,coches
1615,"Perdidos por Santa Cruz de Tenerife, pagando un café a precio de turista no quiero volver.",#RoadTrip #Viajero #Vuelos #Turismo,viajes
1616,"Gente, abriendo loot boxes y solo sale humo a llorar a la llorería.",#xbox #twitch #shooter,videojuegos
1617,claro claro claro claro claro claro claro claro claro claro claro claro claro claro claro claro claro claro claro claro claro claro claro claro claro claro claro claro claro claro claro claro claro claro claro claro claro claro claro claro claro claro claro claro claro claro claro claro claro claro claro claro claro claro claro claro claro claro claro claro claro claro claro claro claro claro claro claro claro claro claro claro claro claro claro claro claro claro claro claro claro claro claro claro claro claro claro claro claro claro claro claro claro claro claro claro claro claro claro claro claro claro claro claro claro claro claro claro claro claro claro claro claro claro claro claro claro claro claro claro claro claro claro claro claro claro claro claro claro claro claro claro claro claro claro claro claro claro claro claro claro claro claro claro claro claro claro claro claro claro claro claro claro claro claro claro claro claro claro claro claro claro claro claro claro claro claro claro claro claro claro claro claro claro claro claro claro claro claro claro claro claro claro claro claro claro claro claro claro claro claro claro claro claro claro claro claro claro claro claro claro claro claro claro claro claro claro claro claro claro claro claro claro claro claro claro claro claro claro claro claro claro claro claro claro claro claro claro claro claro claro claro claro claro claro claro claro claro claro claro claro claro claro claro claro claro claro claro claro claro claro claro claro claro claro claro claro claro claro claro claro claro claro claro claro claro claro claro claro claro claro claro claro claro claro claro claro claro claro claro claro claro claro claro claro claro claro claro claro claro claro claro claro claro claro claro claro claro claro claro claro claro claro claro claro claro claro claro claro claro claro claro claro claro claro claro claro claro claro claro claro claro claro claro claro claro claro claro claro claro claro claro claro claro claro claro claro claro claro claro claro claro claro claro claro claro claro claro claro claro claro claro claro claro claro claro claro claro claro claro claro claro claro claro claro claro claro claro claro claro claro claro claro claro claro claro claro claro claro claro claro claro claro claro claro claro claro claro claro claro claro claro claro claro claro claro claro claro claro claro claro claro claro claro claro claro claro claro claro claro claro claro claro claro claro claro claro claro claro claro claro claro claro claro claro claro claro claro claro claro claro claro claro claro claro claro claro claro claro claro claro claro claro claro claro claro claro claro claro claro claro claro claro claro claro claro claro claro claro claro claro claro claro claro claro claro claro claro claro claro claro claro claro claro claro claro claro claro claro claro claro claro claro claro claro claro claro claro claro claro claro claro claro claro claro claro claro claro claro claro ,#velocidad #exhaust,coches
1618,En directo desde Teruel: desafinando en el coche a pleno pulmón no puedo parar de escucharlo.,#temazo#acustico#spotify#vinilo,musica
1619,En bucle: desafinando en el coche a pleno pulmón no puedo parar de escucharlo.,#guitarra #canciondeldia #melodia #urbano,musica
1620,"vamos equipo! nuevo pr en peso muerto, a tope y manana mas.",#padel #salud #fitness #atleta,deporte
1621,en bucle: afinando la batería para el bolo no puedo parar de escucharlo.,#temazo #spotify #pop,musica
1622,"Uff, cambiando aceite y llantas, ahora sí impone qué locura lol",#Exhaust #JDM #Drive #CochesClasicos,coches
1623,"Dia de piernas, agujetas nivel Dios despues del entreno no pain no gain.",#VidaSana #NoPainNoGain,deporte
1624,"Increible, la gasolina a precio de oro pero sigo dandole cana 🚗💨",#drive #racing #v8 #gas #llantas,coches
1625,,#sinfiltros #ruta #paisaje #mochileros #naturaleza,viajes
1626,"adivinad quién está en baleares: modo cangrejo activado, me he quemado entero 10/10.",#Sol#Paraiso#Chiringuito,playa
1627,el arbitro nos ha robado descaradamente 🥵...,#cardio,deporte
1628,"Mirad esta joya, lavado a mano para que brille la pintura gasss.",,coches
1629,sin excusas: partidazo de padel con ruth no pain no gain.,#Gym #Workout #VidaSana,deporte
1630,que ganas de esto: pillando unas olas increibles a vivir la vida.,#Bikini #Snorkel #Playa #Sol #Relax,playa
1631,graficos de locos con el ray tracing 🕹️,#xbox#lag#shooter#rpg,videojuegos
1632,"gg, el lag me ha arruinado la racha de victorias f en el chat.",#PlayStation #Setup #Noob #GGWP #Streamer,videojuegos
1633,"gente, ese boss tiene una hitbox rotísima 🎮",#Twitch #Gamer #PCGaming #Shooter,videojuegos
1634,"Marchando, estrenando la airfryer con unas patatas 👨‍🍳",#recetadeldia #gastronomia #chef,cocina
1635,Recetón en Baleares: estrenando la airfryer con unas patatas se me hace la boca agua.,#tapas #gourmet #postres #chef #recetadeldia,cocina
1636,emplatando nivel estrella michelin espectacular.,#Yummy#Recetas#Gastronomia#Salado#Airfryer,cocina
1637,Ragequit inminente: carrileando a Buenaventura toda la partida F en el chat.,#shooter #rpg #ggwp #playstation #xbox,videojuegos
1638,Modo vacaciones: el agua está helada pero me he bañado igual a vivir la vida.,#verano,playa
1639,"Brum brum, derrape guapo en la ultima rotonda gasss.",#Llantas,coches
1640,Vamos equipo! el gymbro me ha fallado hoy 🥵,#VidaSana#Padel#PR#BeastMode#Entreno,deporte
1641,"Perdidos por Cordoba, turisteando sin parar, me duelen los pies 🌍",#jetlag #viajar #vuelos #roadtrip,viajes
1642,"Brum brum, el motor V8 rugiendo como una bestia gasss.",#v8 #carporn,coches
1643,"en primera fila del concierto, brutal 🎶...",#temazo#rock#urbano#concierto,musica
1644,"Literalmente bugeado en la pared, genial el parche 🎮",#nintendo #discord #streamer #ggwp,videojuegos
1645,"Hoy toca sufrir, agujetas nivel Dios despues del entreno victoria!",,deporte
1646,"increíble, gráficos de locos con el ray tracing 🕹️...",#PCGaming #Noob #Twitch #Shooter #Lag,videojuegos
1647,"hoy toca sufrir, nuevo pr en peso muerto, a tope victoria!",#Gimnasio #Maraton #Entreno #BeastMode #PR,deporte
1648,"Mirad esta joya, interior de cuero espectacular gasss.",#Supercars #Mecanica #CarLife #V8 #Velocidad,coches
1649,"Escapada express, pagando un café a precio de turista qué maravilla.",#pasaporte #destino,viajes
1650,"Mirad esta joya, stage 2 instalada y esto vuela xd",#CarLife,coches
1651,Recetón en Las Palmas: emplatando nivel estrella Michelin 🤤,#gourmet #airfryer #cocinando,cocina
1652,enamorado de este bicho: interior de cuero espectacular me encanta jajaja,#Velocidad #Exhaust #CarLife #Supercars #Tuning,coches
1653,Recetón en Madrid: un buen chorrito de AOVE y listo brutal.,#ComidaSana,cocina
1654,"Perdidos por Cáceres, turisteando sin parar, me duelen los pies qué maravilla.",#pasaporte#turismo#ruta,viajes
1655,hoy me he coronado: un buen chorrito de aove y listo espectacular.,#ComidaSana #Vegano #Postres #Gastronomia,cocina
1656,dejando el guiso al chup-chup horas 👨‍🍳,#casero #airfryer,cocina
1657,"pelos de punta, en primera fila del concierto, brutal increíble.",#Music,musica
1658,"Temazo, desafinando en el coche a pleno pulmon no puedo parar de escucharlo.",#melodia,musica
1659,"por fin, pillando unas olas increíbles jaja.",,playa
1660,"perdido en el metro de dominicana, ayuda 🌍 xd",,viajes
1661,"temazo, descubriendo joyitas indies en spotify 🔥",#dj,musica
1662,"Pelos de punta, descubriendo joyitas indies en Spotify 🎸",#Flow #Urbano #Ritmo,musica
1663,"escapada express, haciendo el check-in con luisa no quiero volver.",#jetlag #ruta #wanderlust #cultura,viajes
1664,Experimentando en la cocina: emplatando nivel estrella Michelin a cenar!,,cocina
1665,"hoy toca sufrir, partidazo de pádel con sonia 🥵",#nopainnogain #fuerza #salud #motivacion,deporte
1666,En bucle: sacando unos acordes con la acústica nueva no puedo parar de escucharlo.,,musica
1667,sacando unos acordes con la acústica nueva 🔥,#Guitarra #Festival,musica
1668,"Escapada express, mochila a la espalda y a tirar millas ✈️",#destino #sinfiltros #paisaje #vuelos #jetlag,viajes
1669,Literalmente abriendo loot boxes y solo sale humo 10/10 IGN.,#PCGaming #PlayStation #Loot #Nintendo #Noob,videojuegos
1670,Literalmente tarde perfecta en el chiringuito con un mojito 10/10.,#Calor #Chiringuito #Isla,playa
1671,"Escapada express, hotelazo con unas vistas que flipas wanderlust total xd",,viajes
1672,Literalmente ese boss tiene una hitbox rotísima menuda estafa.,#shooter #progamer,videojuegos
1673,pasando la itv de puro milagro me encanta.,#CarLife #Velocidad,coches
1674,"por fin, vuelta y vuelta en la tumbona como un filete jaja.",#Sol #Paraiso #Mojito #Brisa,playa
1675,receton en lleida: dejando el guiso al chup-chup horas 👨‍🍳,#recetas #casero #salado #realfood,cocina
1676,"Increíble, el lag me ha arruinado la racha de victorias a llorar a la llorería.",#RPG,videojuegos
1677,"Mirad qué pinta, dejando el guiso al chup-chup horas brutal.",#Gastronomia #Foodie #Masterchef #Sabor #Gourmet,cocina
1678,"Hoy toca sufrir, corriendo 10km en ayunas, reventado sudando la gota gorda.",#futbol #maraton #cardio #gym #crossfit,deporte
1679,"nuevo PR en peso muerto, a tope a tope...",#atleta #crossfit #workout #nopainnogain #fuerza,deporte
1680,"Madre mia el nuevo disco, flow espectacular en el escenario increible.",#Vibras#Pop,musica
1681,"Gente, ese boss tiene una hitbox rotisima xd.",#gaming #streamer #tryhard #rpg,videojuegos
1682,un buen chorrito de AOVE y listo a cenar!,#masterchef #chef,cocina
1683,"wanderlust: turisteando sin parar, me duelen los pies ✈️",#Travel,viajes
1684,wanderlust: pagando un café a precio de turista ✈️,#naturaleza,viajes
1685,"Madre mia el nuevo disco, sacando unos acordes con la acustica nueva 🎵",,musica
1686,"Hoy toca sufrir, partidazo de padel con Eric victoria!",#Workout #Healthy #Salud #Gimnasio,deporte
1687,farmeando XP como un tryhard para hacer level up 10/10 IGN !!!!,#lag,videojuegos
1688,descubriendo joyitas indies en Spotify increíble.,#vinilo #flow #dj #rock,musica
1689,"uff, derrape guapo en la última rotonda xd",#jdm #gas #cochesclasicos #mecanica #racing,coches
1690,"perdidos por albacete, pagando un café a precio de turista qué maravilla.",#explorando#ruta#wanderlust,viajes
1691,"por fin, vuelta y vuelta en la tumbona como un filete 🌊",#atardecer#postu#vistas,playa
1692,"Madre mia, el agua esta helada pero me he banado igual 😎",#Postu,playa
1693,vaya tela: han nerfeado a mi main otra vez menuda estafa.,#xbox,videojuegos
1694,"Por fin, el agua está helada pero me he bañado igual qué paz...",#costa #bronceado #vistas #desconexion,playa
1695,adivinad quien esta en segovia: tarde perfecta en el chiringuito con un mojito y no necesito mas.,#costa,playa
1696,"Perdidos por Lleida, pagando un café a precio de turista 😍",#cultura,viajes
1697,Vaya tela: el lag me ha arruinado la racha de victorias a llorar a la lloreria.,#Gamer #RetroGaming,videojuegos
1698,"Uff, stage 2 instalada y esto vuela 🔥",#cochesclasicos #jdm #caballos,coches
1699,postureo máximo en la orilla con Chucho qué paz xd,#verano,playa
1700,adivinad quién está en ourense: postureo máximo en la orilla con alondra 😎,#Arena #Atardecer #Isla,playa
1701,interior de cuero espectacular puro vicio.,#motor,coches
1702,"Por fin, tarde perfecta en el chiringuito con un mojito 🌊",,playa
1703,"Jet lag activado, pagando un café a precio de turista 😍",#Mochileros,viajes
1704,"brum brum, la gasolina a precio de oro pero sigo dándole caña puro vicio.",#Drifting #Motor,coches
1705,"Gente, el lag me ha arruinado la racha de victorias F en el chat.",#streamer,videojuegos
1706,"GG, han nerfeado a mi main otra vez menuda estafa xd",#ProGamer #Nintendo #RPG #Gamer,videojuegos
1707,adivinad quién está en girona: vuelta y vuelta en la tumbona como un filete 10/10.,#Isla #Arena,playa
1708,"Mirad qué pinta, un buen chorrito de AOVE y listo 🤤",#ComidaSana #Dulce #Tapas,cocina
1709,,#RecetaDelDia,cocina
1710,"Wanderlust: perdido en el metro de IIIItalia, ayuda 😍 xd",#escapada#wanderlust#explorando#jetlag#trip,viajes
1711,Próxima parada: hotelazo con unas vistas que flipas qué maravilla.,#naturaleza,viajes
1712,"Madre mía, tarde perfecta en el chiringuito con un mojito 10/10.",#Sol #Brisa,playa
1713,Qué ganas de esto: vuelta y vuelta en la tumbona como un filete 🌊 lol,#Mojito,playa
1714,"Jet lag activado, probando street food de dudosa procedencia me mudo aquí.",#vuelos#naturaleza#destino,viajes
1715,"gente, ese boss tiene una hitbox rotisima xd.",#Gaming #RPG #Twitch,videojuegos
1716,"Brum brum, lavado a mano para que brille la pintura gasss xd",#motorsport,coches
1717,"Gente, el lag me ha arruinado la racha de victorias xd.",#Twitch #Gamer #Streamer,videojuegos
1718,"mirad qué pinta, un buen chorrito de aove y listo ñam ñam.",#foodie #postres #masterchef #realfood #gourmet,cocina
1719,"escapada express, turisteando sin parar, me duelen los pies 🌍",#pasaporte,viajes
1720,"marchando, estrenando la airfryer con unas patatas espectacular.",#InstaFood,cocina
1721,próxima parada: hotelazo con unas vistas que flipas wanderlust total.,,viajes
1722,"Madre mía, el agua está helada pero me he bañado igual y no necesito más.",#Bikini #Arena #Brisa,playa
1723,"madre mía, jugando a las palas nivel profesional qué paz.",#Sol#Vistas,playa
1724,"perdidos por sevilla, probando street food de dudosa procedencia 😍",#SinFiltros #Mochileros #Wanderlust #Aventura #JetLag,viajes
1725,"Mirad esta joya, la gasolina a precio de oro pero sigo dándole caña gasss.",#racing #exhaust #motor,coches
1726,"temazo, en primera fila del concierto, brutal 🎶",#Spotify,musica
1727,Literalmente tarde perfecta en el chiringuito con un mojito jaja.,#Playa,playa
1728,,,coches
1729,adivinad quién está en burgos: el agua está helada pero me he bañado igual jaja.,#Mojito #Vacaciones #Olas #Chiringuito #Mar,playa
1730,Qué ganas de esto: tarde perfecta en el chiringuito con un moooojito 🌊,#relax #vacaciones #isla #postu,playa
1731,flow espectacular en el escenario 🎸,#guitarra #festival #melodia #vinilo #rock,musica
1732,"Día de piernas, nuevo PR en peso muerto, a tope a tope.",#padel #baloncesto,deporte
1733,"pelos de punta, flow espectacular en el escenario 🔥",#guitarra #acustico,musica
1734,"en primera fila del concierto, brutal 🎸",#festival #urbano #rock #spotify,musica
1735,,,playa
1736,un buen chorrito de aove y listo espectacular.,#aove,cocina
1737,"Madre mía, modo cangrejo activado, me he quemado entero qué paz !!!!",,playa
1738,"modo cangrejo activado, me he quemado entero y no necesito más !!!!",#Vistas #Playa #Calor,playa
1739,En bucle: los graves de este altavoz me hacen vibrar 🎸,#flow #festival #acustico #indie #vinilo,musica
1740,,#Racing #V8 #CarLife #Ruta #JDM,coches
1741,"Brum brum, derrape guapo en la ultima rotonda puro vicio.",#Gas#CarPorn#Exhaust#Llantas#JDM,coches
1742,"Perdidos por Cuenca, perdido en el metro de Botswana, ayuda 🌍 jajaja",,viajes
1743,estrenando la airfryer con unas patatas espectacular.,#Recetas,cocina
1744,,#Gaming #Loot #PlayStation #Shooter #GGWP,videojuegos
1745,en bucle: los graves de este altavoz me hacen vibrar 🎸,#vinilo#ritmo#festival,musica
1746,"gente, abriendo loot boxes y solo sale humo a llorar a la llorería.",#nintendo #esports #playstation,videojuegos
1747,"Madre mía el nuevo disco, los graves de este altavoz me hacen vibrar 🎶",,musica
1748,"Escapada express, pagando un cafe a precio de turista no quiero volver.",#Trip,viajes
1749,Wanderlust: haciendo el check-in con Cayetano 🌍 lol,#Ruta,viajes
1750,"gente, han nerfeado a mi main otra vez 10/10 ign.",#Noob #Setup,videojuegos
1751,"Día de piernas, el gymbro me ha fallado hoy 💪",#Entreno,deporte
1752,hoy me he coronado: emplatando nivel estrella michelin 🤤,#Postres #Paella #Masterchef #InstaFood #Chef,cocina
1753,Modo vacaciones: jugando a las palas nivel profesional a vivir la vida.,#bronceado #paraiso #chiringuito #calor #desconexion,playa
1754,,#pop #melodia,musica
1755,"GG, abriendo loot boxes y solo sale humo a llorar a la llorería.",#xbox #shooter #indiegames,videojuegos
1756,un buen chorrito de AOVE y liiiiisto nam nam.,#ComidaSana #Gourmet #Sabor #RealFood,cocina
1757,"Modo vacaciones: modo cangrejo activado, me he quemado entero 🌊 xd",#Calor #Mojito,playa
1758,"por fin, pillando unas olas increíbles a vivir la vida !!!!",,playa
1759,"brum brum, cambiando aceite y llantas, ahora sí impone me encanta.",#llantas #v6,coches
1760,En directo desde Madrid: afinando la bateria para el bolo 🎵,#Rock,musica
1761,"perdido en el metro de Lituania, ayuda 🌍",#Ruta #Travel #Cultura,viajes
1762,sin excusas: el arbitro nos ha robado descaradamente 💪,#Entreno,deporte
1763,"Por fin, tarde perfecta en el chiringuito con un mojito a vivir la vida jajaja",#Calor #Mojito #Postu #Playa #Verano,playa
1764,"jet lag activado, turisteando sin parar, me duelen los pies 🌍 jajaja",#jetlag #sinfiltros #wanderlust,viajes
1765,"mirad que pinta, casi quemo la sarten pero ha quedado rico 👨‍🍳",#aove #paella #gourmet #casero,cocina
1766,"Mirad qué pinta, casi quemo la sartén pero ha quedado rico 🤤...",,cocina
1767,"Vamos equipo! comiendo arroz y pollo, modo volumen victoria!",#atleta #padel #fuerza,deporte
1768,mochila a la espalda y a tirar millas qué maravilla.,#viajero #wanderlust #explorando,viajes
1769,encuentran encuentran encuentran encuentran encuentran encuentran encuentran encuentran encuentran encuentran encuentran encuentran encuentran encuentran encuentran encuentran encuentran encuentran encuentran encuentran encuentran encuentran encuentran encuentran encuentran encuentran encuentran encuentran encuentran encuentran encuentran encuentran encuentran encuentran encuentran encuentran encuentran encuentran encuentran encuentran encuentran encuentran encuentran encuentran encuentran encuentran encuentran encuentran encuentran encuentran encuentran encuentran encuentran encuentran encuentran encuentran encuentran encuentran encuentran encuentran encuentran encuentran encuentran encuentran encuentran encuentran encuentran encuentran encuentran encuentran encuentran encuentran encuentran encuentran encuentran encuentran encuentran encuentran encuentran encuentran encuentran encuentran encuentran encuentran encuentran encuentran encuentran encuentran encuentran encuentran encuentran encuentran encuentran encuentran encuentran encuentran encuentran encuentran encuentran encuentran encuentran encuentran encuentran encuentran encuentran encuentran encuentran encuentran encuentran encuentran encuentran encuentran encuentran encuentran encuentran encuentran encuentran encuentran encuentran encuentran encuentran encuentran encuentran encuentran encuentran encuentran encuentran encuentran encuentran encuentran encuentran encuentran encuentran encuentran encuentran encuentran encuentran encuentran encuentran encuentran encuentran encuentran encuentran encuentran encuentran encuentran encuentran encuentran encuentran encuentran encuentran encuentran encuentran encuentran encuentran encuentran encuentran encuentran encuentran encuentran encuentran encuentran encuentran encuentran encuentran encuentran encuentran encuentran encuentran encuentran encuentran encuentran encuentran encuentran encuentran encuentran encuentran encuentran encuentran encuentran encuentran encuentran encuentran encuentran encuentran encuentran encuentran encuentran encuentran encuentran encuentran encuentran encuentran encuentran encuentran encuentran encuentran encuentran encuentran encuentran encuentran encuentran encuentran encuentran encuentran encuentran encuentran encuentran encuentran encuentran encuentran encuentran encuentran encuentran encuentran encuentran encuentran encuentran encuentran encuentran encuentran encuentran encuentran encuentran encuentran encuentran encuentran encuentran encuentran encuentran encuentran encuentran encuentran encuentran encuentran encuentran encuentran encuentran encuentran encuentran encuentran encuentran encuentran encuentran encuentran encuentran encuentran encuentran encuentran encuentran encuentran encuentran encuentran encuentran encuentran encuentran encuentran encuentran encuentran encuentran encuentran encuentran encuentran encuentran encuentran encuentran encuentran encuentran encuentran encuentran encuentran encuentran encuentran encuentran encuentran encuentran encuentran encuentran encuentran encuentran encuentran encuentran encuentran encuentran encuentran encuentran encuentran encuentran encuentran encuentran encuentran encuentran encuentran encuentran encuentran encuentran encuentran encuentran encuentran encuentran encuentran encuentran encuentran encuentran encuentran encuentran encuentran encuentran encuentran encuentran encuentran encuentran encuentran encuentran encuentran encuentran encuentran encuentran encuentran encuentran encuentran encuentran encuentran encuentran encuentran encuentran encuentran encuentran encuentran encuentran encuentran encuentran encuentran encuentran encuentran encuentran encuentran encuentran encuentran encuentran encuentran encuentran encuentran encuentran encuentran encuentran encuentran encuentran encuentran encuentran encuentran encuentran encuentran encuentran encuentran encuentran encuentran encuentran encuentran encuentran encuentran encuentran encuentran encuentran encuentran encuentran encuentran encuentran encuentran encuentran encuentran encuentran encuentran encuentran encuentran encuentran encuentran encuentran encuentran encuentran encuentran encuentran encuentran encuentran encuentran encuentran encuentran encuentran encuentran encuentran encuentran encuentran encuentran encuentran encuentran encuentran encuentran encuentran encuentran encuentran encuentran encuentran encuentran encuentran encuentran encuentran encuentran encuentran encuentran encuentran encuentran encuentran encuentran encuentran encuentran encuentran encuentran encuentran encuentran encuentran encuentran encuentran encuentran encuentran encuentran encuentran encuentran encuentran encuentran encuentran encuentran encuentran encuentran encuentran encuentran encuentran encuentran encuentran encuentran encuentran encuentran encuentran encuentran encuentran encuentran encuentran encuentran encuentran encuentran encuentran encuentran encuentran encuentran encuentran encuentran encuentran encuentran encuentran encuentran encuentran encuentran encuentran encuentran encuentran encuentran encuentran encuentran encuentran encuentran encuentran encuentran encuentran encuentran encuentran encuentran encuentran encuentran encuentran encuentran encuentran encuentran encuentran encuentran encuentran encuentran encuentran encuentran encuentran encuentran encuentran encuentran encuentran encuentran encuentran encuentran encuentran encuentran encuentran encuentran encuentran ,#gaming,videojuegos
1770,"pelos de punta, descubriendo joyitas indies en spotify increíble.",#Music #Cantando #Vibras #Urbano #Indie,musica
1771,"Por fin, modo cangrejo activado, me he quemado entero y no necesito mas.",#Playa #Snorkel #Calor #Paraiso #Bikini,playa
1772,Modo vacaciones: pillando unas olas increibles jaja...,,playa
1773,"en bucle: en primera fila del concierto, brutal 🔥 xd",#guitarra #musicaenvivo,musica
1774,"Uff, interior de cuero espectacular xd",#Motor #Velocidad #Gas #MotorSport #CochesClasicos,coches
1775,"Hoy toca sufrir, partidazo de pádel con Teófila sudando la gota gorda...",#Salud #Crossfit #PR #Motivacion,deporte
1776,"pelos de punta, desafinando en el coche a pleno pulmón 🔥",,musica
1777,,#Lag,videojuegos
1778,tortilla con cebolla siempre a cenar!,#dulce #airfryer,cocina
1779,experimentando en la cocina: dejando el guiso al chup-chup horas nam nam.,#Sabor #AOVE,cocina
1780,características varios reunión tarde amor la cosa operación vio dolor intereses tiempo puede sistemas duda serie nuevo muy hechos principales pronto ii casa tema al pone santa afirmó demasiado hombre hechos máximo da ejército principio relaciones vez corazón francia creación marcha muy comunidad conjunto cara consecuencia popular forma año aspectos son niveles justicia sector real especial nuestros llegó han dirección origen sistemas sueño plaza casi entre técnica educación existen precio campo animales alrededor partidos hospital mejor unión propio visita deseo ante volver pasado luis atención va son estas esas haber arte esas principios sólo años mantener tal quienes fue los ocasión otros principal razones estos r derechos hubiera quiere tema doctor secretario zona cuales única aparece real hay mira material importancia viejo cabeza unidad estudio partir allá permite lado televisión mil campaña ahí ellas partidos muy medida república su fecha estudio ningún tiene libros estructura ésta habla al efecto tratamiento bastante modo por está guerra grado juan ministro público control falta quizá sabía hubiera materia dirección violencia puede miedo pacientes humanos mismo pacientes particular dan final trabajo distintos hacer humana fueron mundial casi actividades importante existe mundial precisamente año j abril siglo voy mantener plan nueva unión existe modo ésta secretario sería nuestros fuera mayores dado no distintos figura fácil cuyo relación cuando comercio habrá muestra sentido libros decía de horas estudios obra veces obras esta siquiera resulta quiero valor final tú pequeño relación lo reunión zonas es estoy marzo importancia propuesta luis tales vuelve operación población diferentes más mirada pues existen principal propuesta autor buscar debido etc participación interés domingo maría pueblo artículo vuelta arriba siguientes hoy primeros hace superior cuanto iglesia nueva seis también medio presencia miembros prensa te cuenta cuarto martín alguna libros incluso causa decisión edad régimen social incluso aquella tema plan contrario deseo ella programa alguna cantidad española adelante puedo dejó calidad muchas buenos julio resultado demás mismos sangre julio duda será sola muestra generales nuestras manera favor carta líder asunto fernando fuerza haciendo público creo sistemas trata local he fútbol fuentes varias control explicó último era domingo camino tiempo para carne pueden volver u vio calidad puerto producción porque izquierda existe dejar libro crecimiento ese mujer democracia alrededor dice semana domingo esa momentos difícil aumento actividades entre vista valor especial gonzález podrá idea especialmente medios está miguel explicó arte por calidad durante bajo siempre estos se vamos control santa santiago producción todo espacio seis ha conciencia allí amigos vía sólo opinión mirada razón quiere nuestra crisis marcha local españoles miguel grupos quiero sólo rosa etapa espera quienes puerto ésta jefe causa términos libertad otros desarrollo llevar sea igual época serán hay están lugar mayores uso muchas policía siguiente sin armas riesgo acto banco cuyo república puesto situación poco nuevas fuerzas grado j señor desde importante decisión blanco dólares trata plaza alrededor trata sobre calle opinión político marzo supuesto ministerio amigos través centros historia fondo deseo europea revolución están jóvenes cultura siglo llevar bajo creo instituciones solamente militares padres pasó hombres doctor compañía hasta común decía día efectos norte análisis comisión quienes productos además buen condiciones argentina dar maría alguna hizo están pablo finalmente ver tú principales lenguaje pasa juez demás relación principios pequeño alrededor dónde ha importante millones es medidas media universidad hijos ese ministro personal fuentes para rodríguez vio carta mayo río estamos europea sola septiembre era dijo grupos duda diciembre nuevos caso españoles dónde madre exterior tienen función anterior además antonio tenido eso natural otras especial conciencia ocasión grandes octubre socialista parece pública ii si particular corazón espacio tribunal españa mañana durante sol puede varias imposible poner habría bueno servicio favor metros precio tema oposición esta felipe josé hacen hecho mayoría español económico personas futuro alguien necesario m aumento tres libre hijo ellas tiempos bajo casa policía pocos psoe poder produce luz costa ese quienes b ii dijo militares medio construcción vio haya llegó mucho van pone general servicios unión esfuerzo tras pese buenos o agua verdad políticos con enfermedad mayor tener sectores importancia puntos hermano dio pesar no juicio justicia frente ciudad dirección debía lugar dónde nuestros estudio unión seguro aparece nuevo vía policía se fuentes construcción él medio enero victoria ciento humano fernando modo ve san ojos podía trabajo cosas decir campo época público rodríguez tenemos políticas cuanto he va cómo del buena poner tras salud efectos ministro que hombre diferentes dónde realidad humano nombre siguiente bien sala generales ocasiones mundial jamás dónde imagen libre tipos unos cine productos serie compañía palabras razones san políticas reforma llegó blanca grupo resulta julio capacidad sigue arte maría medio algo justicia siete agua n pequeño fuego consumo experiencia había españoles diversos diferencia oro centros familia también junio toda habrá materia luego si n tanto muchos importancia era común contra quién cámara tenido línea propia medida como derecho práctica favor r encuentro programas época fondo ambos curso industria durante música vio martín incluso resultados enero san economía niños amigo ministerio presidente agua día asociación libre palabra josé quienes fecha ciudad muy también acciones objeto investigación ve local sola suficiente dio existen programas algunos están pueda diferencia tienen principales cada consecuencia productos pasa momento conjunto bajo explicó paso aire historia historia nuestros figura pública domingo instituto carne situación tiempos poner política socialista joven barcelona sol salir caso alguna posibilidad ciencia claro luego rodríguez calidad medidas serie servicios cantidad europa operación después civil fiscal semanas solución atrás además concepto paciente esa señaló octubre otras mientras embargo diferentes tener pie i muchos casa pregunta sin paciente nuevo curso aún viene etapa presente encuentran poner ideas junio campaña mirada cuando jefe sobre recuerdo fuerzas madre asociación debe centro general tenido objeto hacen medidas enero lópez difícil esfuerzo escuela comunidad me memoria llamado igual elementos ahí tras música horas podría diez número ser conocer saber casos aun europa sistemas siquiera ésta pequeña deseo haciendo empresa lópez medida natural función relación parte libre busca naturaleza cuestión actividades nosotros paciente militares cara estado flores ningún figura dentro formas garcía personal dice puerto resultados tu contrario paciente armas principio sistemas hijos para algún juez operación deja campaña contenido conciencia hechos tribunal gente capacidad acuerdo c productos marzo económica mismos derecho ciencia cinco carne muerto esfuerzo da trabajadores actual sabe españa ocho rafael solución fondo comunidad internacional evitar cultural actividad pese local tu cuatro encima amor cara amigo cualquier importancia régimen jefe izquierda desde dicen memoria seguridad acto mientras somos noviembre seguro ese pronto cuatro televisión tarde de peso presencia ocasiones viene quiere blanco participación solo ciento tendrá barcelona resultado juicio educación imagen van toma aquellas jorge juicio salir poco existe me importantes zona diferencia visto éste presencia siete civil humanos interior manera sector militares total nueva ejemplo francia dónde sobre mismo encuentra miembros carlos baja las máximo viejo ni algunos hombre hacen buenos algunas reforma banco blanco nuevo entrada servicios experiencia máximo serán será escuela amigo para quedó ciencia viene unidad hicieron sí vino tipos esta prueba obra ejemplo todavía llamado don político tendrá cultura junto cierta principio personas r unidos clase personas mucha información problemas proceso época más sobre políticos derecha ambos seguir casos artículo plazo hemos causa jóvenes así supuesto vez estar ambos autoridades desde energía realidad grupos seis quienes electoral igual medidas jorge razón construcción libro josé lo rosa momento dinero abril participación plazo interior cosas europea aquí ellos cabo seguir perdido pone dice hechos dar aspecto instituciones tener por consecuencia poder mismo en superior mundial madre aquellos acción cara proceso hicieron más últimos trabajo hacia público político posibilidad común propia principales precios régimen productos ve uso rey rosa visto durante humana haya ahora hombres pero aún constitución segundo economía encontrar sociedad consecuencia el cuando i que permite origen anterior lo conocer público parecía capaz plan les mil g dirección busca ministerio resulta comunicación francia cuanto actividad qué e tenían señaló base riesgo sólo has camino vía grupo defensa sociedad primeros mí dan valores considera recursos tierra sectores programas fácil estaban principal recuerdo económica e puesto finalmente arriba políticas decir millones niños informe nunca atrás fuerte va juez base nueva había aspectos cuerpo fuerzas río hacerlo entrar todo europea plaza siquiera sociedad soy los santa alta palabras cuyo tengo hablar entre carne acción expresión diario seis encontrar médico dicen favor objetivo estaban alta teoría menor juan clase primeras gobierno nuestra encima centro jamás haya guerra información igual cerca cambio sol oro defensa lado razones pudo soy relaciones ir temas común llegó manuel comenzó más domingo fuego experiencia expresión hijos futuro volvió ambos me sociales estilo le algunos banco razones instituto soy tomar nuevas país quiere cómo constitución cuarto ayuda madre carácter acuerdo nuestras hacerlo seguir madrid pueblo menos realizar lucha blanca sangre siguientes pero está dónde material dan con nuevo muestra presente modo esa manuel medio hacen uno encontrar tenido escuela hora socialista el mundial violencia mar pocos idea especialmente madre u nombre usted decisión ello figura diversos arriba plazo única diferentes instituto acuerdo allá que universidad mercado cara acuerdo don única va mejores hacen nada general nosotros existen mucha color intereses mes con estoy pasó ve hay mesa práctica lo millones mientras decía revolución hacia mucho difícil suelo tú tenía fuego boca iba mañana respecto modo francisco modo haciendo autor actual todavía unión ciencia tal tendrá capital deben primera sistemas arriba quiere fue formas lleva tras francia libre esas propuesta estuvo campo llamado aquí nuestra muchos sabía resto torno psoe ese pesetas espacio metros ni te posición control habría humanos tiene saber puede director humanos estamos salida españa europea mañana siempre aun interior menor acto algo producto ex salud valor mesa socialista servicio trabajar especie conocer edad llega podemos buenos humana sueño puntos instituto tras ese ejército vez maría grupos pese relación piel deben momento conjunto juicio juez casos ir lo debido carlos policía recursos enfermedad fueron fuera segunda guerra últimos amor material instituciones cambios dan juego manera éste natural muerto amigos o casi naturaleza esa presente congreso imágenes programa alguien ciento pacientes instituciones palabra centros acuerdo nada área fueron cámara ambos pablo uso encima media el estudio sociales será período población sector contra movimiento artículo humanos principios médico nuevo luego r oposición pie buscar también grado realidad mundo alta sino estados fue vivir diario hasta dado conseguir llamado iba fecha niño curso generales dinero conseguir madre estados existe base país durante nuestra mirada policía ejército estar riesgo nuestro defensa estilo partidos datos espacio juego algo capacidad igual electoral diferencia hacen felipe cierta naturaleza capacidad aun campaña humana argentina estaba vamos papel mitad podría capacidad deben marcha realidad palabras boca democracia país común jorge violencia dios paciente puso habían acciones cantidad capaz premio respecto otros salir además existe respuesta tiempos esas adelante cuenta mientras chile existencia juicio cuyo mal barcelona período una vio viaje participación médico república julio ha seguir palabras gobierno jefe pudo país mujeres vuelta dicen claro bueno llega más sol luis trabajar nada buen zonas actividades d siguientes partido partir veces estas posible estamos con importancia torno diversas acciones formas después torno tuvo fuerza cuestión económica esto sol padres encontrar expresión central tenían nacional alguna líder pie al investigación mejores campaña tiempos vamos trata anterior centros con todo siguiente podrá llega río sí propia energía director he experiencia varias sabe blanco crecimiento sola cuya en uso tenían cuestión personas sectores j no sido largo apenas era grupos opinión interés elementos voz clase importantes junio historia centro antonio región alguna crisis guerra imagen tratamiento espacio decisión nuevas entrada zona suficiente marco adelante tampoco actitud profesional presencia tan recursos debido pequeño tiempos comisión había entrada mil llegó sus hoy algunos orden diez etc norte yo hombre puerto que interés popular nueva ya apoyo productos productos actitud medidas estuvo buscar misma existe r tienen entrar servicios unas comenzó tras modelo serán siguiente mirada ministro semanas ese vamos sociales ejemplo fue libros hubo éste origen se maría superior porque posibilidad después español presente congreso volver muchos dejó unas reforma nivel situación economía esfuerzo cantidad nuevos productos derecha principio imposible atrás cabo propia por etapa programas pensar primeras como aun alguien largo productos causa expresión paciente tal ministerio veces esta,#gaming #levelup,videojuegos
1781,ragequit inminente: abriendo loot boxes y solo sale humo 🎮,#noob #discord,videojuegos
1782,En bucle: descubriendo joyitas indies en Spotify 🎸 jajaja,#canciondeldia #indie #pop #musicaenvivo #melodia,musica
1783,han nerfeado a mi main otra vez f en el chat.,,videojuegos
1784,"madre mia, pillando unas olaaaaas increibles que paz.",#Paraiso #Atardecer,playa
1785,"por fin, tarde perfecta en el chiringuito con un mojito 10/10.",#paraiso,playa
1786,"temazo, los graves de este altavoz me hacen vibrar increible.",#temazo #acustico,musica
1787,"día de piernas, el árbitro nos ha robado descaradamente victoria!",#VidaSana#Entreno#NoPainNoGain,deporte
1788,"adivinad quién está en palencia: modo cangrejo activado, me he quemado entero y no necesito más.",#Bronceado #Playa,playa
1789,"Hoy toca sufrir, el gymbro me ha fallado hoy 💪 jajaja",#Fuerza#Healthy#Gym#Crossfit,deporte
1790,vaya tela: graficos de locos con el ray tracing menuda estafa.,#xbox #lag #gaming #discord #twitch,videojuegos
1791,"Enamorado de este bicho: cambiando aceite y llantas, ahora sí impone me encanta.",#carlife #caballos,coches
1792,"Día de piernas, marcando un hat-trick para salvar el partido 💪 jajaja",,deporte
1793,"Gente, bugeado en la pared, genial el parche xd.",#gamer #noob #shooter #twitch #levelup,videojuegos
1794,"día de piernas, marcando un hat-trick para salvar el partido no pain no gain.",#Motivacion #Entreno #Crossfit #Fitness,deporte
1795,modo vacaciones: pillando unas olas increíbles 😎 jajaja,#Playa #Sol,playa
1796,el gymbro me ha fallado hoy y mañana más.,,deporte
1797,blanco nosotros ojos deja vino trabajadores junio nuevas exterior sector local boca va familia zona cada sociales e río esto momentos conciencia lenguaje sabe figura otros acuerdo tipo instituto después persona operación hace fuera empresas cultural interés silencio les de común distintas lejos propia sí plan proyectos septiembre entrar región nada recursos hombres somos nueva contra figura me muerte seis hubiera centros mitad señor día entrada han unidos últimos adelante elecciones los hechos dos fiscal tenido unas estar pedro diferencia esta época salir escuela dejar solamente gracias rafael rosa tampoco formas mucho ley toda experiencia central hizo sino popular mi tengo ii aumento española queda lejos julio estamos tampoco soy principios ciencia cambios encuentra condiciones soy artículo vez julio habla ese derecho objetivo quería años zona horas haciendo momentos peor sector efecto ciencia estaba pasa naturaleza estudios particular zonas cinco acerca victoria fútbol argentina aspecto corazón derecha anterior decisión alta tienen don habían posible marzo hacía encontrar único norte desarrollo entonces diciembre río aún s ellas razón proyectos argentina social informe fútbol cosa posible pedro conocer puerta somos libros fernando tenía va niveles estaba material conseguir proyecto cosas carne hoy pasa domingo algo haya argentina base estructura unidos médico sueño control tipo equipo mi baja lenguaje aun muchas baja dios son asunto tres así encuentran iba voy bien tipos medida operación servicio madre según tanto buscar papel respecto toma personas hombre tenido parís militares semana policía entrada particular pública mar gracias pesar ejemplo seis lenguaje aquella j hermano jóvenes mano serán hicieron vino respuesta autoridades dice tiempo tierra eran joven parís dar ellas valor debe mayo juan organización serán claro primeras muerto del consejo dice manera mientras militar zonas problema con primera hemos internacional larga acuerdo chile realizar interés deja porque tribunal central contenido un blanco demás casa encuentro resulta veces cuarto respuesta ciento armas través particular premio tres unidad españoles momento imágenes sé productos será sabía política campaña ningún amor causa autoridades para puedo ante cambio diario no eso carácter mayores muestra diciembre efecto sueño medida sociedad escuela le tema hemos ahí ve sociedad primera iba pesetas manos doctor sea obstante principal donde dicho lenguaje español visto estaban san realidad pesar mil fútbol quizá luis juego país su felipe varios propuesta diferencia conjunto metros quien banco popular reforma capital encima problema recuerdo tierra cabo estoy vamos para capacidad ayer hace tiempo principal somos posición sus comenzó organización blanco últimos realizar curso médico aquellos sea actividad grandes diario recursos dar mesa negro política cuatro militares modelo ningún serán nunca tenemos mediante investigación quería vida trabajar proyecto tendrá nada como análisis ningún n última lenguaje control mucho cara ocasión objeto viaje máximo crisis fútbol encima vuelve socialista base importante población ir tema cuya sol llama sobre gonzález todas pública arte hijos nuevos población mitad pública llama figura j voz existencia palabra aire texto llama permite acerca tuvo especial servicio otros unos era años industria unidad comenzó mantener eran sentido buen con meses largo todavía violencia respecto poder materia control visita intereses dirección un cada aspectos al especial trabajar necesidad haber interés consejo hermano cualquier destino dio paso mí profesional niños sur santa hombres problema carácter momentos estudios formación hablar importante buenos diversos cuatro plan unidos asociación sector cerca hemos blanca algunos derecho pronto pueblo méxico miguel saber justicia dicen humana cualquier sistemas voy número quizá actividades cargo santiago países deja santiago justicia pablo lenguaje ese mismos radio buenos partido obstante problema presencia pasado región materia unas tenían hay adelante calidad menos barcelona dinero resulta curso noviembre frente puerto dentro fue noche elementos plazo papel pasado supuesto hechos quizá ejército marcha precios vino hay iglesia agua mujer mi acción casos viene mantener congreso flores objetivo embargo reunión g tiempo llegar luz barcelona cosa fuerte campo sí voy conciencia constitución tenían muerto área ellos tiene futuro gobierno fernando cuerpo todo nos poco proyecto salir ésta ir corazón riesgo aparece madre española dejó de programas quería importante recursos etc militares población tiempos ocasión hacía particular reforma afirmó eso nuestra suelo sino necesidad dónde con gran cambios poner así mano sin posibilidades propio industria trabajadores hablar demás media natural sur industria nueva sea forma proyecto j hacia hechos al alta nuevos obras siempre vida se comunicación casos español nombre ahora cuya carne puso forma mundo ley proyectos realidad formas ideas pero ese frente cambios defensa cuales misma propio lejos poder noche económico estilo volvió oro imposible largo iba mil nuevos dado tanto problema nosotros permite especialmente partidos acuerdo silencio nacional antonio estructura hija actividades período allí médico único diferentes concepto mil frente palabra hija usted o todavía trabajadores argentina hacerlo político amigos mí material sobre entrada obras medidas cultural verdad juego actitud contra se obra mes pacientes tenía habrá existencia bastante propuesta paso quizá actividad europa solo momentos causa hecho supuesto casa orden hacia hubiera etc dinero razón régimen río después aquel ir mal internacional equipo curso blanco plaza causa marcha allí particular les principales arte mil pesetas alguien mucha pasa amigos atención ejército especie decir información hacen josé jorge aparece función carrera propuesta buscar calle quien nos estilo principios flores respecto quería argentina fueron siendo necesario hombres características distintas económico van supuesto durante pues forma siendo siendo que cara va madrid o fuerzas situación estados lenguaje central social acción parís fueron ciencia aparece relación fueron parís abril junto problema tema ministerio del puntos dinero título julio fácil decisión unos consumo veces al saber debido costa pueden fuerzas salir encima i el humanos sur final tanto alrededor producción pone hospital resultado mismo seguir capacidad siguiente ellos les consejo puedo sociedad van poder objetivo color duda día siquiera buscar piel ayer recursos alrededor región democracia luz ciento dice principales empresas esos estoy equipo cuadro evitar quedó encuentran trabajar paciente desde santa buenos hacía justicia ex pedro mayor elementos pequeña nivel vivir final maría tanto haya situación animales ha puso particular veces solamente grupos podemos tenido política efecto yo política semana tras hablar otra modelo intereses hay mediante materia costa oposición han primeros jorge cuanto poder rafael seis imagen vamos más donde posibilidades presencia centros e pasado hace luis cierta rodríguez martín vio ideas otro posible posibilidades dólares título futuro minutos diez nacional cuando psoe equipo obstante r destino toma tenían algunas quiere primero existe nada ideas entrar mil san líder futuro conseguir trabajadores están hubiera tema generales hombre española diversos estas medios momentos razón esa mar aspecto cargo alrededor podría energía constitución consumo aire tan nuestras serie cantidad autor van sería don a santiago llegado espacio casos socialista mayoría único cuba encuentro papel vino quiere período vino escuela comunicación trata luz según esos durante buscar siempre marcha mientras casi resulta vez señor horas sangre bueno palabras mayor comenzó señor amor zona pablo pensar igual te natural programas considera imágenes nuevos voz favor parís hermano cultura pesetas cabo club presidente hombres últimos buen estudios tal mayo parte cosa empresa ejército gente final empresas cabeza paz j siguiente antes cine reforma recursos productos miedo camino llama pronto los temas actividades actividades segundo vida llamado grado pese dan instituciones investigación ni sectores allí modelo ningún le perdido ese produce desde deja palabras quiero modelo época hospital después sangre san tanto viaje pequeña uno antonio fuerte ambos pues fiscal pedro unas local especial santiago sigue dejó paso propio mis varias te septiembre lado memoria actual arriba sentido ya fue buen mercado consumo mundial méxico teoría cantidad comenzó ante principio servicio instituto real medio precisamente paciente carrera equipo podía conocer claro algunas oposición fecha cantidad porque sabía esos demasiado democracia fue vista entonces últimos hijos todos salir violencia valores casos apenas actitud importantes o serán necesidad mayores vamos norte estamos señaló estuvo camino juicio tu junio violencia pedro noviembre tribunal diversos puesto lucha mí hacia según dirección escuela lejos color obras si creación educación manera ahí jorge teatro tomar carne e hija tierra n aspectos considera aquí ella cama te nivel voz se mes control imágenes personas centros encontrar defensa así izquierda fin segunda diciembre peso demás fútbol dirección grupos tras aspecto persona principales además fin resto izquierda año hechos constitución cuerpo algún juicio hablar nuestras amor jefe esfuerzo eso opinión otro puso queda hermano carta distintas blanca haya estuvo número año centros marcha éste condiciones comunicación fuerte origen cinco nunca siete zona medios cuando menos también sueño rosa puedo parís elecciones es comercio llegar tratamiento argentina aspecto imposible precisamente ayer profesional siguientes costa consumo todavía resultado militar niños máximo profesional tampoco película p centro viaje pudo empresa parecía siendo cultural nada riesgo lugar españa estaban desarrollo teoría entre tener mano juicio pasado libertad nada conjunto van vino sistemas este algunos mismos siquiera hicieron metros puntos hay medida existe enero bueno sur semana habrá cuerpo otros ellas buena más j relación arriba profesional primeras línea tienen bueno e cine van una era tipo seguridad derecha campo médico última busca civil realidad diciembre tiene mayor realizar manuel agua última tengo con todos tema trabajar pie ese cerca pese fueron obras todo españa militar existencia mucho existen precio si ocho mayoría adelante encuentran estar mercado estudio paso estamos llegar suficiente jefe estructura palabras hizo conjunto valores llegó lugar tiene resulta libertad podemos aun agua alrededor últimos habían duda martín hecho aspectos guerra características sola semanas corte en general escuela miguel estaban u pp hijo económico riesgo alguna bastante función comenzó perdido diversos autoridades sí música si conocimiento resultados serán presencia santa empresas práctica quién a aquellos cuadro hacía puede realidad haciendo visita presencia república verdad técnica ley don algunos pero capacidad diversas llama haya porque sus quiero aspecto mayoría flores alta educación rosa presidente días vuelta manera campo lleva siendo obras julio presenta efectos tres día estudios medios aparece una pocos entrada imágenes pública estados costa existe hoy ser fuerte señora encima puerta frente vuelta podemos común buena precisamente carrera médico ministerio aumento familia hace consejo otras todavía cámara voluntad miguel medios alguien humanos soy además siglo destino quería muerto alto claro pacientes nacional y vuelve dicho abril cuanto aparece ella director paciente calle peso dicen hablar deseo expresión problema producto movimiento debía opinión comunicación justicia régimen saber iba centros investigación fernando principales llegado tierra y donde cambio tratamiento principales justicia producción país hijos semana conocer debe puedo horas abril entrar formas político lejos negro comenzó quién persona los costa tendrá flores b futuro situación destino considera libro llegar tendrá posible aquellos fondo tú datos popular destino tarde largo después blanca europea unas medio allí tipo sobre características profesional parece cuarto resultados pp trabajar económico producto tras habían organización quiere quién países mercado un éste sentido común pequeño fuentes somos salir está acuerdo porque ambiente sido carácter contrario lado durante crecimiento futuro pronto respuesta cerca situación encuentra cada esto nadie juan sean hijo oficial ningún cosas muchas familia noviembre pablo términos argentina están decisión mí ambiente hasta allá tu quiero importantes autor central trata español entrar hija cosas pensar un nacional existe cultura g defensa nivel realidad nuestros equipo necesidad san natural posible tendrá análisis cosa condiciones supuesto ministerio juicio voluntad banco distintas adelante minutos posibilidades será carlos etc suelo flores va otros cinco director edad felipe siguientes pueda blanca presidente general sala llega proyecto alta comenzó obra saber república fondo miedo seguir recursos francia ver muy libre pasa parís paz cuerpo realizar unas construcción vino programas clase estar sola obras saber adelante también opinión profesional españa eran escuela población memoria europea incluso habría político salida viene figura nunca principal cuestión allá concepto muchos secretario antonio madre plan empresas efecto cuales mientras estudios proyecto tampoco entrar creo condiciones mucha el teatro tiempos veces grande tampoco políticos trata cultural puesto problema comunidad origen capaz diferencia derechos premio saber rosa finalmente nuestras puso base era curso oficial varios punto aún universidad viejo imagen libro programa dan hay p sol haber hechos ante universidad civil partes victoria rodríguez fiscal señora niveles espera diciembre viejo dicen mercado justicia zona esas sol aún modelo primeras salud importante vuelve ocasión ley iba sector voluntad casi uno día hemos valores bien grupo asociación llamado resto cinco lucha cierta fernando cómo,#Workout,deporte
1798,"marchando, un buen chorritooo de aove y listo ñam ñam xd",#gourmet #masterchef #gastronomia #postres,cocina
1799,desafinando en el coche a pleno pulmón magia pura.,,musica
1800,"gg, ese boss tiene una hitbox rotisima 10/10 ign.",#Tryhard,videojuegos
1801,"Qué ganas de esto: modo cangrejo activado, me he quemado entero 😎",#Arena #Verano,playa
1802,"Madre mia, jugando a las palas nivel profesional jaja.",,playa
1803,"Jet lag activado, pagando un café a precio de turista no quiero volver.",,viajes
1804,"hoy toca sufrir, marcando un hat-trick para salvar el partido 🥵",#Salud #Crossfit #Healthy #Gimnasio #Fuerza,deporte
1805,,,cocina
1806,"Uff, derrape guapo en la última rotonda me encanta.",,coches
1807,Que ganas de esto: pillando unas olas increibles 10/10.,#Isla #Postu #Brisa #Snorkel #Relax,playa
1808,"madre mía el nuevo disco, flow espectacular en el escenario 🎸",#bateria,musica
1809,,#Chiringuito #Relax,playa
1810,"madre mía el nuevo disco, los graves de este altavoz me hacen vibrar magia pura.",#Festival #Music #Concierto #CancionDelDia #Temazo,musica
1811,"En bucle: en primera fila del concierto, brutal 🎵",,musica
1812,En directo desde Cuenca: desafinando en el coche a pleno pulmon 🎸...,#Urbano,musica
1813,"GG, graficos de locos con el ray tracing xd.",#rpg #shooter #ggwp #playstation,videojuegos
1814,Literalmente han nerfeado a mi main otra vez menuda estafa.,#Tryhard#Nintendo#Gaming#Shooter,videojuegos
1815,"Proxima parada: perdido en el metro de Timor-Leste, ayuda 😍",#ruta,viajes
1816,Enamorado de este bicho: stage 2 instalada y esto vuela me encanta.,#carlife,coches
1817,"Mirad qué piiiinta, masa madre fermentando, a ver el pan a cenar!",,cocina
1818,"día de piernas, agujetas nivel dios después del entreno sudando la gota gorda.",,deporte
1819,"mirad esta joya, interior de cuero espectacular me encanta.",,coches
1820,u5weK8gIEFmrepnHfSX4wiyM28uK4CIUGQ7nnsqlbVJ1Kbbvt3rI9D4GlX3gYQOrSek17F1H2fx1y9MeiWEvexiNNS4i1,#vidasana#cardio#fitness#salud#fuerza,deporte
1821,"Escapada express, mochila a la espalda y a tirar millas no quiero volver.",#vuelos #naturaleza,viajes
1822,"Mirad esta joya, el motor V8 rugiendo como una bestia gasss.",#carlife #drifting #drive #motor,coches
1823,"Hoy toca sufrir, el árbitro nos ha robado descaradamente no pain no gain xd",#futbol #baloncesto #running #entreno #cardio,deporte
1824,Vaya tela: el lag me ha arruinado la racha de victorias menuda estafa.,#Loot #Lag #Gamer,videojuegos
1825,"perdidos por leon, pagando un cafe a precio de turista me mudo aqui.",#vuelos #destino,viajes
1826,"gg, farmeando xp como un tryhard para hacer level up f en el chat.",#progamer,videojuegos
1827,farmeando XP como un tryhard para hacer level up menuda estafa.,,videojuegos
1828,"marchando, estrenando la airfryer con unas patatas 🤤 jajaja",#postres #paella,cocina
1829,,,playa
1830,"madre mía, vuelta y vuelta en la tumbona como un filete 10/10.",,playa
1831,"Hoy toca sufrir, agujetas nivel Dios después del entreno 💪",#futbol #nopainnogain #maraton,deporte
1832,"Perdidos por Zaragoza, mochila a la espalda y a tirar millas no quiero volver.",#trip#ruta#viajero,viajes
1833,"madre mia, postureo maximo en la orilla con cecilio que paz lol",#mojito #postu #sol #paraiso #bronceado,playa
1834,"Modo vacaciones: modo cangrejo activado, me he quemado entero a vivir la vida xd",#snorkel,playa
1835,En bucle: afinando la batería para el bolo 🎶...,#Ritmo,musica
1836,"brum brum, cambiando aceite y llantas, ahora sí impone gasss.",#Tuning #Racing,coches
1837,Sin excusas: agujetas nivel Dios después del entreno 🥵,,deporte
1838,,#Bikini #Arena #Atardecer,playa
1839,vaya tela: farmeando xp como un tryhard para hacer level up 🎮,#discord #progamer #shooter,videojuegos
1840,"hoy toca sufrir, marcando un hat-trick para salvar el partido victoria!",#Motivacion #Cardio #Running #Futbol,deporte
1841,"Mirad esta joya, la gasolina a precio de oro pero sigo dandole cana gasss.",#cochesclasicos #drive #v6 #supercars,coches
1842,Qué ganas de esto: postureo máximo en la orilla con Martin a vivir la vida.,#bikini #desconexion #postu #bronceado,playa
1843,recetón en tarragona: dejando el guiso al chup-chup horas se me hace la boca agua.,,cocina
1844,estrenando la airfryer con unas patatas brutal jajaja,,cocina
1845,literalmente han nerfeado a mi main otra vez 10/10 ign.,#ggwp,videojuegos
1846,,#shooter #levelup #streamer #noob #loot,videojuegos
1847,agujetas nivel Dios despues del entreno a tope.,#futbol #salud #beastmode #pr,deporte
1848,"GG, gráficos de locos con el ray tracing menuda estafa.",,videojuegos
1849,"Día de piernas, el árbitro nos ha robado descaradamente 🥵",#running #futbol #pr #atleta #gimnasio,deporte
1850,"masa madre fermentando, a ver el pan espectacular.",#Yummy #InstaFood #Gourmet,cocina
1851,Vamos equipo! partidazo de padel con Ezequiel victoria!,#Fuerza #PR #Cardio #Maraton,deporte
1852,"Gente, farmeando XP como un tryhard para hacer level up a llorar a la lloreria lol",#PlayStation #LevelUp #Shooter #Lag,videojuegos
1853,"perdidos por almería, mochila a la espalda y a tirar millas no quiero volver.",#Destino #Vuelos #Mochileros #SinFiltros,viajes
1854,vamos equipo! el gymbro me ha fallado hoy sudando la gota gorda lol,#futbol #gym #entreno #salud,deporte
1855,"Gente, ese boss tiene una hitbox rotísima F en el chat.",#RetroGaming#PlayStation,videojuegos
1856,"Por fin, vuelta y vuelta en la tumbona como un filete que paz...",#postu#brisa#sol,playa
1857,sin excusas: el árbitro nos ha robado descaaaaaradamente 💪 lol,#workout #padel,deporte
1858,tortilla con cebolla siempre 🤤,#postres #realfood,cocina
1859,"Madre mía, modo cangrejo activado, me he quemado entero 😎",#Desconexion #Olas #Bikini #Bronceado,playa
1860,"Increible, ese boss tiene una hitbox rotisima a llorar a la lloreria.",#gaming #ggwp #noob,videojuegos
1861,proyecto proyecto proyecto proyecto proyecto proyecto proyecto proyecto proyecto proyecto proyecto proyecto proyecto proyecto proyecto proyecto proyecto proyecto proyecto proyecto proyecto proyecto proyecto proyecto proyecto proyecto proyecto proyecto proyecto proyecto proyecto proyecto proyecto proyecto proyecto proyecto proyecto proyecto proyecto proyecto proyecto proyecto proyecto proyecto proyecto proyecto proyecto proyecto proyecto proyecto proyecto proyecto proyecto proyecto proyecto proyecto proyecto proyecto proyecto proyecto proyecto proyecto proyecto proyecto proyecto proyecto proyecto proyecto proyecto proyecto proyecto proyecto proyecto proyecto proyecto proyecto proyecto proyecto proyecto proyecto proyecto proyecto proyecto proyecto proyecto proyecto proyecto proyecto proyecto proyecto proyecto proyecto proyecto proyecto proyecto proyecto proyecto proyecto proyecto proyecto proyecto proyecto proyecto proyecto proyecto proyecto proyecto proyecto proyecto proyecto proyecto proyecto proyecto proyecto proyecto proyecto proyecto proyecto proyecto proyecto proyecto proyecto proyecto proyecto proyecto proyecto proyecto proyecto proyecto proyecto proyecto proyecto proyecto proyecto proyecto proyecto proyecto proyecto proyecto proyecto proyecto proyecto proyecto proyecto proyecto proyecto proyecto proyecto proyecto proyecto proyecto proyecto proyecto proyecto proyecto proyecto proyecto proyecto proyecto proyecto proyecto proyecto proyecto proyecto proyecto proyecto proyecto proyecto proyecto proyecto proyecto proyecto proyecto proyecto proyecto proyecto proyecto proyecto proyecto proyecto proyecto proyecto proyecto proyecto proyecto proyecto proyecto proyecto proyecto proyecto proyecto proyecto proyecto proyecto proyecto proyecto proyecto proyecto proyecto proyecto proyecto proyecto proyecto proyecto proyecto proyecto proyecto proyecto proyecto proyecto proyecto proyecto proyecto proyecto proyecto proyecto proyecto proyecto proyecto proyecto proyecto proyecto proyecto proyecto proyecto proyecto proyecto proyecto proyecto proyecto proyecto proyecto proyecto proyecto proyecto proyecto proyecto proyecto proyecto proyecto proyecto proyecto proyecto proyecto proyecto proyecto proyecto proyecto proyecto proyecto proyecto proyecto proyecto proyecto proyecto proyecto proyecto proyecto proyecto proyecto proyecto proyecto proyecto proyecto proyecto proyecto proyecto proyecto proyecto proyecto proyecto proyecto proyecto proyecto proyecto proyecto proyecto proyecto proyecto proyecto proyecto proyecto proyecto proyecto proyecto proyecto proyecto proyecto proyecto proyecto proyecto proyecto proyecto proyecto proyecto proyecto proyecto proyecto proyecto proyecto proyecto proyecto proyecto proyecto proyecto proyecto proyecto proyecto proyecto proyecto proyecto proyecto proyecto proyecto proyecto proyecto proyecto proyecto proyecto proyecto proyecto proyecto proyecto proyecto proyecto proyecto proyecto proyecto proyecto proyecto proyecto proyecto proyecto proyecto proyecto proyecto proyecto proyecto proyecto proyecto proyecto proyecto proyecto proyecto proyecto proyecto proyecto proyecto proyecto proyecto proyecto proyecto proyecto proyecto proyecto proyecto proyecto proyecto proyecto proyecto proyecto proyecto proyecto proyecto proyecto proyecto proyecto proyecto proyecto proyecto proyecto proyecto proyecto proyecto proyecto proyecto proyecto proyecto proyecto proyecto proyecto proyecto proyecto proyecto proyecto proyecto proyecto proyecto proyecto proyecto proyecto proyecto proyecto proyecto proyecto proyecto proyecto proyecto proyecto proyecto proyecto proyecto proyecto proyecto proyecto proyecto proyecto proyecto proyecto proyecto proyecto proyecto proyecto proyecto proyecto proyecto proyecto proyecto proyecto proyecto proyecto proyecto proyecto proyecto proyecto proyecto proyecto proyecto proyecto proyecto proyecto proyecto proyecto proyecto proyecto proyecto proyecto proyecto proyecto proyecto proyecto proyecto proyecto proyecto proyecto proyecto proyecto proyecto proyecto proyecto proyecto proyecto proyecto proyecto proyecto proyecto proyecto proyecto proyecto proyecto proyecto proyecto proyecto proyecto proyecto proyecto proyecto proyecto proyecto proyecto proyecto proyecto proyecto proyecto proyecto proyecto proyecto proyecto proyecto proyecto proyecto proyecto proyecto proyecto proyecto proyecto proyecto proyecto proyecto proyecto proyecto proyecto proyecto proyecto proyecto proyecto proyecto proyecto proyecto proyecto ,#roadtrip,viajes
1862,"gente, carrileando a florentina toda la partida 10/10 ign.",,videojuegos
1863,"madre mía el nuevo disco, afinando la batería para el bolo 🎵",#Vibras #DJ #CancionDelDia #Pop #Bateria,musica
1864,"increíble lo de hoy en la coruña, el árbitro nos ha robado descaradamente a tope xd",#padel #salud #healthy #motivacion,deporte
1865,En directo desde Ciudad: afinando la batería para el bolo magia pura.,#cantando,musica
1866,"Uff, cambiando aceite y llantas, ahora si impone puro vicio.",#Ruta,coches
1867,Enamorado de este bicho: la gasolina a precio de oro pero sigo dándole caña 🔥 xd,#drive#velocidad#motorsport#carlife#v8,coches
1868,Ragequit inminente: ese boss tiene una hitbox rotisima F en el chat.,#ggwp#gaming#xbox#tryhard,videojuegos
1869,"turisteando sin parar, me duelen los pies me mudo aqui.",#escapada#roadtrip#viajero,viajes
1870,hotelazo con unas vistas que flipas no quiero volver.,,viajes
1871,"sin excusas: corriendo 10km en ayunas, reventado a tope.",#Fuerza #Motivacion #Healthy #Crossfit,deporte
1872,,#PCGaming #Twitch,videojuegos
1873,"Hoy toca ruta por Córdoba, cambiando aceite y llantas, ahora sí impone xd",#v6 #jdm #caballos #gas #cars,coches
1874,"Uff, stage 2 instalada y esto vuela puro vicio.",#Racing #Supercars #Drifting #Ruta,coches
1875,Adivinad quien esta en Huelva: tarde perfecta en el chiringuito con un mojito 😎 !!!!,#isla#brisa#mojito#playa#costa,playa
1876,paella dominguera espectacular a cenar!,#Tapas#Gastronomia#Recetas#AOVE#Paella,cocina
1877,"día de piernas, agujetas nivel dios después del entreno sudando la gota gorda lol",#Fuerza #PR #Padel #Healthy,deporte
1878,"nuevo PR en peso muerto, a tope a tope...",#Atleta,deporte
1879,,#shooter #tryhard #nintendo #gaming,videojuegos
1880,"perdidos por santa cruz de tenerife, mochila a la espalda y a tirar millas me mudo aqui.",#RoadTrip #Travel,viajes
1881,los graves de este altavoz me hacen vibrar no puedo parar de escucharlo.,#canciondeldia #pop #indie #temazo #bateria,musica
1882,"Madre mia el nuevo disco, sacando unos acordes con la acustica nueva no puedo parar de escucharlo.",#Melodia #Live #Vinilo #Festival #Ritmo,musica
1883,"Madre mía, el agua está helada pero me he bañado igual a vivir la vida.",#mar #bronceado #chiringuito #arena,playa
1884,han nerfeado a mi main otra vez a llorar a la llorería.,,videojuegos
1885,,#gaming #rpg #ggwp #xbox #tryhard,videojuegos
1886,"Día de piernas, comiendo arroz y pollo, modo volumen no pain no gain.",#Running #Futbol #Atleta #Entreno #Salud,deporte
1887,"Mirad que pinta, emplatando nivel estrella Michelin nam nam jajaja",#cocinando#chef#salado,cocina
1888,"Mirad qué pinta, casi quemo la sartén pero ha quedado rico espectacular.",#Airfryer #AOVE,cocina
1889,"Mirad qué pinta, emplatando nivel estrella Michelin a cenaaaaar!",#realfood #foodie #cocinando #masterchef,cocina
1890,vamos equipo! partidazo de padel con isaura a tope.,#cardio #running #vidasana #fuerza #nopainnogain,deporte
1891,En directo desde Cuenca: flow espectacular en el escenario 🎶,,musica
1892,"Gente, carrileando a Albano toda la partida a llorar a la lloreria.",#retrogaming #discord,videojuegos
1893,el agua está helada pero me he bañado igual 😎,,playa
1894,"Marchando, tortilla con cebolla siempre a cenar!",#Masterchef #RecetaDelDia #Airfryer #Vegano #Postres,cocina
1895,mochila a la espalda y a tirar millas qué maravilla !!!!,,viajes
1896,"increíble, carrileando a selena toda la partida f en el chat.",#Gamer #Gaming #Setup #PlayStation,videojuegos
1897,Recetón en Ávila: emplatando nivel estrella Michelin 👨‍🍳 jajaja,#InstaFood,cocina
1898,"Marchando, masa madre fermentando, a ver el pan a cenar!",#Chef #Cocinando #InstaFood #Airfryer,cocina
1899,qué ganas de esto: tarde perfecta en el chiringuito con un mojito y no necesito más xd,#Mar #Bikini,playa
1900,sin excusas: marcando un hat-trick para salvar el partido 🥵,#healthy #futbol #workout #pr #maraton,deporte
1901,"Temazo, descubriendo joyitas indies en Spotify 🔥",#rock #pop,musica
1902,"Hoy toca ruta por Cordoba, derrape guapo en la ultima rotonda 🚗💨",#llantas,coches
1903,adivinad quien esta en girona: postureo maximo en la orilla con adora a vivir la vida.,#Atardecer #Calor #Brisa,playa
1904,"mirad esta joya, cambiando aceite y llantas, ahora sí impone me encanta.",#Velocidad #Drifting #Gas #CarPorn #JDM,coches
1905,"marchando, tortilla con cebolla siempre ñam ñam.",#Salado #Airfryer #Recetas #Sabor,cocina
1906,"vamos equipo! nuevo pr en peso muerto, a tope sudando la gota gorda.",#cardio#running,deporte
1907,En bucle: afinando la batería para el bolo increíble.,#concierto #acustico,musica
1908,"hoy toca ruta por salamanca, cambiando aceite y llantas, ahora sí impone me encanta.",#Ruta #Tuning #Llantas,coches
1909,Vaya tela: el lag me ha arruinado la racha de victorias F en el chat jajaja,#Twitch #Gamer #Shooter #Gaming #Esports,videojuegos
1910,"hoy toca sufrir, nuevo pr en peso muerto, a tope y manana mas.",#workout #healthy #running,deporte
1911,"cambiando aceite y llantas, ahora sí impone gasss lol",#jdm#gas#drifting#v8#carporn,coches
1912,"Marchando, emplatando nivel estrella Michelin se me hace la boca agua.",#postres,cocina
1913,,#pcgaming#nintendo,videojuegos
1914,modo vacaciones: arena entre los dedos y a desconectar de todo 😎,#Vacaciones,playa
1915,,#Motor,coches
1916,desafinando en el coche a pleno pulmón no puedo parar de escuchaaaarlo !!!!,#urbano #vinilo #vibras #rock,musica
1917,"perdidos por baleares, pagando un café a precio de turista me mudo aquí.",#RoadTrip #Aventura #Destino,viajes
1918,"Pelos de punta, en primera fila del concierto, brutal magia pura.",#Rock,musica
1919,"Modo vacaciones: modo cangrejo activado, me he quemado entero qué paz.",#Isla #Mar #Arena,playa
1920,"Increible lo de hoy en Soria, marcando un hat-trick para salvar el partido victoria!",#Futbol,deporte
1921,tarde perfecta en el chiringuito con un mojito 10/10...,#atardecer #relax #mojito #playa,playa
1922,"Recetón en La Rioja: masa madre fermentando, a ver el pan brutal.",#Gourmet #Gastronomia #Vegano #Cocinando #Yummy,cocina
1923,"Día de piernas, el árbitro nos ha robado descaradamente y mañana más xd",#entreno #crossfit,deporte
1924,,#explorando #roadtrip #paisaje,viajes
1925,"mirad qué pinta, casi quemo la sartén pero ha quedado rico espectacular...",#Casero#Airfryer#Masterchef,cocina
1926,"por fin, tarde perfecta en el chiringuito con un mojito 😎",#postu #brisa,playa
1927,vamos equipo! partidazo de pádel con ana sofía victoria!,#gym #cardio,deporte
1928,en bucle: afinando la bateria para el bolo 🔥,#Concierto #Pop #Spotify #Bateria #Urbano,musica
1929,"turisteando sin parar, me duelen los pies me mudo aquí.",#Viajar #Turismo #JetLag #Vuelos,viajes
1930,,#AOVE #Masterchef,cocina
1931,"Proxima parada: perdido en el metro de Ecuador, ayuda ✈️",#destino #vuelos #escapada #ruta #trip,viajes
1932,"Hoy toca ruta por Zaragoza, el motor V8 rugiendo como una bestia puro vicio.",#Drifting,coches
1933,"Jet lag activado, haciendo el check-in con Tatiana me mudo aquí.",#escapada #destino #viajar #jetlag,viajes
1934,Adivinad quién está en Alicante: postureo máximo en la orilla con Luis y noooo necesito más.,,playa
1935,"GG, abriendo loot boxes y solo sale humo 🕹️",#IndieGames#Gaming#Tryhard#ProGamer#Streamer,videojuegos
1936,sigue sigue sigue sigue sigue sigue sigue sigue sigue sigue sigue sigue sigue sigue sigue sigue sigue sigue sigue sigue sigue sigue sigue sigue sigue sigue sigue sigue sigue sigue sigue sigue sigue sigue sigue sigue sigue sigue sigue sigue sigue sigue sigue sigue sigue sigue sigue sigue sigue sigue sigue sigue sigue sigue sigue sigue sigue sigue sigue sigue sigue sigue sigue sigue sigue sigue sigue sigue sigue sigue sigue sigue sigue sigue sigue sigue sigue sigue sigue sigue sigue sigue sigue sigue sigue sigue sigue sigue sigue sigue sigue sigue sigue sigue sigue sigue sigue sigue sigue sigue sigue sigue sigue sigue sigue sigue sigue sigue sigue sigue sigue sigue sigue sigue sigue sigue sigue sigue sigue sigue sigue sigue sigue sigue sigue sigue sigue sigue sigue sigue sigue sigue sigue sigue sigue sigue sigue sigue sigue sigue sigue sigue sigue sigue sigue sigue sigue sigue sigue sigue sigue sigue sigue sigue sigue sigue sigue sigue sigue sigue sigue sigue sigue sigue sigue sigue sigue sigue sigue sigue sigue sigue sigue sigue sigue sigue sigue sigue sigue sigue sigue sigue sigue sigue sigue sigue sigue sigue sigue sigue sigue sigue sigue sigue sigue sigue sigue sigue sigue sigue sigue sigue sigue sigue sigue sigue sigue sigue sigue sigue sigue sigue sigue sigue sigue sigue sigue sigue sigue sigue sigue sigue sigue sigue sigue sigue sigue sigue sigue sigue sigue sigue sigue sigue sigue sigue sigue sigue sigue sigue sigue sigue sigue sigue sigue sigue sigue sigue sigue sigue sigue sigue sigue sigue sigue sigue sigue sigue sigue sigue sigue sigue sigue sigue sigue sigue sigue sigue sigue sigue sigue sigue sigue sigue sigue sigue sigue sigue sigue sigue sigue sigue sigue sigue sigue sigue sigue sigue sigue sigue sigue sigue sigue sigue sigue sigue sigue sigue sigue sigue sigue sigue sigue sigue sigue sigue sigue sigue sigue sigue sigue sigue sigue sigue sigue sigue sigue sigue sigue sigue sigue sigue sigue sigue sigue sigue sigue sigue sigue sigue sigue sigue sigue sigue sigue sigue sigue sigue sigue sigue sigue sigue sigue sigue sigue sigue sigue sigue sigue sigue sigue sigue sigue sigue sigue sigue sigue sigue sigue sigue sigue sigue sigue sigue sigue sigue sigue sigue sigue sigue sigue sigue sigue sigue sigue sigue sigue sigue sigue sigue sigue sigue sigue sigue sigue sigue sigue sigue sigue sigue sigue sigue sigue sigue sigue sigue sigue sigue sigue sigue sigue sigue sigue sigue sigue sigue sigue sigue sigue sigue sigue sigue sigue sigue sigue sigue sigue sigue sigue sigue sigue sigue sigue sigue sigue sigue sigue sigue sigue sigue sigue sigue sigue sigue sigue sigue sigue sigue sigue sigue sigue sigue sigue sigue sigue sigue sigue sigue sigue sigue sigue sigue sigue sigue sigue sigue sigue sigue sigue sigue sigue sigue sigue sigue sigue sigue sigue sigue sigue sigue sigue sigue sigue sigue sigue sigue sigue sigue sigue sigue sigue sigue sigue sigue sigue sigue sigue sigue sigue sigue sigue sigue sigue sigue sigue sigue sigue sigue sigue sigue ,,coches
1937,literalmente han nerfeado a mi main otra vez f en el chat.,#loot #gaming #shooter,videojuegos
1938,"Increíble, farmeando XP como un tryhard para hacer level up F en el chat.",#noob #streamer #progamer #pcgaming,videojuegos
1939,"Por fin, jugando a las palas nivel profesional jaja.",#olas#paraiso#vistas#isla,playa
1940,"Hoy toca ruta por Murcia, cambiando aceite y llantas, ahora sí impone xd...",#Supercars,coches
1941,Hoy me he coronado: emplatando nivel estrella Michelin se me hace la boca agua.,,cocina
1942,"marchando, dejando el guiso al chup-chup horas brutal.",#realfood #paella #comidasana #sabor #instafood,cocina
1943,"temazo, desafinando en el coche a pleno pulmón magia pura.",#vinilo #ritmo #temazo #festival,musica
1944,"GG, bugeado en la pared, genial el parche F en el chat.",#noob,videojuegos
1945,Wanderlust: mochila a la espalda y a tirar millas wanderlust total xd,#Ruta#Cultura#Explorando#Turismo#Wanderlust,viajes
1946,Vaya tela: abriendo loot booooxes y solo sale humo 🎮,#Streamer #Loot #Gaming #Twitch,videojuegos
1947,que ganas de esto: tarde perfecta en el chiringuito con un mojito a vivir la vida.,#paraiso #arena #desconexion #mar #bronceado,playa
1948,"increíble, el lag me ha arruinado la racha de victorias f en el chat.",#Tryhard #Twitch #ProGamer #PCGaming,videojuegos
1949,"jet lag activado, pagando un café a precio de turista me mudo aquí.",#Viajero #Aventura,viajes
1950,"madre mía, arena entre los dedos y a desconectar de todo qué paz.",,playa
1951,"perdidos por almería, mochila a la espalda y a tirar millas no quiero volver.",#trip #viajar #ruta #cultura #wanderlust,viajes
1952,,#Mar #Olas #Calor #Sol,playa
1953,,#RecetaDelDia #Masterchef #Tapas #Gourmet #Gastronomia,cocina
1954,"marchando, paella dominguera espectacular ñam ñam.",#vegano #airfryer #foodie,cocina
1955,Literalmente han nerfeado a mi main otra vez 🎮,#rpg #levelup,videojuegos
1956,Qué ganas de esto: vuelta y vuelta en la tumbona como un filete 😎 jajaja,#chiringuito #brisa,playa
1957,que ganas de esto: el agua esta helada pero me he banado igual jaja !!!!,#Relax#Brisa#Vistas,playa
1958,otros personas toma marzo diferentes diversos grandes muchos países respecto actual antes control especie administración explicó personas estructura lejos alrededor español de crecimiento vamos sistemas medida ve hacía tribunal misma p camino mejores congreso medio casos visita podrá ministro lo mediante dicen encontrar ha si mundo casa sangre texto estados fuera principio hecho diez baja opinión social norte otro españoles acto soy población ii democracia unidad felipe visto victoria otras considera deseo tanto va dónde contenido duda demasiado capacidad difícil consejo vino valor semanas quería horas dan puerto encontrar rodríguez ministro quien sistemas llamado partidos investigación afirmó estilo necesidad ahora gracias formas mayor finalmente larga tuvo diario ciencia ciudad elementos conocer opinión poder julio vuelta efectos creo creación socialista sigue sabía pequeño cuando recuerdo estamos hasta estudio estructura conseguir podemos podrá silencio estuvo cultural además primer presenta porque mejores otro democracia quiero tuvo horas atrás desde otras parís mismo nuevos victoria podría libro esas suficiente viejo partir partir visto gonzález ley grupos modelo temas público libros méxico aquellos crecimiento ii cosa pequeña costa imágenes teatro desde etc semana haber flores militar autoridades nada contrario ocasión cualquier programa quién decir carne veces muy trata han reunión encima términos en hacía tres comunicación eso ahí pone civil oficial fue ante esta ningún cuerpo hace jefe vista ante mejor donde larga dónde hospital estaba estudio grandes lugar contenido administración imposible dólares afirmó sur cierto señaló medida medio dirección g tarde carne voy fuerzas años éste lenguaje marcha presencia quien cuatro blanca idea saber fuego idea cuanto cinco posibilidades origen adelante ayuda imágenes natural existen quien encima hecho hermano antes dios hace gonzález boca palabras han podía cantidad sabe quiere mitad vamos de pueden fuerza dejó cuarto enero izquierda cine próximo c opinión tiempo de mucho centro hombres empresas metros viene sólo hermano nuevo relaciones función anterior metros puso libertad justicia todo podría familia jamás capaz buscar nuevo rafael concepto control concepto recuerdo armas cuyo carta hacerlo les real voy qué rosa términos hecho blanca manuel principio felipe nueva club muchas quería diversos primeros en toda otros precisamente nosotros importante vía hijos mujer acciones sí quería julio experiencia actual papel ayuda hubo decir hospital tener edad buscar hubo ver maría santiago lejos político francisco trabajo fiscal éxito e cuyo económico nuestros américa temas juicio volver puede distintas bien actual fin decir tenían cantidad presenta área actividad amor finalmente momento serie tal sectores congreso llamado tuvo pregunta presidente fue estos aspecto estar tenido ambiente anterior embargo defensa recursos fueron derecha estuvo cierto arte eso hacerlo quería santa plan vuelta ser dicen estas estamos hubiera pasa estoy educación cuya base estar construcción deja vamos dice llamado condiciones luego política llevar mitad voluntad sol conjunto abril principales niveles va paciente toma dónde libertad práctica riesgo título encontrar i club éste europa posibilidad manos horas otro ayer deseo papel cuando sí muchas artículo cuales durante fueron construcción derecha años mano suerte tres peso actitud larga estaban sea esas música perdido tiempo encuentra banco mundial niveles particular veces duda hacer nuevos puede josé sean compañía sabe me estaban acciones hubiera ciento plaza francia con sus apoyo últimos días intereses resultados varios sido garcía tiempos espacio las llegado mar alguien se demás situación existen plazo seguridad falta entrar hubiera me material cine salud militar cualquier media rafael también premio equipo sea soy humanos hecho todo materia ahí han américa pie según poder unos político muerto atrás fondo mi tiempo punto algo nuestros pueden da obstante m crisis quedó formas profesional tiempos personal propuesta estamos cultura estaban base gracias próximo días diciembre ningún partir principios les ha argentina misma les desarrollo se curso contenido idea consumo esa deseo capacidad opinión comisión tratamiento el siguientes podría francia nuestro enero premio existe otra aspectos solución función próximo acción llegar cuba dan buenos trabajadores personal tarde pueblo estamos ello dio quedó mal américa producción flores alguna mirada niveles permite todas tendrá igual modo pequeña espera ciudad he hombre y fuentes serie única aquella político unidos social mañana cine te personal quién torno local exterior enfermedad dijo embargo madrid puesto habrá mano rodríguez ninguna pública hijos u pie agua ahí relaciones éxito aquel unidos imposible lenguaje nueva precisamente presenta ellos diferencia naturaleza peor rafael rosa nivel posible realizar mañana duda están vio tipos dicen líder r entrada fácil voy sobre española maría quien acciones consumo pesar r mayores futuro proyectos proceso primeras electoral menos deja encuentra mantener pueblo amor sentido iglesia embargo material ellas parece centros fútbol respuesta civil empresas datos valores deben carta asimismo pablo muestra doctor tal es haya pequeña entrada va producto y dolor población da existen ha puerta incluso fuentes difícil río principal américa unidad lejos cabeza tengo segunda estoy cabo la sueño sido violencia niños esa serie méxico policía pone habrá fácil calidad prueba la cultura n hay época administración sin libre cuba banco quiero fondo agua mañana mañana sólo aparece armas muchas resto últimos diferencia muerto educación comenzó económico capaz precisamente cada últimos autor una allá principio chile primeros había ningún eran ciudad pronto caso rodríguez cultural dejar partido gracias libertad premio cosa blanca nuestros igual camino siquiera medidas otro él mañana aire principio hizo dios tu mejores orden algún encuentra sala gente hasta e viaje parís millones natural asimismo mayoría don marcha operación con encuentran buenos estructura cuestión puso mesa recuerdo congreso esos familia negro productos ellas productos sistema larga o tratamiento pueda conocimiento europea mismos prueba estilo instituto josé larga palabras menos dijo argentina elecciones electoral estamos llegado asunto consecuencia otras diez bueno años vez espacio punto revolución medida paz personas instituto creación san todos costa esos casos puedo dentro cargo enfermedad cantidad sean educación social haber varios padre afirmó algún cargo formas santiago claro octubre cierto noviembre atrás años cerca española ahí diferentes las tampoco generales internacional régimen crecimiento cuerpo cultural don afirmó les alta últimos llamado central dios televisión lo río segunda llega total felipe aumento antes horas medio revolución mira diez técnica habían alrededor cantidad personas cuerpo río manuel pasado acerca primeras memoria participación o asociación cambio tenía hasta desarrollo control haber señor apenas unidad flores estas respecto da semana modo carlos importancia consumo diferentes otro prueba televisión comenzó diversas qué seguir pública quizá pocos comunicación final televisión hemos movimiento color recuerdo productos corazón mirada nuestros económico modo forma oposición entonces decir se silencio carácter cómo hicieron tu larga memoria puerta mayores parecía personal padre hicieron mitad pasado suelo objetivo españa norte diversas estilo la considera todavía actitud orden era u lucha siquiera aquellas está reunión violencia hechos ni efecto habría seguridad ha precisamente mujeres silencio constitución experiencia director claro norte bajo importancia calidad deseo allá desde realidad particular dejar izquierda maría hacen tengo san derecho radio ser unos televisión todavía mundo llama español ante pública todas militar sino santiago técnica económico tienen éste personas ambiente último pero resultado diciembre estructura democracia partir falta unidos que cultural hay director policía tu muchas personas cómo actual sangre tener televisión dijo izquierda trabajar otras gonzález ninguna unidad deja luego ciento vida prensa futuro solo tiempos los abril acciones mayores nunca partido en sala medidas ii estaba quién estamos capital experiencia única trabajo voz ver aspectos mil contra interés había maría asimismo propio explicó dan menos aún los podemos norte jamás manuel programas santa valor tres europa conocer debía todas mayo van tiene mis cuya zonas ministerio comenzó defensa sector haber consejo distintas porque nuestras suerte estilo nuestro obras posición valor problemas ciudad armas fuerte llamado nivel mediante vivir norte cierto segundo imagen pocos ellos estos julio aún ocho frente entonces sido figura fuego frente hubo régimen señora s conciencia suerte sin menor hijo pequeño trabajar conseguir siguientes historia podrá vio elecciones ii carrera piel edad tales curso color vuelve hecho industria aparece alrededor respuesta pedro bajo la cuya mujeres acto cinco vía posición durante poco cámara una consejo educación oposición a parece hechos momento hace atrás siempre miembros minutos curso primera aquellos frente dirección mayoría has plazo buen barcelona importantes llama pueblo etc corte plan niveles región actitud parte partidos mar son muchos curso color crecimiento españa arriba entre primeras cerca vino antes cama república señora metros ministro varios dólares pp hubo luz ocasión gobierno crisis ocasiones quedó paso tienen nuestra puedo victoria aquí hospital electoral cerca libros base marzo millones común encima cuba libertad eso compañía solución acciones realidad peso ya nombre educación siguientes proyecto formación propuesta quién dolor luego central alrededor lópez entrada persona habla atención luz problema etc cabeza tenemos hace los iba noche luego capital sí democracia del verdad busca investigación pequeño esta menos primeros claro noviembre máximo derechos grandes siempre estaban efecto iba forma humano movimiento instituto proyecto año evitar mundo izquierda esfuerzo ante ciencia cultural hijo necesario mientras amor generales debía hijo tales lado mejor deja razón dicho contrario información poner nuestra dolor relación verdad etapa mirada varios dolor opinión ministro siete fuerte n población iglesia diciembre social secretario local todo cámara autor amigo armas teatro cambio ley nuestras conocimiento poder población deja cantidad allí ex siguientes tenían este gracias tiempos pesar aunque solución importancia hijo dio seguro cámara respuesta primeros partido profesional hay políticas visto apoyo mujer tres lucha buscar hermano vino fuerte vivir hechos enfermedad dios encuentra sería se don demás idea tarde ojos segunda entre queda mucho mismo atrás perdido fondo estados civil conciencia padres tu unas anterior llevar libertad formas diversos central ideas fuera obstante sabe régimen siglo forma gente práctica viaje habrá objeto nos humanos contrario mientras gonzález total tanto hoy carlos recuerdo tengo ministerio ciento ayuda práctica favor europea mundo cuando conocimiento mejores puerto principal banco partidos las son mucha izquierda posible veces nivel principio pues mucho no cantidad n salud usted seguridad unos he sin fernando nuevas negro población muestra grupos seguridad mujer noche dicho hombre ese español amigo armas modo permite eran poder fiscal produce ambos apenas común escuela programa primera siglo puesto momento mayor según carne noviembre casi asimismo afirmó todavía modo he precisamente plan jamás análisis otros cuatro iglesia te cuyo dolor usted producto sean miedo nueva carta actividad según blanco suficiente primeras actual enero vamos atención hacia abril chile están militares control información democracia desarrollo favor reunión sigue estoy capacidad esos última hacia años porque entrar nada deseo norte según mí tipos mismos control bien violencia durante evitar obras humano dijo viene proceso año has carrera sola niveles aún tomar crisis todos padre maría buen usted éxito pablo fuera mirada libre puntos ésta sur nuevo llegado entrada principal n poco gonzález en considera esfuerzo parís fue obstante santa campaña pp puerta misma fuentes campaña derecha segundo bastante tipos creación tres único demasiado artículo conocer personal lejos película claro sigue tras claro ésta civil esta total menos ningún llama solución podemos sociedad importantes presente importante justicia natural visita embargo octubre casos participación tengo poner existe mayoría autoridades vida mayoría vez s suficiente dijo la miedo m mar objetivo situación torno volver tenemos pedro hubiera atrás dejar será estamos horas esa dejó lugar puerta según rafael nuestro revolución jóvenes especialmente dos alguna una algún como nuevos lado sociedad compañía número relaciones poco diferentes realizar libre distintos dice supuesto autor importancia sangre pablo santa operación casos ciencia francisco estructura dios atrás generales mayores habla ante tipo derechos español lópez negro salud fuego incluso vamos aumento muerto curso fácil destino hospital llevar alrededor encima lucha campo línea sería encontrar importancia libre resultado sueño resulta estudios democracia crecimiento teatro materia razones amor falta muerto banco llamado modelo figura mes quiero media nuestros vio junto ambos sistema m enfermedad luz años casi hecho obstante pedro asimismo sean falta resto visita consumo demasiado presencia oro españa situación tiempo están unos ya primeras carta principios e contenido puso objeto práctica incluso acción mar podía curso internacional frente modo parecía producto rosa juicio aún papel eran ocho secretario varios uso torno carne palabras comunidad del argentina papel nuestros semana papel única ley cámara sigue investigación blanco cara ya hijo plan según policía últimos tanto juego muchas período vista casa libre revolución común misma derechos quiero están aun además,#bikini #olas #mar #relax #isla,playa
1959,casi quemo la sartén pero ha quedado ricooo espectacular.,,cocina
1960,Recetón en Cuenca: paella dominguera espectacular brutal lol,,cocina
1961,"madre mía, jugando a las palas nivel profesional a vivir la vida !!!!",#paraiso #chiringuito,playa
1962,"Hoy toca sufrir, nuevo PR en peso muerto, a tope a tope.",#Gimnasio #Running #Healthy,deporte
1963,ese boss tiene una hitbox rotísima 10/10 ign.,#Loot #PlayStation #Setup #Gamer,videojuegos
1964,"Gente, gráficos de locos con el ray tracing menuda estafa.",#playstation #retrogaming #esports #xbox,videojuegos
1965,"Jet lag activado, probando street food de dudosa procedencia 🌍",#Naturaleza #Explorando,viajes
1966,españoles españoles españoles españoles españoles españoles españoles españoles españoles españoles españoles españoles españoles españoles españoles españoles españoles españoles españoles españoles españoles españoles españoles españoles españoles españoles españoles españoles españoles españoles españoles españoles españoles españoles españoles españoles españoles españoles españoles españoles españoles españoles españoles españoles españoles españoles españoles españoles españoles españoles españoles españoles españoles españoles españoles españoles españoles españoles españoles españoles españoles españoles españoles españoles españoles españoles españoles españoles españoles españoles españoles españoles españoles españoles españoles españoles españoles españoles españoles españoles españoles españoles españoles españoles españoles españoles españoles españoles españoles españoles españoles españoles españoles españoles españoles españoles españoles españoles españoles españoles españoles españoles españoles españoles españoles españoles españoles españoles españoles españoles españoles españoles españoles españoles españoles españoles españoles españoles españoles españoles españoles españoles españoles españoles españoles españoles españoles españoles españoles españoles españoles españoles españoles españoles españoles españoles españoles españoles españoles españoles españoles españoles españoles españoles españoles españoles españoles españoles españoles españoles españoles españoles españoles españoles españoles españoles españoles españoles españoles españoles españoles españoles españoles españoles españoles españoles españoles españoles españoles españoles españoles españoles españoles españoles españoles españoles españoles españoles españoles españoles españoles españoles españoles españoles españoles españoles españoles españoles españoles españoles españoles españoles españoles españoles españoles españoles españoles españoles españoles españoles españoles españoles españoles españoles españoles españoles españoles españoles españoles españoles españoles españoles españoles españoles españoles españoles españoles españoles españoles españoles españoles españoles españoles españoles españoles españoles españoles españoles españoles españoles españoles españoles españoles españoles españoles españoles españoles españoles españoles españoles españoles españoles españoles españoles españoles españoles españoles españoles españoles españoles españoles españoles españoles españoles españoles españoles españoles españoles españoles españoles españoles españoles españoles españoles españoles españoles españoles españoles españoles españoles españoles españoles españoles españoles españoles españoles españoles españoles españoles españoles españoles españoles españoles españoles españoles españoles españoles españoles españoles españoles españoles españoles españoles españoles españoles españoles españoles españoles españoles españoles españoles españoles españoles españoles españoles españoles españoles españoles españoles españoles españoles españoles españoles españoles españoles españoles españoles españoles españoles españoles españoles españoles españoles españoles españoles españoles españoles españoles españoles españoles españoles españoles españoles españoles españoles españoles españoles españoles españoles españoles españoles españoles españoles españoles españoles españoles españoles españoles españoles españoles españoles españoles españoles españoles españoles españoles españoles españoles españoles españoles españoles españoles españoles españoles españoles españoles españoles españoles españoles españoles españoles españoles españoles españoles españoles españoles españoles españoles españoles españoles españoles españoles españoles españoles españoles españoles españoles españoles españoles españoles españoles españoles españoles españoles españoles españoles españoles españoles españoles españoles españoles españoles españoles españoles españoles españoles españoles españoles españoles españoles españoles españoles españoles españoles españoles españoles españoles españoles españoles españoles españoles españoles españoles españoles españoles españoles españoles españoles españoles españoles españoles españoles españoles españoles españoles españoles españoles españoles españoles españoles españoles españoles españoles españoles españoles españoles españoles españoles españoles españoles españoles españoles españoles españoles españoles españoles españoles españoles españoles españoles españoles españoles españoles españoles españoles españoles españoles españoles españoles españoles españoles españoles españoles españoles españoles españoles españoles españoles españoles españoles españoles españoles españoles españoles españoles españoles españoles españoles españoles españoles españoles españoles españoles españoles españoles españoles españoles españoles españoles españoles ,#airfryer #comidasana #realfood,cocina
1967,"Por fin, el agua está helada pero me he bañado igual 😎",#Isla,playa
1968,"literalmente bugeado en la pared, genial el parche 10/10 ign lol",,videojuegos
1969,han nerfeado a mi main otra vez menuda estafa xd,#PlayStation #Gamer #Setup #Streamer,videojuegos
1970,pasando la ITV de puro milagro gasss jajaja,,coches
1971,carrileando a Diego toda la partida menuda estafa.,#ProGamer #RPG,videojuegos
1972,"marchando, tortilla con cebolla siempre se me hace la boca agua.",#Gastronomia #Vegano #RealFood #Foodie #RecetaDelDia,cocina
1973,"Escapada express, probando street food de dudosa procedencia ✈️",#turismo #roadtrip #vuelos,viajes
1974,lavado a mano para que brille la pintura 🚗💨,#gas#ruta#v6,coches
1975,En bucle: los graves de este altavoz me hacen vibrar 🔥,#ritmo #melodia,musica
1976,"cambiando aceite y llantas, ahora si impone gasss.",#CarPorn #Exhaust,coches
1977,"jet lag activado, hotelazo con unas vistas que flipas qué maravilla.",#Destino #SinFiltros #Explorando #Vuelos #Travel,viajes
1978,"madre mía, tarde perfecta en el chiringuito con un mojito 10/10.",#Snorkel #Chiringuito #Vacaciones #Desconexion,playa
1979,,#Rock#Bateria,musica
1980,Ragequit inminente: gráficos de locos con el ray tracing 🎮,,videojuegos
1981,"jet lag activado, mochila a la espalda y a tirar millas 😍",,viajes
1982,En bucle: flow espectacuuular en el escenario 🎵,#Temazo#MusicaEnVivo#CancionDelDia#Pop#Guitarra,musica
1983,Recetón en Teruel: paella dominguera espectacular ñam ñam.,#realfood#tapas,cocina
1984,el lag me ha arruinado la racha de victorias xd.,#loot #indiegames #xbox,videojuegos
1985,"Día de piernas, comiendo arroz y pollo, modo volumen y mañana más.",#Running #Motivacion,deporte
1986,"Por fin, el agua está helada pero me he bañado igual 😎",#chiringuito #paraiso #vistas #atardecer #verano,playa
1987,arena entre los dedos y a desconectar de todo qué paz...,#atardecer #relax #arena #calor #vistas,playa
1988,"Qué ganas de esto: modo cangrejo activado, me he quemado enteeero 🌊...",#vacaciones#relax#playa#vistas,playa
1989,"increíble, stage 2 instalada y esto vuela 🚗💨",#Racing,coches
1990,"Temazo, en primera fila del concierto, brutal no puedo parar de escucharlo xd",,musica
1991,Enamorado de este bicho: la gasolina a precio de oro pero sigo dándole caña gasss.,#MotorSport #Supercars #V6,coches
1992,Recetón en Girona: paella dominguera espectacular 👨‍🍳,#Sabor#Postres#Dulce#Chef#Paella,cocina
1993,"Mirad que pinta, un buen chorrito de AOVE y listo brutal.",#recetadeldia#postres#instafood#gourmet#realfood,cocina
1994,en bucle: desafinando en el coche a pleno pulmon magia pura.,#Ritmo #Vibras #Temazo,musica
1995,Recetón en Castellón: estrenando la airfryer con unas patatas a cenar! jajaja,#casero#tapas#salado,cocina
1996,vamos equipo! el árbitro nos ha robado descaradamente 💪,#Healthy #Gimnasio,deporte
1997,"GG, han nerfeado a mi main otra vez 10/10 IGN.",#IndieGames #GGWP #PlayStation,videojuegos
1998,Literalmente abriendo loot boxes y solo sale humo xd.,,videojuegos
1999,"Día de piernas, marcando un hat-trick para salvar el partido y mañana más.",#Maraton#Futbol#Motivacion#Fuerza,deporte
2000,Adivinad quien esta en Palencia: arena entre los dedos y a desconectar de todo a vivir la vida.,#Brisa #Vacaciones #Calor #Mojito,playa
2001,En bucle: afinando la batería para el bolo increíble.,#Live #Vinilo #Spotify #Concierto #DJ,musica
2002,"madre mía, tarde perfecta en el chiringuito con un mojito 🌊",#Bikini #Isla #Sol #Desconexion #Mojito,playa
2003,,#Cars #Drifting #Exhaust,coches
2004,Ragequit inminente: el lag me ha arruinado la racha de victorias a llorar a la llorería.,#Noob #RPG #Setup,videojuegos
2005,Enamorado de este bicho: derrape guapo en la última rotonda puro vicio.,#MotorSport #Ruta #JDM #Cars #V8,coches
2006,próxima parada: haciendo el check-in con aitor 😍,#SinFiltros #Mochileros #Trip,viajes
2007,"escapada express, haciendo el check-in con dorotea qué maravilla.",#Viajar,viajes
2008,qué ganas de esto: arena entre los dedos y a desconectar de todo 🌊,#Snorkel #Verano,playa
2009,"Día de piernas, comiendo arroz y pollo, modo volumen victoria!",#beastmode #fuerza #workout,deporte
2010,En directo desde Castellon: sacando unos acordes con la acustica nueva 🎶,#musicaenvivo #melodia #vinilo #urbano #festival,musica
2011,"pelos de punta, los graves de este altavoz me hacen vibrar 🔥 lol",#cantando#urbano,musica
2012,Qué ganas de esto: postureo máximo en laaa orilla con Blas jaja.,#Mojito,playa
2013,Enamorado de este bicho: el motor V8 rugiendo como una bestia que locura.,,coches
2014,"Pelos de punta, descubriendo joyitas indies en Spotify 🔥",#Rock #CancionDelDia,musica
2015,"Temazo, en primera fila del concierto, brutal no puedo parar de escucharlo xd",#urbano #indie #ritmo #live,musica
2016,"próxima parada: perdido en el metro de perú, ayuda qué maravilla.",,viajes
2017,En directo desde Almeria: desafinando en el coche a pleno pulmon 🎸,,musica
2018,"vamos equipo! comiendo arroz y pollo, modo volumen victoria!",#maraton #entreno #salud #baloncesto,deporte
2019,experimentando en la cocina: estrenando la airfryer con unas patatas 🤤 !!!!,#cocinando #sabor #tapas #yummy #gourmet,cocina
2020,"Brum brum, lavado a mano para que brille la pintura me encanta.",#MotorSport,coches
2021,"Pelos de punta, desafinando en el coche a pleno pulmón 🎸 jajaja",#cantando #music #rock #concierto #melodia,musica
2022,"Increible, lavado a mano para que brille la pintura puro vicio.",#drifting #supercars #carlife #v8,coches
2023,Vamos equipo! marcando un hat-trick para salvar el partiiiido 🥵,#PR,deporte
2024,vamos equipo! partidazo de padel con manuel sudando la gota gorda.,#VidaSana #Gimnasio #Maraton #Gym #Fuerza,deporte
2025,Experimentando en la cocina: emplatando nivel estrella Michelin 👨‍🍳,#Gourmet,cocina
2026,Ragequit inminente: ese boss tiene una hitbox rotísima 10/10 IGN.,#nintendo,videojuegos
2027,el gymbro me ha fallado hoy sudando la gota gorda.,#BeastMode #Fitness #Baloncesto #Fuerza #PR,deporte
2028,,#padel#atleta#healthy,deporte
2029,"madre mía el nuevo disco, sacando unos acordes con la acústica nueva 🎶",,musica
2030,,#v8 #velocidad,coches
2031,wanderlust: pagando un café a precio de turista no quiero volver.,#naturaleza #mochileros #escapada #cultura #trip,viajes
2032,"hoy toca sufrir, nuevo pr en peso muerto, a tope 🥵",#padel,deporte
2033,"mirad qué pinta, un buen chorrito de aove y listo 🤤",#Paella,cocina
2034,"gg, ese booooss tiene una hitbox rotisima 🎮",#shooter #progamer,videojuegos
2035,"Temazo, flow espectacular en el escenario 🔥",#Melodia #Urbano #DJ,musica
2036,,#Bronceado #Verano #Mojito #Postu,playa
2037,"Increíble lo de hoy en Ávila, comiendo arroz y pollo, modo volumen y mañana más lol",,deporte
2038,Literalmente pillando unas olas increíbles y no necesito más.,#Desconexion #Playa #Mar #Chiringuito,playa
2039,recetón en palencia: estrenando la airfryer con unas patatas ñam ñam.,#yummy,cocina
2040,"Increíble, han nerfeado a mi main otra vez 10/10 IGN.",#levelup #esports,videojuegos
2041,"Marchando, tortilla con cebolla siempre a cenar! jajaja",,cocina
2042,carrileando a Sofía toda la partida xd.,#tryhard,videojuegos
2043,En directo desde Sevilla: desafinando en el coche a pleno pulmon 🎶,#CancionDelDia,musica
2044,"Increíble, gráficos de locos con el ray tracing xd.",#gaming #indiegames #streamer #ggwp,videojuegos
2045,"en primera fila del concierto, brutal 🎵",,musica
2046,Recetón en Salamanca: tortilla con cebolla siempre espectacular.,#salado#gourmet#yummy,cocina
2047,vuelta y vuelta en la tumbona como un filete que paz.,#desconexion#vacaciones,playa
2048,"Jet lag activado, haciendo el check-in con Leyre wanderlust total.",#Pasaporte #Escapada #Mochileros #Naturaleza,viajes
2049,"Vamos equipo! corriendo 10km en ayunas, reventado 💪",#crossfit,deporte
2050,"Vamos equipo! comiendo arroz y pollo, modo volumen y mañana más.",#Gimnasio #Running #Crossfit,deporte
2051,vuelta y vuelta en la tumbona como un filete jaja.,#Calor #Desconexion #Isla,playa
2052,vamos equipo! marcando un hat-trick para salvar el partido 🥵,#Motivacion #Workout #Padel #Baloncesto,deporte
2053,"modo vacaciones: modo cangrejo activado, me he quemado entero a vivir la vida.",,playa
2054,"modo cangrejo activado, me he quemado entero jaja.",#isla #atardecer,playa
2055,"Increíble, el lag me ha arruinado la racha de victorias F en el chat.",,videojuegos
2056,,#futbol #beastmode #gimnasio #vidasana,deporte
2057,,#Spotify #DJ,musica
2058,"Uff, cambiando aceite y llantas, ahora si impone puro vicio.",#mecanica #tuning #llantas #exhaust #racing,coches
2059,Literalmente gráficos de locos con el ray tracing xd.,#LevelUp,videojuegos
2060,cámara cámara cámara cámara cámara cámara cámara cámara cámara cámara cámara cámara cámara cámara cámara cámara cámara cámara cámara cámara cámara cámara cámara cámara cámara cámara cámara cámara cámara cámara cámara cámara cámara cámara cámara cámara cámara cámara cámara cámara cámara cámara cámara cámara cámara cámara cámara cámara cámara cámara cámara cámara cámara cámara cámara cámara cámara cámara cámara cámara cámara cámara cámara cámara cámara cámara cámara cámara cámara cámara cámara cámara cámara cámara cámara cámara cámara cámara cámara cámara cámara cámara cámara cámara cámara cámara cámara cámara cámara cámara cámara cámara cámara cámara cámara cámara cámara cámara cámara cámara cámara cámara cámara cámara cámara cámara cámara cámara cámara cámara cámara cámara cámara cámara cámara cámara cámara cámara cámara cámara cámara cámara cámara cámara cámara cámara cámara cámara cámara cámara cámara cámara cámara cámara cámara cámara cámara cámara cámara cámara cámara cámara cámara cámara cámara cámara cámara cámara cámara cámara cámara cámara cámara cámara cámara cámara cámara cámara cámara cámara cámara cámara cámara cámara cámara cámara cámara cámara cámara cámara cámara cámara cámara cámara cámara cámara cámara cámara cámara cámara cámara cámara cámara cámara cámara cámara cámara cámara cámara cámara cámara cámara cámara cámara cámara cámara cámara cámara cámara cámara cámara cámara cámara cámara cámara cámara cámara cámara cámara cámara cámara cámara cámara cámara cámara cámara cámara cámara cámara cámara cámara cámara cámara cámara cámara cámara cámara cámara cámara cámara cámara cámara cámara cámara cámara cámara cámara cámara cámara cámara cámara cámara cámara cámara cámara cámara cámara cámara cámara cámara cámara cámara cámara cámara cámara cámara cámara cámara cámara cámara cámara cámara cámara cámara cámara cámara cámara cámara cámara cámara cámara cámara cámara cámara cámara cámara cámara cámara cámara cámara cámara cámara cámara cámara cámara cámara cámara cámara cámara cámara cámara cámara cámara cámara cámara cámara cámara cámara cámara cámara cámara cámara cámara cámara cámara cámara cámara cámara cámara cámara cámara cámara cámara cámara cámara cámara cámara cámara cámara cámara cámara cámara cámara cámara cámara cámara cámara cámara cámara cámara cámara cámara cámara cámara cámara cámara cámara cámara cámara cámara cámara cámara cámara cámara cámara cámara cámara cámara cámara cámara cámara cámara cámara cámara cámara cámara cámara cámara cámara cámara cámara cámara cámara cámara cámara cámara cámara cámara cámara cámara cámara cámara cámara cámara cámara cámara cámara cámara cámara cámara cámara cámara cámara cámara cámara cámara cámara cámara cámara cámara cámara cámara cámara cámara cámara cámara cámara cámara cámara cámara cámara cámara cámara cámara cámara cámara cámara cámara cámara cámara cámara cámara cámara cámara cámara cámara cámara cámara cámara cámara cámara cámara cámara cámara cámara cámara cámara cámara cámara cámara cámara cámara cámara cámara cámara cámara cámara cámara cámara cámara cámara cámara cámara cámara cámara cámara cámara cámara cámara cámara cámara cámara cámara cámara cámara cámara cámara cámara cámara cámara cámara cámara cámara cámara cámara cámara cámara cámara cámara cámara cámara cámara cámara cámara cámara cámara cámara cámara cámara cámara cámara cámara cámara cámara cámara cámara cámara cámara cámara cámara cámara cámara cámara cámara cámara cámara cámara cámara cámara cámara ,#yummy,cocina
2061,Ragequit inminente: han nerfeado a mi main otra vez menuda estafa.,#IndieGames#Twitch#Esports,videojuegos
2062,"Dia de piernas, comiendo arroz y pollo, modo volumen 🥵",#Futbol #Cardio #NoPainNoGain,deporte
2063,"Pelos de punta, en primera fila del concierto, brutal magia pura.",#urbano #musicaenvivo #ritmo #acustico #live,musica
2064,el agua está helada pero me he bañado igual qué paz.,#Vistas #Brisa #Paraiso #Costa #Postu,playa
2065,"En directo desde Zaraaaaagoza: en primera fila del concierto, brutal magia pura.",#bateria #spotify #cantando,musica
2066,en directo desde la rioja: afinando la batería para el bolo 🎸,,musica
2067,"increible lo de hoy en navarra, el arbitro nos ha robado descaradamente 💪",#gimnasio #nopainnogain #padel #fitness,deporte
2068,"Marchando, casi quemo la sarten pero ha quedado rico espectacular.",#recetas #chef #airfryer,cocina
2069,"gente, ese boss tiene una hitbox rotisima 10/10 ign.",,videojuegos
2070,"Increíble, derrape guapo en la última rotonda gasss xd",#Velocidad#CarLife#MotorSport,coches
2071,,#PlayStation #Esports #Gaming #Nintendo #IndieGames,videojuegos
2072,,#Postu,playa
2073,la gasolina a precio de oro pero sigo dándole caña qué locura.,#exhaust #mecanica #motorsport #caballos,coches
2074,experimentando en la cocina: tortilla con cebolla siempre se me hace la boca agua.,#recetadeldia,cocina
2075,"dia de piernas, el gymbro me ha fallado hoy 🥵",#Fuerza #Salud #Crossfit #Motivacion,deporte
2076,"Increíble, la gasolina a precio de oro pero sigo dándole caña 🔥",#V8 #Velocidad #Cars,coches
2077,Literalmente gráficos de locos con el ray tracing 🎮,#Discord #Shooter #Gamer #Nintendo,videojuegos
2078,"Perdidos por Castellón, perdido en el metro de Chile, ayuda no quiero volver.",#Turismo#Cultura,viajes
2079,"mirad esta joya, lavado a mano para que brille la pintura xd xd",#cars #motor #jdm #v8 #supercars,coches
2080,"por fin, jugando a las palas nivel profesional 😎",#Relax #Bikini #Isla #Bronceado #Mojito,playa
2081,"Hoy toca ruta por Lugo, la gasolina a precio de oro pero sigo dándole caña 🔥",#Drifting #Motor #Mecanica,coches
2082,Hoy me he coronado: dejando el guiso al chup-chup horas ñam ñam...,#casero#aove#comidasana#sabor,cocina
2083,wanderlust: mochila a la espalda y a tirar millas qué maravilla.,#viajero #roadtrip #mochileros #viajar,viajes
2084,,#Mar #Snorkel #Olas,playa
2085,,,viajes
2086,"Increíble, farmeando XP como un tryhard para hacer level up menuda estafa lol",#xbox,videojuegos
2087,"Mirad esta joya, pasando la ITV de puro milagro gasss.",#Gas,coches
2088,"Ragequit inminente: bugeado en la pared, genial el parche 10/10 IGN !!!!",#Nintendo,videojuegos
2089,Literalmente tarde perfecta en el chiringuito con un mojito 10/10.,#postu #bronceado,playa
2090,Próxima parada: probando street food de dudosa procedencia qué maravilla...,#roadtrip #jetlag #escapada #explorando,viajes
2091,"Temazo, en primera fila del concierto, brutal 🔥",#concierto #dj #ritmo,musica
2092,literalmente graficos de locos con el ray tracing xd.,#RPG #Xbox,videojuegos
2093,"Temazo, desafinando en el coche a pleno pulmón 🎸",#Urbano #Acustico #Guitarra,musica
2094,"Jet lag activado, probando street food de dudosa procedencia qué maraviiiilla.",#Turismo,viajes
2095,ragequit inminente: han nerfeado a mi main otra vez a llorar a la lloreria.,,videojuegos
2096,d2wNUoFGQszDWY10tLGwryrzzmeouE6WzCsD3eCYhSWfZ3midJ1lj,#pcgaming,videojuegos
2097,Receton en Santa Cruz de Tenerife: emplatando nivel estrella Michelin brutal.,,cocina
2098,hoy me he coronado: un buen chorrito de aove y listo 👨‍🍳,#Tapas,cocina
2099,"Adivinad quien esta en Baleares: modo cangrejo activado, me he quemado entero 10/10.",#Brisa #Vistas #Bronceado #Calor,playa
2100,pasando la itv de puro milagro gasss.,#Motor,coches
2101,"Increible, el motor V8 rugiendo como una bestia 🚗💨",,coches
2102,Ragequit inminente: el lag me ha arruinado la racha de victorias 🎮,#Loot #Esports #PlayStation #RPG,videojuegos
2103,"en directo desde alicante: en primera fila del concierto, brutal 🎵",#vinilo,musica
2104,,#Cardio #BeastMode #Salud,deporte
2105,"uff, el motor v8 rugiendo como una bestia xd !!!!",#cochesclasicos,coches
2106,paella dominguera espectacular espectacular.,#instafood #chef #casero #salado #paella,cocina
2107,"increible, cambiando aceite y llantas, ahora si impone 🚗💨",#V8 #Velocidad #Ruta #Turbo #Gas,coches
2108,modo vacaciones: tarde perfecta en el chiringuito con un mojito 😎,#calor #arena #brisa #paraiso #chiringuito,playa
2109,hoy me he coronado: casi quemo la sarten pero ha quedado rico se me hace la boca agua.,,cocina
2110,vaya tela: el lag me ha arruinado la racha de victorias 10/10 ign.,#Esports,videojuegos
2111,el lag me ha arruinado la racha de victorias 🎮,#lag #progamer #levelup,videojuegos
2112,derrape guapo en la ultima rotonda 🚗💨,#Turbo #Exhaust #CarLife #Tuning #Velocidad,coches
2113,"Vaya tela: bugeado en la pared, genial el parche menuda estafa.",,videojuegos
2114,"por fin, pillando unas olas increíbles y no necesito más.",#Postu#Atardecer#Chiringuito#Playa,playa
2115,"Increíble, el lag me ha arruinado la racha de victorias a llorar a la llorería.",#PCGaming #Xbox,videojuegos
2116,Adivinad quién está en Asturias: pillando unas olas increíbles jaja.,#Desconexion#Playa#Mojito#Snorkel#Mar,playa
2117,en directo desde murcia: afinando la batería para el bolo 🎶 lol,#spotify #pop,musica
2118,"nuevo pr en peso muerto, a tope victoria!",#salud,deporte
2119,"Madre mia, vuelta y vuelta en la tumbona como un filete y no necesito mas !!!!",#Snorkel #Calor #Isla #Playa,playa
2120,"Marchando, casi quemo la sartén pero ha quedado rico brutal.",#gastronomia #airfryer #cocinando #chef #vegano,cocina
2121,"temazo, flow espectacular en el escenario 🔥",#Vinilo #Cantando,musica
2122,"perdido en el metro de Burkina Faso, ayuda ✈️ !!!!",#destino #escapada #ruta,viajes
2123,"jet lag activado, pagando un café a precio de turista 😍",#aventura #roadtrip #pasaporte #destino #jetlag,viajes
2124,"Vaya tela: bugeado en la pared, genial el parche 10/10 IGN.",#PCGaming #Esports,videojuegos
2125,Adivinad quien esta en Toledo: jugando a las palas nivel profesional 10/10.,,playa
2126,"Hoy toca sufrir, corriendo 10km en ayunas, reventado sudando la gota gorda.",,deporte
2127,"GG, abriendo loot boxes y solo sale humo 🎮 !!!!",#streamer #gaming #shooter #discord #loot,videojuegos
2128,"Día de piernas, agujetas nivel Dios después del entreno 💪",,deporte
2129,Modo vacaciones: el agua está helada pero me he bañado igual 10/10.,#mojito #arena #relax #olas,playa
2130,"Madre mia, modo cangrejo activado, me he quemado entero 10/10.",#Playa,playa
2131,,#Vistas #Arena #Brisa #Vacaciones,playa
2132,"turisteando sin parar, me duelen los pies ✈️",#JetLag #Destino #Explorando #Trip #Wanderlust,viajes
2133,"Marchando, paella dominguera espectacular espeeectacular xd",#dulce #foodie #instafood #casero,cocina
2134,el gymbro me ha fallado hoy a tope.,#nopainnogain #padel #gimnasio,deporte
2135,"Mirad que pinta, un buen chorrito de AOVE y listo brutal.",#chef #realfood,cocina
2136,"pelos de punta, desafinando en el coche a pleno pulmón increíble.",,musica
2137,"mirad qué pinta, emplatando nivel estrella michelin a cenar!",#dulce #salado,cocina
2138,,#music #guitarra #bateria,musica
2139,"Por fin, pillando unas olas increibles 😎",,playa
2140,en bucle: desafinando en el coche a pleno pulmón 🎵,#Bateria,musica
2141,"Pelos de punta, descubriendo joyitas indies en Spotify no puedo parar de escucharlo.",#dj #spotify #acustico #ritmo #urbano,musica
2142,,#baloncesto #fuerza #healthy #salud #workout,deporte
2143,"Perdidos por Navarra, turisteando sin parar, me duelen los pies no quiero volver lol",#Turismo #SinFiltros #Ruta #Escapada #Explorando,viajes
2144,Sin excusas: agujetas nivel Dios después del entreno 💪 !!!!,#Workout #Crossfit #Gym,deporte
2145,"Por fin, postureo máximo en la orilla con Soledad y no necesito más.",#calor#atardecer#desconexion#snorkel#mar,playa
2146,hoy me he coronado: estrenando la airfryer con unas patatas espectacular.,#masterchef,cocina
2147,"dia de piernas, marcando un hat-trick para salvar el partido victoria!...",#nopainnogain#padel,deporte
2148,Modo vacaciones: arena entre los dedos y a desconectar de todo jaja.,#Mojito#Chiringuito#Olas#Bikini#Isla,playa
2149,"marchando, paella dominguera espectacular ñam ñam.",#Gourmet #Airfryer #AOVE #ComidaSana,cocina
2150,"Hoy toca ruta por Girona, el motor V8 rugiendo como una bestia xd",#caballos #drive #exhaust,coches
2151,paella dominguera espectacular 🤤,#Sabor#Foodie#Gourmet#AOVE,cocina
2152,receton en cantabria: estrenando la airfryer con unas patatas espectacular.,#ComidaSana #RealFood,cocina
2153,"Brum brum, cambiando aceite y llantas, ahora si impone me encanta.",#cochesclasicos#velocidad#v6#drifting,coches
2154,literalmente tarde perfecta en el chiringuito con un mojito a vivir la vida.,#Bikini #Verano #Relax,playa
2155,Recetón en Zaragoza: estrenando la airfryer con unas patatas espectacular.,,cocina
2156,"marchando, paella dominguera espectacular a cenar! jajaja",#ComidaSana,cocina
2157,"mirad qué pinta, paella dominguera espectacular ñam ñam.",#vegano,cocina
2158,"mirad que pinta, tortilla con cebolla siempre brutal !!!!",,cocina
2159,"Perdidos por Toledo, probando street food de dudosa procedencia ✈️",#Explorando #Viajero #Cultura #Aventura #Trip,viajes
2160,literalmente han nerfeado a mi main otra vez a llorar a la llorería.,#gaming #pcgaming #progamer #nintendo,videojuegos
2161,hoy me he coronado: estrenando la airfryer con unas patatas se me hace la boca agua.,#comidasana #dulce,cocina
2162,,#Exhaust #Gas #JDM #Supercars,coches
2163,"Jet lag activado, mochila a la espalda y a tirar millas 😍",#Naturaleza,viajes
2164,"Mirad que pinta, masa madre fermentando, a ver el pan nam nam.",#paella,cocina
2165,fin fin fin fin fin fin fin fin fin fin fin fin fin fin fin fin fin fin fin fin fin fin fin fin fin fin fin fin fin fin fin fin fin fin fin fin fin fin fin fin fin fin fin fin fin fin fin fin fin fin fin fin fin fin fin fin fin fin fin fin fin fin fin fin fin fin fin fin fin fin fin fin fin fin fin fin fin fin fin fin fin fin fin fin fin fin fin fin fin fin fin fin fin fin fin fin fin fin fin fin fin fin fin fin fin fin fin fin fin fin fin fin fin fin fin fin fin fin fin fin fin fin fin fin fin fin fin fin fin fin fin fin fin fin fin fin fin fin fin fin fin fin fin fin fin fin fin fin fin fin fin fin fin fin fin fin fin fin fin fin fin fin fin fin fin fin fin fin fin fin fin fin fin fin fin fin fin fin fin fin fin fin fin fin fin fin fin fin fin fin fin fin fin fin fin fin fin fin fin fin fin fin fin fin fin fin fin fin fin fin fin fin fin fin fin fin fin fin fin fin fin fin fin fin fin fin fin fin fin fin fin fin fin fin fin fin fin fin fin fin fin fin fin fin fin fin fin fin fin fin fin fin fin fin fin fin fin fin fin fin fin fin fin fin fin fin fin fin fin fin fin fin fin fin fin fin fin fin fin fin fin fin fin fin fin fin fin fin fin fin fin fin fin fin fin fin fin fin fin fin fin fin fin fin fin fin fin fin fin fin fin fin fin fin fin fin fin fin fin fin fin fin fin fin fin fin fin fin fin fin fin fin fin fin fin fin fin fin fin fin fin fin fin fin fin fin fin fin fin fin fin fin fin fin fin fin fin fin fin fin fin fin fin fin fin fin fin fin fin fin fin fin fin fin fin fin fin fin fin fin fin fin fin fin fin fin fin fin fin fin fin fin fin fin fin fin fin fin fin fin fin fin fin fin fin fin fin fin fin fin fin fin fin fin fin fin fin fin fin fin fin fin fin fin fin fin fin fin fin fin fin fin fin fin fin fin fin fin fin fin fin fin fin fin fin fin fin fin fin fin fin fin fin fin fin fin fin fin fin fin fin fin fin fin fin fin fin fin fin fin fin fin fin fin fin fin fin fin fin fin fin fin fin fin fin fin fin fin fin fin fin fin fin fin fin fin fin fin fin fin ,#NoPainNoGain #Crossfit,deporte
2166,ragequit inminente: abriendo loot boxes y solo sale humo 10/10 ign.,#gaming,videojuegos
2167,"Vamos equipo! comiendo arroz y pollo, modo volumeeeeen 💪...",,deporte
2168,"madre mía, jugando a las palas nivel profesional 😎",#Vacaciones #Sol #Atardecer #Paraiso #Playa,playa
2169,Recetón en Melilla: paella dominguera espectacular ñam ñam...,#Postres #Yummy #Airfryer #Recetas #InstaFood,cocina
2170,"nuevo pr en peso muerto, a tope 🥵",#Workout,deporte
2171,"temazo, los graves de este altavoz me hacen vibrar 🎸...",,musica
2172,"mirad qué pinta, estrenando la airfryer con unas patatas a cenar! lol",#Dulce #Gourmet #AOVE #Vegano,cocina
2173,Vamos equipo! marcando un hat-trick para salvar el partido victoria!,#Running,deporte
2174,"increible, graficos de locos con el ray tracing 🎮...",#setup #twitch #tryhard #shooter #playstation,videojuegos
2175,Adivinad quién está en Huesca: tarde perfecta en el chiringuito con un mojito a vivir la vida.,#Chiringuito #Vacaciones #Relax,playa
2176,"por fin, arena entre los dedos y a desconectar de todo y no necesito más.",#Snorkel #Costa #Arena,playa
2177,ese boss tiene una hitbox rotísima 🎮,#Shooter #Nintendo,videojuegos
2178,"Gente, el lag me ha arruinado la racha de victorias a llorar a la llorería.",#indiegames,videojuegos
2179,"escapada express, mochila a la espalda y a tirar millas ✈️ xd",#trip#jetlag#cultura#explorando#roadtrip,viajes
2180,"uff, la gasolina a precio de oro pero sigo dándole caña 🚗💨",#caballos #racing #ruta,coches
2181,Vaya tela: han nerfeado a mi main otra vez 🕹️,#Gamer #Tryhard,videojuegos
2182,desafinando en el coche a pleno pulmón 🎸,#spotify #melodia #vinilo #indie,musica
2183,"Mirad qué pinta, emplatando nivel estrella Michelin ñam ñam.",#sabor #postres #aove #paella,cocina
2184,sin excusas: marcando un hat-trick para salvar el partido 🥵,#running #pr #maraton #workout,deporte
2185,"Increíble, el lag me ha arruinado la racha de victorias menuda estafa.",#Twitch,videojuegos
2186,en directo desde cantabria: descubriendo joyitas indies en spotify 🎸...,,musica
2187,Experimentando en la cocina: estrenando la airfryer con unas patatas 🤤 !!!!,#recetas #tapas #instafood,cocina
2188,sin excusas: agujetas nivel dios después del entreno no pain no gain lol,#healthy,deporte
2189,"Increíble, derrape guapo en la última rotonda 🔥 jajaja",,coches
2190,ragequit inminente: ese boss tiene una hitbox rotísima menuda estafa.,#gamer #indiegames,videojuegos
2191,pasando la ITV de puro milagro qué locura.,,coches
2192,Qué ganas de esto: vuelta y vuelta en la tumbona como un filete 🌊,#atardecer #brisa #playa,playa
2193,partidazo de pádel con nilda a tope.,#healthy,deporte
2194,"corriendo 10km en ayunas, reventado 🥵",#pr#maraton#motivacion,deporte
2195,"jet lag activado, mochila a la espalda y a tirar millas me mudo aquí.",#sinfiltros,viajes
2196,"gg, carrileando a lara toda la partida f en el chat lol",,videojuegos
2197,"mirad que pinta, emplatando nivel estrella michelin espectacular !!!!",#gastronomia #realfood #gourmet #dulce #salado,cocina
2198,,#vacaciones #paraiso #brisa #atardecer #arena,playa
2199,"Temazo, afinando la batería para el bolo 🎸",#guitarra #indie #concierto #music #melodia,musica
2200,"gg, ese boss tiiiiiene una hitbox rotisima 🎮...",,videojuegos
2201,En directo desde Córdoba: descubriendo joyitas indies en Spotify 🎸,#music #live #cantando #rock,musica
2202,Literalmente arena entre los dedos y a desconectar de todo jaja.,,playa
2203,"Madre mía, el agua está helada pero me he bañado igual 10/10 jajaja",#costa #atardecer #postu,playa
2204,"Madre mía, vuelta y vuelta en la tumbona como un filete qué paz.",#olas,playa
2205,Sin excusas: agujetas nivel Dios después del entreno sudando la gota gorda.,#Fitness #Baloncesto,deporte
2206,Hoy me he coronado: tortilla con cebolla siempre se me hace la boca agua.,#RealFood,cocina
2207,vaya tela: abriendo loot boxes y solo sale humo 🎮,,videojuegos
2208,Que ganas de esto: jugando a las palas nivel profesional 🌊 xd,,playa
2209,pasando la ITV de puro milagro me encanta.,#v6 #cochesclasicos #carporn,coches
2210,"increíble lo de hoy en tarragona, el árbitro nos ha robado descaradamente sudando la gota gorda.",#Baloncesto #Futbol #Cardio,deporte
2211,"día de piernas, el árbitro nos ha robado descaradamente victoria!",#cardio #healthy #pr #motivacion #atleta,deporte
2212,"jet lag activado, mochila a la espalda y a tirar millas no quiero volver.",#Trip #Mochileros #Naturaleza,viajes
2213,,#Verano #Vacaciones #Mojito,playa
2214,"gg, han nerfeado a mi main otra vez 🕹️",#levelup #gaming #esports #progamer #tryhard,videojuegos
2215,En directo desde Asturias: flow espectacular en el escenario magia pura.,#Concierto#Acustico,musica
2216,,#Chef#Gastronomia#InstaFood#Paella#Postres,cocina
2217,"Día de piernas, partidazo de pádel con Tatiana a tope.",#baloncesto#salud#pr#gimnasio,deporte
2218,"Día de piernas, el gymbro me ha fallado hoy a tope.",,deporte
2219,"Madre mia, jugando a las palas nivel profesional y no necesito mas xd",#Isla #Snorkel,playa
2220,"jet lag activado, pagando un cafe a precio de turista wanderlust total.",#trip#aventura#jetlag#vuelos#naturaleza,viajes
2221,"jet lag activado, mochila a la espalda y a tirar millas no quiero volver.",#naturaleza #destino #viajar,viajes
2222,en directo desde ourense: descubriendo joyitas indies en spotify 🎵,#Flow #Spotify #Live,musica
2223,"Hoy toca ruta por Zaragoza, pasando la ITV de puro milagro me encanta.",#Exhaust #Mecanica #Tuning #CochesClasicos,coches
2224,"Perdidos por Soria, pagando un cafe a precio de turista 😍",#Escapada#Pasaporte,viajes
2225,Recetón en Huesca: dejando el guiso al chup-chup horas espectacular !!!!,#Casero#Gastronomia#Airfryer,cocina
2226,En bucle: descubriendo joyitas indies en Spotify 🎶...,#pop #canciondeldia #bateria,musica
2227,"Increible, han nerfeado a mi main otra vez 🎮",,videojuegos
2228,,#Fuerza,deporte
2229,en directo desde vizcaya: los graves de este altavoz me hacen vibrar magia pura.,#rock #dj #ritmo #cantando,musica
2230,"Qué ganas de esto: modo cangrejo activado, me he quemado entero jaja.",#Isla #Brisa #Chiringuito #Paraiso #Arena,playa
2231,agujetas nivel dios después del entreno a tope.,#Crossfit #Baloncesto,deporte
2232,"Por fin, pillando unas olas increibles y no necesito mas.",#Relax #Vistas,playa
2233,"mirad qué pinta, casi quemo la sartén pero ha quedado rico espectacular.",#Gourmet#Chef#Casero#AOVE,cocina
2234,"Brum brum, cambiando aceite y llantas, ahora siiiii impone me encanta.",#caballos #cochesclasicos #ruta #motorsport #drive,coches
2235,postureo máximo en la orilla con nazaret 🌊...,#sol #olas,playa
2236,dejando el guiso al chup-chup horas brutal.,,cocina
2237,Enamorado de este bicho: el motor V8 rugiendo como una bestia 🚗💨 !!!!,#v8#carlife#cars#supercars#llantas,coches
2238,Adivinad quien esta en Teruel: vuelta y vuelta en la tumbona como un filete a vivir la vida.,#calor,playa
2239,,#Ruta #JDM,coches
2240,haciendo el check-in con Olga 🌍 lol,#Destino #Naturaleza #Viajero #Mochileros #Paisaje,viajes
2241,"temazo, sacando unos acordes con la acustica nueva 🎶",#spotify,musica
2242,"por fin, arena entre los dedos y a desconectar de todo que paz.",#arena #mar #costa,playa
2243,adivinad quién está en pontevedra: tarde perfecta en el chiringuito con un mojito jaja.,#Mojito #Bikini,playa
2244,"dia de piernas, agujetas nivel dios despues del entreno no pain no gain.",,deporte
2245,"uff, la gasolina a precio de oro pero sigo dándole caña me encanta.",#mecanica,coches
2246,"Sin excusas: nuevo PR en peso muerto, a tope a tope...",#PR #Fitness #Fuerza #Maraton,deporte
2247,En directo desde Ávila: flow espectacular en el escenario 🔥,#Pop,musica
2248,dejando el guiso al chup-chup horas a cenar!,,cocina
2249,estrenando la airfryer con unas patatas espectacular.,#realfood,cocina
2250,"Brum brum, el motor V8 rugiendo como una bestia xd",#V8,coches
2251,Enamorado de este bicho: la gasolina a precio de oro pero sigo dándole caña puro vicio...,,coches
2252,"bugeado en la pared, genial el parche F en el chat.",#indiegames #loot #levelup #progamer,videojuegos
2253,g1mm5AwddpSwRlKQcdAUsDFNYdZhpWjcrlP6wt9ZL8kJXz5xkcil4z0f2zZttb9MtKH0s0X7FKXqaqF,#SinFiltros #JetLag #Paisaje #Cultura #Turismo,viajes
2254,Experimentando en la cocina: un buen chorrito de AOVE y listo a cenar!,#RecetaDelDia #InstaFood #Vegano #Cocinando #Dulce,cocina
2255,modo vacaciones: arena entre los dedos y a desconectar de todo 😎,#paraiso #olas #calor #vacaciones,playa
2256,"Wanderlust: perdido en el metro de Tonga, ayuda me mudo aquí.",#Viajar #Pasaporte #Viajero #JetLag #Escapada,viajes
2257,Proxima parada: probando street food de dudosa procedencia me mudo aqui...,#wanderlust,viajes
2258,modo vacaciones: tarde perfecta en el chiringuito con un mojito 😎,#brisa #isla,playa
2259,"Madre mía el nuevo disco, sacando unos acordes coooon la acústica nueva 🎸",#Urbano #Ritmo #Bateria #Vibras #Melodia,musica
2260,"marchando, masa madre fermentando, a ver el pan se me hace la boca agua.",#realfood,cocina
2261,"Jet lag activado, turisteando sin parar, me duelen los pies wanderlust total.",#explorando #destino #ruta #naturaleza #pasaporte,viajes
2262,"Por fin, el agua esta helada pero me he banado igual jaja.",,playa
2263,un buen chorrito de aove y listo 👨‍🍳,#casero #masterchef #comidasana #recetas,cocina
2264,,#salud#padel#baloncesto#futbol#motivacion,deporte
2265,"sin excusas: nuevo pr en peso muerto, a tope no pain no gaiiiiin...",#Atleta #VidaSana #Workout,deporte
2266,En directo desde Guadalajara: sacando unos acordes con la acústica nueva 🎵,#festival#bateria,musica
2267,pasando la itv de puro milagro xd,,coches
2268,"Jet lag activado, pagando un cafe a precio de turista ✈️...",#viajero #sinfiltros,viajes
2269,"Dia de piernas, el gymbro me ha fallado hoy no pain no gain.",,deporte
2270,"pelos de punta, desafinando en el coche a pleno pulmon 🎶 jajaja",#urbano #live #canciondeldia #festival,musica
2271,"Increible, abriendo loot boxes y solo sale humo F en el chat.",#Setup #Gamer #Loot #IndieGames #Discord,videojuegos
2272,literalmente carrileando a esmeralda toda la partida a llorar a la lloreria.,#Noob,videojuegos
2273,haciendo el check-in con olivia me mudo aquí.,,viajes
2274,emplatando nivel estrella Michelin 🤤,#chef #salado #sabor #realfood,cocina
2275,"Perdidos por La Coruña, mochila a la espalda y a tirar millas 😍",#trip,viajes
2276,"Marchando, emplatando nivel estrella Michelin espectacular jajaja",#dulce #foodie #comidasana,cocina
2277,el motor V8 rugiendo como una bestia xd,#tuning #drive #gas,coches
2278,,#CancionDelDia #Bateria #Cantando,musica
2279,,#Mecanica #CochesClasicos #Tuning,coches
2280,"escapada express, turisteando sin parar, me duelen los pies 🌍",#Aventura #Vuelos,viajes
2281,Adivinad quien esta en Teruel: jugando a las palas nivel profesional que paz.,#Snorkel #Vacaciones #Playa,playa
2282,"Adivinad quien esta en Pontevedra: modo cangrejo activado, me he quemado entero jaja.",#Bikini #Relax #Mojito #Calor,playa
2283,un buen chorrito de AOVE y listo ñam ñam jajaja,#recetadeldia #postres,cocina
2284,"gente, han nerfeado a mi main otra vez xd.",#streamer #pcgaming #loot,videojuegos
2285,"Increible, lavado a mano para que brille la pintura xd",#motorsport #carporn #tuning #caballos,coches
2286,"GG, carrileando a Mohamed toda la partida F en el chat.",,videojuegos
2287,"Mirad esta joya, cambiando aceite y llantas, ahora sí impone gasss...",#cochesclasicos #mecanica #v6 #tuning,coches
2288,Sin excusas: el arbitro nos ha robado descaradamente victoria!,#Entreno #PR,deporte
2289,,#Setup #Noob #Gamer #IndieGames #Streamer,videojuegos
2290,"En bucle: en primera fila del concierto, brutal magia pura jajaja",#Pop #Temazo #Acustico #Vibras #Music,musica
2291,qué ganas de esto: el agua está helada pero me he bañado igual 10/10.,#isla #arena #playa #sol,playa
2292,literalmente han nerfeado a mi main otra vez xd.,#Streamer #RPG #Loot,videojuegos
2293,"gente, ese boss tiene una hitbox rotísima menuda estafa.",,videojuegos
2294,"Pelos de punta, flow espectacular en el escenario 🎵",#Flow,musica
2295,"GG, han nerfeado a mi main otra vez F en el chat.",#tryhard #pcgaming #progamer #twitch,videojuegos
2296,"Qué ganas de esto: modo cangrejo activado, me he quemado entero a vivir la vida !!!!",#mar #postu,playa
2297,"Brum brum, cambiando aceite y llantas, ahora sí impone 🔥",#JDM #Velocidad,coches
2298,han nerfeado a mi main otra vez menuda estafa.,,videojuegos
2299,"Brum brum, interior de cuero espectacular 🔥",#carlife,coches
2300,Literalmente abriendo loot boxes y solo sale humo xd.,#gamer #playstation,videojuegos
2301,"increible, stage 2 instalada y esto vuela gasss.",#cars #velocidad #jdm #caballos #gas,coches
2302,"Próxima parada: perdido en el metro de Chipre, ayuda 🌍",#Explorando #SinFiltros #Vuelos #Turismo #Trip,viajes
2303,han nerfeado a mi main otra vez xd.,#loot #discord #ggwp,videojuegos
2304,"masa madre fermentando, a ver el pan se me hace la boca agua.",#yummy #chef #paella #sabor,cocina
2305,"día de piernas, agujetas nivel dios después del entreno 🥵",#fuerza #vidasana #padel #fitness #cardio,deporte
2306,"Increíble lo de hoy en Salamanca, el gymbro me ha fallado hoy a tope.",#vidasana #gym,deporte
2307,,,coches
2308,,#sabor #yummy,cocina
2309,Vaya tela: carrileando a Melchor toda la partida 🎮 lol,#discord #playstation,videojuegos
2310,"Brum brum, cambiando aceite y llantas, ahora sí impone gasss lol",#Gas #MotorSport #CarLife #Exhaust,coches
2311,,#IndieGames #Nintendo,videojuegos
2312,Wanderlust: hotelazo con unas vistas que flipas qué maravilla.,#paisaje#roadtrip#ruta,viajes
2313,"Hoy toca sufrir, corriendo 10km en ayunas, reventado victoria! lol",#fuerza #workout #gimnasio #futbol,deporte
2314,stage 2 instalada y esto vuela 🚗💨,#cars#gas,coches
2315,"pelos de punta, los graves de este altavoz me hacen vibrar 🎶",,musica
2316,"Madre mía el nuevo disco, flow espectacular en el escenario 🎶",,musica
2317,"Mirad qué pinta, masa madre fermentando, a ver el pan 🤤",#yummy #salado #instafood,cocina
2318,"increíble, gráficos de locos con el ray tracing 🎮 lol",,videojuegos
2319,"mirad qué pinta, tortilla con cebolla siempre 👨‍🍳 lol",#masterchef #airfryer #postres #sabor #cocinando,cocina
2320,literalmente gráficos de locos con el ray tracing f en el chat.,#ggwp #levelup,videojuegos
2321,"vaya tela: bugeado en la pared, genial el parche f en el chat.",#LevelUp #Shooter #Loot #PlayStation,videojuegos
2322,"Temazo, flow espectacular en el escenario magia pura.",#vibras#pop#musicaenvivo,musica
2323,"gente, abriendo loot boxes y solo sale humo a llorar a la llorería.",#tryhard #streamer #gamer #progamer,videojuegos
2324,"perdidos por leon, probando street food de dudosa procedencia 😍 lol",#SinFiltros #Pasaporte #Viajar #Naturaleza #Trip,viajes
2325,Hoy me he coronado: tortilla con cebolla siempre espectacular.,,cocina
2326,,#aventura #jetlag #mochileros #naturaleza,viajes
2327,"perdido en el metro de Egipto, ayuda 🌍 lol",#vuelos #trip,viajes
2328,en directo desde sevilla: flow espectacular en el escenario magia pura.,,musica
2329,"Dia de piernas, nuevo PR en peso muerto, a tope a tope lol",#fuerza #gym #futbol #workout,deporte
2330,"bugeado en la pared, genial el parche xd.",#gaming #setup #pcgaming #rpg,videojuegos
2331,postureo máximo en la orilla con maría dolores 🌊,#Arena #Vistas #Mojito #Sol #Atardecer,playa
2332,Vamos equipo! partidazo de pádel con Claudio y mañana más.,#Gym,deporte
2333,"Por fin, tarde perfecta en el chiringuito con un mojito 10/10.",#mar #relax,playa
2334,"wanderlust: perdido en el metro de albania, ayuda no quiero volver.",#wanderlust #turismo #escapada,viajes
2335,enamorado de este bicho: lavado a mano para que brille la pintura 🔥,#Llantas,coches
2336,"Mirad que pinta, masa madre fermentando, a ver el pan 🤤",#tapas #gastronomia #sabor #instafood,cocina
2337,"Hoy toca ruta por Sevilla, lavado a mano para que brille la pintura 🔥 lol",#cochesclasicos #exhaust #drifting #llantas #v6,coches
2338,En bucle: afinando la batería para el bolo 🎸,#pop,musica
2339,"Madre mía, vuelta y vuelta en la tumbona como un filete 10/10 xd",#bronceado #postu #verano #atardecer,playa
2340,"Brum brum, interior de cuero espectacular gasss.",#V8 #Racing #MotorSport #Motor #Supercars,coches
2341,"Mirad esta joya, interior de cuero espectacular xd",#Velocidad #MotorSport,coches
2342,carrileando a Tamara toda la partida 🕹️,#shooter#loot#rpg#tryhard,videojuegos
2343,"en primera fila del concierto, brutal 🔥",#urbano,musica
2344,"Mirad qué pinta, masa madre fermentando, a ver el pan espectacular...",#Yummy #RealFood #Gourmet #Gastronomia,cocina
2345,,#Festival#Urbano,musica
2346,,,videojuegos
2347,"dia de piernas, el gymbro me ha fallado hoy 🥵",#gym #entreno #beastmode,deporte
2348,,#mochileros,viajes
2349,,#Urbano #Spotify,musica
2350,Wanderlust: haciendo el check-in con Hortensia no quiero volver.,#viajero #sinfiltros #wanderlust #destino #travel,viajes
2351,"Marchando, un buen chorrito de AOVE y listo ñam ñam.",#Postres #RealFood #Casero,cocina
2352,"Increible lo de hoy en Castellon, corriendo 10km en ayunas, reventado sudando la gota gorda.",#Futbol#Cardio,deporte
2353,"Marchando, paella dominguera espectacular 🤤",#postres #masterchef #comidasana #realfood #dulce,cocina
2354,enamorado de este bicho: lavado a mano para que brille la pintura puro vicio.,#Caballos #Racing,coches
2355,"increíble, derrape guapo en la última rotonda gasss.",,coches
2356,"GG, carrileando a Azeneth toda la partida xd...",#Gamer#Streamer#Noob#RPG#PCGaming,videojuegos
2357,humanos humanos humanos humanos humanos humanos humanos humanos humanos humanos humanos humanos humanos humanos humanos humanos humanos humanos humanos humanos humanos humanos humanos humanos humanos humanos humanos humanos humanos humanos humanos humanos humanos humanos humanos humanos humanos humanos humanos humanos humanos humanos humanos humanos humanos humanos humanos humanos humanos humanos humanos humanos humanos humanos humanos humanos humanos humanos humanos humanos humanos humanos humanos humanos humanos humanos humanos humanos humanos humanos humanos humanos humanos humanos humanos humanos humanos humanos humanos humanos humanos humanos humanos humanos humanos humanos humanos humanos humanos humanos humanos humanos humanos humanos humanos humanos humanos humanos humanos humanos humanos humanos humanos humanos humanos humanos humanos humanos humanos humanos humanos humanos humanos humanos humanos humanos humanos humanos humanos humanos humanos humanos humanos humanos humanos humanos humanos humanos humanos humanos humanos humanos humanos humanos humanos humanos humanos humanos humanos humanos humanos humanos humanos humanos humanos humanos humanos humanos humanos humanos humanos humanos humanos humanos humanos humanos humanos humanos humanos humanos humanos humanos humanos humanos humanos humanos humanos humanos humanos humanos humanos humanos humanos humanos humanos humanos humanos humanos humanos humanos humanos humanos humanos humanos humanos humanos humanos humanos humanos humanos humanos humanos humanos humanos humanos humanos humanos humanos humanos humanos humanos humanos humanos humanos humanos humanos humanos humanos humanos humanos humanos humanos humanos humanos humanos humanos humanos humanos humanos humanos humanos humanos humanos humanos humanos humanos humanos humanos humanos humanos humanos humanos humanos humanos humanos humanos humanos humanos humanos humanos humanos humanos humanos humanos humanos humanos humanos humanos humanos humanos humanos humanos humanos humanos humanos humanos humanos humanos humanos humanos humanos humanos humanos humanos humanos humanos humanos humanos humanos humanos humanos humanos humanos humanos humanos humanos humanos humanos humanos humanos humanos humanos humanos humanos humanos humanos humanos humanos humanos humanos humanos humanos humanos humanos humanos humanos humanos humanos humanos humanos humanos humanos humanos humanos humanos humanos humanos humanos humanos humanos humanos humanos humanos humanos humanos humanos humanos humanos humanos humanos humanos humanos humanos humanos humanos humanos humanos humanos humanos humanos humanos humanos humanos humanos humanos humanos humanos humanos humanos humanos humanos humanos humanos humanos humanos humanos humanos humanos humanos humanos humanos humanos humanos humanos humanos humanos humanos humanos humanos humanos humanos humanos humanos humanos humanos humanos humanos humanos humanos humanos humanos humanos humanos humanos humanos humanos humanos humanos humanos humanos humanos humanos humanos humanos humanos humanos humanos humanos humanos humanos humanos humanos humanos humanos humanos humanos humanos humanos humanos humanos humanos humanos humanos humanos humanos humanos humanos humanos humanos humanos humanos humanos humanos humanos humanos humanos humanos humanos humanos humanos humanos humanos humanos humanos humanos humanos humanos humanos humanos humanos humanos humanos humanos humanos humanos humanos humanos humanos humanos humanos humanos humanos humanos humanos humanos humanos humanos humanos humanos humanos humanos humanos humanos humanos humanos humanos humanos humanos humanos humanos humanos humanos humanos humanos humanos humanos humanos humanos humanos humanos humanos humanos humanos humanos humanos humanos humanos humanos humanos humanos humanos humanos humanos humanos humanos humanos humanos humanos humanos humanos humanos humanos humanos humanos humanos humanos humanos humanos humanos humanos ,#indie #music #canciondeldia #festival #concierto,musica
2358,Vaya tela: farmeando XP como un tryhard para hacer level up a llorar a la lloreria.,,videojuegos
2359,vamos equipo! marcando un hat-trick para salvar el partido 🥵,#atleta #workout #salud,deporte
2360,Adivinad quién está en Asturias: jugando a las palas nivel profesional jaja...,#costa,playa
2361,"en primera fila del concierto, brutal 🎶 !!!!",#Vinilo #Guitarra #Ritmo,musica
2362,"día de piernas, marcando un hat-trick para salvar el partido y mañana más.",#baloncesto #motivacion #gym,deporte
2363,"marchando, masa madre fermentando, a ver el pan brutal.",,cocina
2364,"Mirad esta joya, interior de cuero espectacular gasss.",,coches
2365,Modo vacaciones: vuelta y vuelta en la tumbona como un filete 10/10.,,playa
2366,"Uff, cambiando aceite y llantas, ahora sí impone puro vicio...",#CarPorn #Mecanica,coches
2367,han nerfeado a mi main otra vez menuda estafa.,#gaming,videojuegos
2368,Experimentando en la cocina: emplatando nivel estrella Michelin 🤤,#salado,cocina
2369,En directo desde Segovia: descubriendo joyitas indies en Spotify 🎸,#Vinilo #Spotify #Cantando #Guitarra,musica
2370,descubriendo joyitas indies en spotify increíble.,#Vinilo #Pop #Music,musica
2371,partidazo de pádel con marco a tope.,#gimnasio #futbol #baloncesto #pr,deporte
2372,ragequit inminente: han nerfeado a mi main otra vez 10/10 ign.,#LevelUp#Discord,videojuegos
2373,Próxima parada: pagando un café a precio de turista 😍 lol,#Trip #Pasaporte #Destino #Naturaleza #Viajero,viajes
2374,"gente, carrileando a luis miguel toda la partida f en el chat lol",#esports #playstation #retrogaming #rpg #gaming,videojuegos
2375,"Increíble, farmeando XP como un tryhard para hacer level uuup 10/10 IGN.",#lag #ggwp #nintendo #tryhard,videojuegos
2376,"gg, han nerfeado a mi main otra vez 🎮",#GGWP #Gaming #Setup #ProGamer,videojuegos
2377,lavado a mano para que brille la pintura gasss.,#CochesClasicos#Cars#Motor#Caballos,coches
2378,literalmente pillando unas olas increibles a vivir la vida jajaja,#vacaciones,playa
2379,"Mirad qué pinta, masa madre fermentando, a ver el pan se me hace la boca agua...",#realfood,cocina
2380,"Uff, cambiando aceite y llantas, ahora si impone me encanta.",,coches
2381,"Gente, ese boss tiene una hitbox rotisima 10/10 IGN.",#Nintendo #Loot #Esports #GGWP #Gamer,videojuegos
2382,,#masterchef #dulce,cocina
2383,"Pelos de punta, en primera fila del concierto, brutal 🎸",#rock#cantando#vinilo,musica
2384,"mirad esta joya, stage 2 instalada y esto vuela xd",#Supercars #MotorSport #Mecanica #Motor,coches
2385,el agua esta helada pero me he banado igual jaja.,,playa
2386,ragequit inminente: gráficos de locos con el ray tracing f en el chat.,#PlayStation#Esports#Nintendo#ProGamer#IndieGames,videojuegos
2387,Modo vacaciones: tarde perfecta en el chiringuito con un mojito a vivir la vida...,,playa
2388,"Por fin, tarde perfecta en el chiringuito con un mojito jaja.",#Relax #Bikini #Bronceado #Chiringuito,playa
2389,"gente, el lag me ha arruinado la racha de victorias menuda estafa.",#Tryhard #PlayStation,videojuegos
2390,stage 2 instalada y esto vuela gasss !!!!,#racing #cochesclasicos #velocidad,coches
2391,Vaya tela: carrileando a Piedad toda la partida xd.,,videojuegos
2392,"Perdidos por Barcelona, hotelazo con unas vistas que flipas wanderlust total...",,viajes
2393,"Por fin, postureo maximo en la orilla con Ariel jaja.",,playa
2394,"Perdidos por Madrid, pagando un café a precio de turista qué maravilla.",,viajes
2395,sin excusas: el gymbro me ha fallado hoy 💪...,#maraton#futbol,deporte
2396,"Hoy toca ruta por Barcelona, derrape guapo en la ultima rotonda puro vicio.",#supercars #carporn #gas,coches
2397,"Increible, cambiando aceite y llantas, ahora si impoooone que locura.",#tuning,coches
2398,"brum brum, lavado a mano para que brille la pintura gasss.",#Motor#JDM#Drifting#Racing,coches
2399,"Increíble, derrape guapo en la última rotonda 🔥",,coches
2400,"jet lag activado, probando street food de dudooosa procedencia 😍 !!!!",#escapada,viajes
2401,"GG, ese boss tiene una hitbox rotísima 10/10 IGN lol",#streamer#rpg#playstation#retrogaming,videojuegos
2402,"Mirad esta joya, lavado a mano para que brille la pintura qué locura.",#Mecanica#Velocidad#Cars,coches
2403,"wanderlust: perdido en el metro de myanmar, ayuda ✈️",#naturaleza #travel #vuelos #paisaje #mochileros,viajes
2404,,#chiringuito#sol#mojito#paraiso,playa
2405,7BruWoSHzP4AnGj62ddbH,#indie,musica
2406,"pelos de punta, los graves de este altavoz me hacen vibrar 🔥",#temazo #music #guitarra #vibras #vinilo,musica
2407,modo vacaciones: postureo maximo en la orilla con feliciana que paz.,#verano #olas #vacaciones,playa
2408,"Wanderlust: turisteando sin parar, me duelen los pies que maravilla.",,viajes
2409,"Perdidos por Pontevedra, pagando un café a precio de turista no quiero volver.",#naturaleza #pasaporte #explorando #escapada,viajes
2410,Hoy me he coronado: paella dominguera espectacular ñam ñam.,#Gastronomia #Sabor #Vegano #Gourmet,cocina
2411,"Escapada express, perdido en el metro de Chile, ayuda me mudo aquí.",#wanderlust #viajar #mochileros #paisaje,viajes
2412,"GG, bugeado en la pared, genial el parche 10/10 IGN !!!!",#rpg #indiegames #twitch #loot,videojuegos
2413,"Marchando, casi quemo la sartén pero ha quedado rico 🤤",,cocina
2414,"perdidos por zamora, haciendo el check-in con armando me mudo aqui.",#Mochileros #Vuelos #Escapada #Viajar,viajes
2415,"día de piernas, el árbitro nos ha robado descaradamente sudando la gota gorda.",,deporte
2416,enamorado de este bicho: interior de cuero espectacular qué locura.,#V6,coches
2417,,#explorando #naturaleza #escapada #aventura,viajes
2418,"Gente, bugeado en la pared, genial el parche 🎮",#indiegames #lag #progamer #nintendo,videojuegos
2419,"hoy toca ruta por soria, la gasolina a precio de oro pero sigo dándole caña qué locura.",#v6#motor#cochesclasicos#gas,coches
2420,"Increible, han nerfeado a mi main otra vez 🎮",#gamer #noob #loot #streamer,videojuegos
2421,"Mirad qué pinta, emplatando nivel estrella Michelin ñam ñam jajaja",#airfryer #comidasana,cocina
2422,farmeando xp como un tryhard para hacer level up menuda estafa.,#Streamer#LevelUp#Gaming,videojuegos
2423,pagando un café a precio de turista me mudo aquí.,#Escapada #Naturaleza,viajes
2424,Recetón en Jaén: casi quemo la sartén pero ha quedado rico 🤤,#Masterchef #RecetaDelDia #Cocinando,cocina
2425,proxima parada: haciendo el check-in con sandalio 🌍,#paisaje #destino #escapada #viajar,viajes
2426,"Madre mía, arena entre los dedos y a desconectar de todo 🌊",#Isla #Atardecer #Sol,playa
2427,"madre mía el nuevo disco, desafinando en el coche a pleno pulmón 🔥",#festival #vinilo,musica
2428,"madre mía el nuevo disco, sacando unos acordes con la acústica nueva 🔥",#Music #Temazo #Festival #MusicaEnVivo #CancionDelDia,musica
2429,"Brum brum, pasando la ITV de puro milagro 🚗💨",#cars #velocidad #jdm #gas #tuning,coches
2430,,#V8 #Cars,coches
2431,Próxima parada: mochila a la espalda y a tirar millas ✈️,#roadtrip #pasaporte,viajes
2432,"comiendo arroz y pollo, modo volumen y mañana más.",#nopainnogain #gym #healthy,deporte
2433,"día de piernas, corriendo 10km en ayunas, reventado sudando la gota gorda.",#Fitness,deporte
2434,Próxima parada: pagando un café a precio de turista no quiero volver !!!!,#Turismo #Pasaporte #Ruta #Viajar #Trip,viajes
2435,"jet lag activado, perdido en el metro de antigua y barbuda, ayuda wanderlust total !!!!",#viajero #pasaporte #escapada #naturaleza,viajes
2436,han nerfeado a mi main otra vez a llorar a la lloreria...,#gaming #discord #twitch,videojuegos
2437,"Hoy toca ruta por Santa Cruz de Tenerife, pasando la ITV de puro milagro puro vicio.",#Motor #Mecanica,coches
2438,Enamorado de este bicho: stage 2 instalada y esto vuela que locura.,,coches
2439,"vamos equipo! corriendo 10km en ayunas, reventado sudando la gota gorda.",#salud #cardio,deporte
2440,han nerfeado a mi main otra vez a llorar a la llorería...,#progamer#xbox#pcgaming#noob#indiegames,videojuegos
2441,,#Escapada #Explorando,viajes
2442,"Increible, el motor V8 rugiendo como una bestia gasss.",#Drive #Turbo #Supercars,coches
2443,en bucle: sacando unos acordes con la acústica nueva 🔥,#pop #urbano #cantando #musicaenvivo #ritmo,musica
2444,"por fin, vuelta y vuelta en la tumbona como un filete 10/10 !!!!",,playa
2445,el gymbro me ha fallado hoy no pain no gain.,#running #salud #fitness #gimnasio #workout,deporte
2446,En bucle: descubriendo joyitas indies en Spotify no puedo parar de escucharlo.,#spotify,musica
2447,"Perdidos por La Rioja, mochila a la espalda y a tirar millas ✈️",#Cultura #RoadTrip #SinFiltros,viajes
2448,Literalmente vuelta y vuelta en la tumbona como un filete 😎,,playa
2449,Wanderlust: haciendo el check-in con Virgilio qué maravilla.,,viajes
2450,"Uff, stage 2 instalada y esto vuela gasss.",#mecanica #jdm #gas,coches
2451,Enamorado de este bicho: la gasolina a precio de oro pero sigo dándole caña qué locura lol,#motor #motorsport #caballos #cochesclasicos #supercars,coches
2452,"madre mia el nuevo disco, descubriendo joyitas indies en spotify magia pura.",#vinilo,musica
2453,en bucle: afinando la bateria para el bolo increible.,#urbano #festival #indie #canciondeldia,musica
2454,ragequit inminente: el lag me ha arruinado la racha de victorias a llorar a la llorería.,,videojuegos
2455,qué ganas de esto: postureo máximo en la orilla con jose ramón 🌊,,playa
2456,"increíble, abriendo loot boxes y solo sale humo xd xd",#nintendo,videojuegos
2457,"gente, han nerfeado a mi main otra vez menuda estafa jajaja",,videojuegos
2458,"increíble, gráficos de locos con el ray tracing 🕹️",#GGWP,videojuegos
2459,"Mirad que pinta, dejando el guiso al chup-chup horas se me hace la boca agua.",#realfood #yummy #instafood #postres #airfryer,cocina
2460,Sin excusas: agujetas nivel Dios después del entreno a tope.,#fitness,deporte
2461,Adivinad quién está en Castellón: el agua está helada pero me he bañado igual 😎,,playa
2462,,#sol #paraiso #mar #postu #mojito,playa
2463,"Jet lag activado, hotelazo con unas vistas que flipas ✈️",#naturaleza #turismo #cultura,viajes
2464,hotelazo con unas vistas que flipas 🌍,#Turismo,viajes
2465,modo vacaciones: postureo máximo en la orilla con sonia qué paz.,#brisa,playa
2466,,#acustico #dj,musica
2467,jugando a las palas nivel profesional qué paz.,#brisa,playa
2468,ragequit inminente: gráficos de locos con el ray tracing 🎮 jajaja,#Shooter #Tryhard #PCGaming,videojuegos
2469,"cambiando aceite y llantas, ahora si impone que locura lol",#cochesclasicos #cars #drive,coches
2470,9VhNRfuEYlnZjYhLVkVWL5IFDQK4XNHCDiIS4S0OIBBOFQwAmAhGnZx9tgpKfTy,,musica
2471,"Brum brum, derrapeeeee guapo en la última rotonda me encanta.",#drifting #racing #cars,coches
2472,"wanderlust: perdido en el metro de santo tomé y príncipe, ayuda qué maravilla.",#paisaje #roadtrip #travel,viajes
2473,vamos equipo! marcando un hat-trick para salvar el partido a tope.,#Entreno #Futbol #Atleta,deporte
2474,pagando un café a precio de turista 😍 !!!!,#naturaleza #ruta,viajes
2475,"mirad qué pinta, estrenando la airfryer con unas patatas 👨‍🍳",#Masterchef #Dulce #Gastronomia #Cocinando,cocina
2476,postureo máximo en la orilla con joel qué paz.,#paraiso #chiringuito #vacaciones #mar,playa
2477,un buen chorrito de aove y listo 👨‍🍳 !!!!,#Cocinando#Foodie#InstaFood#Dulce#AOVE,cocina
2478,"Pelos de punta, los graves de este altavoz me haaaaacen vibrar increible.",#musicaenvivo #vibras #spotify #guitarra #festival,musica
2479,"Jet lag activado, probando street food de dudosa procedencia wanderlust total.",#mochileros #cultura #viajero,viajes
2480,vaya tela: abriendo loot boxes y solo sale humo xd.,#nintendo #noob,videojuegos
2481,Hoy me he coronado: tortilla con cebolla siempre brutal !!!!,#chef #casero #recetas #foodie #sabor,cocina
2482,enamorado de este bicho: lavado a mano para que brille la pintura 🔥 xd,#V8 #CochesClasicos #Tuning #MotorSport #Gas,coches
2483,"Sin excusas: corriendo 10km en ayunas, reventado no pain no gain.",#entreno #running #pr,deporte
2484,"Hoy toca ruta por Vizcaya, pasando la ITV de puro milagro qué locura.",#drive #llantas #racing #drifting,coches
2485,"Increíble, lavado a mano para que brille la pintura qué locura lol",#llantas,coches
2486,"brum brum, stage 2 instalada y esto vuela me encanta.",#mecanica#caballos#v8,coches
2487,"Madre mia, arena entre los dedos y a desconectar de todo a vivir la vida.",,playa
2488,vaya tela: abriendo loot boxes y solo sale humo 🕹️,,videojuegos
2489,"increíble lo de hoy en baleares, corriendo 10km en ayunas, reventado victoria!",#Fuerza #Gym #Atleta,deporte
2490,Vaya tela: han nerfeado aaa mi main otra vez menuda estafa.,#GGWP #Loot #ProGamer #Xbox #Setup,videojuegos
2491,derrape guapo en la última rotonda me encanta.,#Gas #Mecanica,coches
2492,Vamos equipo! el árbitro nos ha robado descaradamente a tope xd,#Entreno #Running #Futbol #Salud,deporte
2493,,#workout,deporte
2494,paella dominguera espectacular a cenar!,#InstaFood #Chef #RealFood #Yummy,cocina
2495,haciendo el check-in con Lope 😍,#RoadTrip #SinFiltros #Paisaje,viajes
2496,Adivinad quién está en Huesca: postureo máximo en la orilla con Adelardo 😎,#Arena #Vistas #Chiringuito,playa
2497,,#RecetaDelDia#Chef,cocina
2498,"gente, abriendo loot boxes y solo sale humo a llorar a la llorería.",#lag#rpg#indiegames#setup#pcgaming,videojuegos
2499,literalmente abriendo loot boxes y solo sale humo 🕹️,#ProGamer,videojuegos
2500,entonces entonces entonces entonces entonces entonces entonces entonces entonces entonces entonces entonces entonces entonces entonces entonces entonces entonces entonces entonces entonces entonces entonces entonces entonces entonces entonces entonces entonces entonces entonces entonces entonces entonces entonces entonces entonces entonces entonces entonces entonces entonces entonces entonces entonces entonces entonces entonces entonces entonces entonces entonces entonces entonces entonces entonces entonces entonces entonces entonces entonces entonces entonces entonces entonces entonces entonces entonces entonces entonces entonces entonces entonces entonces entonces entonces entonces entonces entonces entonces entonces entonces entonces entonces entonces entonces entonces entonces entonces entonces entonces entonces entonces entonces entonces entonces entonces entonces entonces entonces entonces entonces entonces entonces entonces entonces entonces entonces entonces entonces entonces entonces entonces entonces entonces entonces entonces entonces entonces entonces entonces entonces entonces entonces entonces entonces entonces entonces entonces entonces entonces entonces entonces entonces entonces entonces entonces entonces entonces entonces entonces entonces entonces entonces entonces entonces entonces entonces entonces entonces entonces entonces entonces entonces entonces entonces entonces entonces entonces entonces entonces entonces entonces entonces entonces entonces entonces entonces entonces entonces entonces entonces entonces entonces entonces entonces entonces entonces entonces entonces entonces entonces entonces entonces entonces entonces entonces entonces entonces entonces entonces entonces entonces entonces entonces entonces entonces entonces entonces entonces entonces entonces entonces entonces entonces entonces entonces entonces entonces entonces entonces entonces entonces entonces entonces entonces entonces entonces entonces entonces entonces entonces entonces entonces entonces entonces entonces entonces entonces entonces entonces entonces entonces entonces entonces entonces entonces entonces entonces entonces entonces entonces entonces entonces entonces entonces entonces entonces entonces entonces entonces entonces entonces entonces entonces entonces entonces entonces entonces entonces entonces entonces entonces entonces entonces entonces entonces entonces entonces entonces entonces entonces entonces entonces entonces entonces entonces entonces entonces entonces entonces entonces entonces entonces entonces entonces entonces entonces entonces entonces entonces entonces entonces entonces entonces entonces entonces entonces entonces entonces entonces entonces entonces entonces entonces entonces entonces entonces entonces entonces entonces entonces entonces entonces entonces entonces entonces entonces entonces entonces entonces entonces entonces entonces entonces entonces entonces entonces entonces entonces entonces entonces entonces entonces entonces entonces entonces entonces entonces entonces entonces entonces entonces entonces entonces entonces entonces entonces entonces entonces entonces entonces entonces entonces entonces entonces entonces entonces entonces entonces entonces entonces entonces entonces entonces entonces entonces entonces entonces entonces entonces entonces entonces entonces entonces entonces entonces entonces entonces entonces entonces entonces entonces entonces entonces entonces entonces entonces entonces entonces entonces entonces entonces entonces entonces entonces entonces entonces entonces entonces entonces entonces entonces entonces entonces entonces entonces entonces entonces entonces entonces entonces entonces entonces entonces entonces entonces entonces entonces entonces entonces entonces entonces entonces entonces entonces entonces entonces entonces entonces entonces entonces entonces entonces entonces entonces entonces entonces entonces entonces entonces entonces entonces entonces entonces entonces entonces entonces entonces entonces entonces entonces entonces entonces entonces entonces entonces entonces entonces entonces entonces entonces entonces entonces entonces entonces entonces entonces entonces entonces entonces entonces entonces entonces entonces entonces entonces entonces entonces entonces entonces entonces entonces entonces entonces entonces entonces entonces entonces entonces entonces entonces entonces entonces entonces entonces entonces entonces entonces entonces ,#Destino#Pasaporte#SinFiltros#Turismo,viajes
2501,Literalmente gráficos de locos con el ray tracing menuda estafa lol,#Shooter #RetroGaming #Gamer,videojuegos
2502,"Hoy toca sufrir, el árbitro nos ha robado descaradamente victoria!",#futbol #nopainnogain #crossfit #baloncesto #salud,deporte
2503,Vamos equipo! marcando un hat-trick para salvar el partido victoria!,#Salud #Padel #Healthy,deporte
2504,,#viajar #turismo #roadtrip #trip #escapada,viajes
2505,"mirad que pinta, paella dominguera espectacular se me hace la boca agua.",#RealFood #Sabor #Casero #Vegano #Airfryer,cocina
2506,Literalmente han nerfeado a mi main otra vez xd !!!!,,videojuegos
2507,"Gente, carrileando a Ceferino toda la partida a llorar a la llorería.",#progamer #gaming #levelup #tryhard #setup,videojuegos
2508,Vamos equipo! el árbitro nos ha robado descaradamente y mañana más jajaja,#BeastMode,deporte
2509,,#nintendo #shooter #esports #tryhard #twitch,videojuegos
2510,"GG, han nerfeado a mi main otra vez 10/10 IGN.",#nintendo #indiegames,videojuegos
2511,proxima parada: haciendo el check-in con severo que maravilla.,#cultura#trip,viajes
2512,Experimentando en la cocina: paella dominguera espectacular nam nam.,#recetadeldia #gourmet #realfood,cocina
2513,"gg, han nerfeado a mi main otra vez a llorar a la llorería.",#Xbox #ProGamer #RetroGaming #Shooter #Streamer,videojuegos
2514,"escapada express, turisteando sin parar, me duelen los pies no quiero volver.",,viajes
2515,En directo desde Navarra: flow espectacular en el escenario magia pura.,#Urbano#Ritmo#DJ#Guitarra,musica
2516,"cambiando aceite y llantas, ahora sí impone 🔥",#gas #tuning #ruta #cochesclasicos #motor,coches
2517,"hoy toca sufrir, partidazo de pádel con clotilde y mañana más.",#PR #Maraton #BeastMode,deporte
2518,"gg, farmeando xp como un tryhard para hacer level up 🎮 !!!!",#IndieGames #Noob,videojuegos
2519,haciendo el check-in con Isabela qué maravilla lol,,viajes
2520,vaya tela: abriendo loot boxes y solo sale humo 10/10 ign jajaja,#Gaming,videojuegos
2521,"hoy toca ruta por huelva, stage 2 instalada y esto vuela qué locura.",#cars,coches
2522,paella dominguera espectacular 🤤...,#Paella#Masterchef#Vegano#Dulce#Airfryer,cocina
2523,"Increíble, la gasolina a precio de oro pero sigo dándole caña me encanta.",#supercars #drifting,coches
2524,"increíble, interior de cuero eeeespectacular qué locura.",#Caballos #Turbo,coches
2525,modo vacaciones: vuelta y vuelta en la tumbona como un filete 🌊,#desconexion #vistas #sol,playa
2526,34SUMUjuFcrZmwOKm6JUqk3YFYBaGzt8h,#Gaming #Noob #Discord #Nintendo,videojuegos
2527,"Temazo, los graves de este altavoz me hacen vibrar 🔥",,musica
2528,"Día de piernas, comiendo arroz y pollo, modo volumen a tope.",#Healthy #Cardio #Maraton,deporte
2529,Experimentando en la cocina: paella dominguera espectacular a cenar!,#chef #masterchef #cocinando,cocina
2530,"uff, el motor v8 rugiendo como una bestia 🚗💨",#CochesClasicos#Racing#CarPorn#JDM,coches
2531,partidazo de pádel con Odalys a tope.,,deporte
2532,en bucle: desafinando en el coche a pleno pulmón 🔥,#vinilo,musica
2533,,,coches
2534,"Madre mía el nuevo disco, descubriendo joyitas indies en Spotify increíble.",#spotify #acustico,musica
2535,Modo vacaciones: arena entre los dedos y a desconectar de todo a vivir la vida.,#Desconexion #Calor #Mar,playa
2536,Experimentando en la cocina: casi quemo la sartén pero ha quedado rico ñam ñam.,#yummy,cocina
2537,"madre mía, el agua está helada pero me he bañado igual 10/10.",#Costa #Vacaciones #Isla #Playa #Paraiso,playa
2538,,#Escapada#Viajar,viajes
2539,,#SinFiltros,viajes
2540,vamos equipo! el gymbro me ha fallado hoy sudando la gota gorda.,#entreno #fuerza #maraton #baloncesto,deporte
2541,,#Exhaust #Velocidad,coches
2542,"Wanderlust: turisteando sin parar, me duelen los pies 🌍",#Cultura #Trip #SinFiltros,viajes
2543,Wanderlust: hotelazo con unas vistas que flipas no quiero volver.,,viajes
2544,farmeando xp como un tryhard para hacer level up menuda estafa.,#noob #gamer #setup #progamer,videojuegos
2545,"Perdidos por Cantabria, hotelazo con unas vistas que flipas 😍 lol",#SinFiltros,viajes
2546,Enamorado de este bicho: el motor V8 rugiendo como una bestia xd,#JDM #CarPorn #Supercars #CochesClasicos #CarLife,coches
2547,vamos equipo! marcando un hat-trick para salvar el partido sudando la gota gorda.,#workout,deporte
2548,"mirad esta joya, derrape guapo en la última rotonda qué locura jajaja",#V8 #Ruta #Exhaust,coches
2549,,#arena,playa
2550,"escapada express, haciendo el check-in con ruth que maravilla.",,viajes
2551,Recetón en Tarragona: estrenando la airfryer con unas patatas 👨‍🍳,#Sabor #Postres #Yummy,cocina
2552,"madre mía el nuevo disco, en primera fila del concierto, brutal 🎶...",#Flow #Live #Temazo #Concierto #Urbano,musica
2553,el árbitro nos ha robado descaradamente victoria!,#Workout,cocina
2554,literalmente vuelta y vuelta en la tumbona como un filete 🌊,#Snorkel#Mojito,playa
2555,"Perdidos por Navarra, haciendo el check-in con Horacio 🌍",#Viajero#Escapada,viajes
2556,partidazo de padel con Regulo 💪,#Cardio #PR #Atleta,deporte
2557,"GG, ese boss tiene una hitbox rotisima 🕹️",#Esports #Tryhard,videojuegos
2558,"Temazo, afinando la bateria para el bolo increible.",#Indie #Vinilo #DJ #Flow,musica
2559,"Increíble, el motor V8 rugiendo como una bestia 🔥",#Ruta #Exhaust,coches
2560,literalmente arena entre los dedos y a desconectar de todo 😎,#Chiringuito #Costa #Desconexion #Verano,playa
2561,"Temazo, sacando unos acordes con la acustica nueva 🎶",,musica
2562,"Increíble, bugeado en la pared, genial el parche menuda estafa.",#Lag,videojuegos
2563,haciendo el check-in con Marisa 🌍,#Escapada#Viajero#SinFiltros,viajes
2564,"Mirad esta joya, el motor V8 rugiendo como una bestia qué locura.",#velocidad #drifting #gas #carlife #v8,coches
2565,,#Explorando #RoadTrip #Aventura #Pasaporte #Turismo,viajes
2566,en bucle: afinando la batería para el bolo no puedo parar de escucharlo.,#Acustico #Music #Guitarra,musica
2567,,#Verano #Relax,playa
2568,"marchando, un buen chorrito de aove y listo a cenar!...",#Gastronomia #Recetas #Dulce #ComidaSana,cocina
2569,"Madre mía, modo cangrejo activado, me he quemado entero 😎 xd",#mojito #calor #verano,playa
2570,"Increíble lo de hoy en Huesca, marcando un hat-trick para salvar el partido 🥵 lol",#gym,deporte
2571,desafinando en el coche a pleno pulmon increible.,#music,musica
2572,el árbitro nos ha robado descaradamente 💪,#Motivacion,deporte
2573,"perdidos por la rioja, turisteando sin parar, me duelen los pies 🌍",,viajes
2574,"mirad esta joya, deeeeerrape guapo en la última rotonda 🔥",#drive #v6,coches
2575,"masa madre fermentando, a ver el pan nam nam.",#Recetas,cocina
2576,"brum brum, interior de cuero espectacular puro vicio lol",#ruta #supercars #v6 #caballos #carporn,coches
2577,"por fin, arena entre los dedos y a desconectar de todo jaja.",#playa #mojito #atardecer,playa
2578,"Hoy toca ruta por Sevilla, stage 2 instalada y esto vuela xd lol",,coches
2579,,,viajes
2580,"pelos de punta, afinando la bateria para el bolo increible.",#Bateria,musica
2581,"Gente, ese boss tiene una hitbox rotísima 🎮",#esports,videojuegos
2582,flow espectacular en el escenario magia pura.,#Pop #Flow #MusicaEnVivo #DJ #Temazo,musica
2583,"jet lag activado, perdido en el metro de comoras, ayuda 😍",#pasaporte #wanderlust #cultura #trip #jetlag,viajes
2584,hoy me he coronado: dejando el guiso al chup-chup horas a cenar!,#yummy #salado #instafood #postres,cocina
2585,Literalmente abriendo loot boxes y solo sale humo xd.,#LevelUp #PCGaming #Gaming #Lag,videojuegos
2586,Literalmente han nerfeado a mi main otra vez a llorar a la lloreria.,,videojuegos
2587,lgu14Pfaiu89CslDV3puVG7dNPj4CChvCF3wLUd5vT8uEhHS7iNMMj5WSNAdj5,#Music#CancionDelDia#Bateria#Indie,musica
2588,partidazo de pádel con mar y mañana más.,#PR #Padel #Crossfit,deporte
2589,Wanderlust: mochila a la espalda y a tirar millas 😍,#Paisaje,viajes
2590,"Temazo, en primera fila del concierto, brutal no puedo parar de escucharlo.",#concierto #melodia #dj #ritmo #rock,musica
2591,vaya tela: gráficos de locos con el ray tracing 🎮,#ProGamer#PlayStation,videojuegos
2592,"Escapada express, turisteando sin parar, me duelen los pies 😍 !!!!",#viajero,viajes
2593,"Gente, graficos de locos con el ray tracing menuda estafa.",#streamer#retrogaming#gaming,videojuegos
2594,"escapada express, turisteando sin parar, me duelen los pies 😍",#JetLag #Aventura #Naturaleza,viajes
2595,"gg, graficos de locos con el ray tracing xd.",#streamer,videojuegos
2596,"turisteando sin parar, me duelen los pies 🌍",#wanderlust #trip,viajes
2597,"día de piernas, el árbiiitro nos ha robado descaradamente 💪",#BeastMode #Atleta #Healthy,deporte
2598,hoy me he coronado: estrenando la airfryer con unas patatas se me hace la boca agua.,#Salado#ComidaSana#AOVE#Cocinando#Gourmet,cocina
2599,"Perdidos por Guadalajara, hotelazo con unaaas vistas que flipas wanderlust total !!!!",#explorando #turismo #viajar #ruta #viajero,viajes
2600,"Madre mía el nuevo disco, desafinando en el coche a pleno pulmón magia pura.",#musicaenvivo #flow #concierto #festival,musica
2601,"increíble, el lag me ha arruinado la racha de victorias 🎮 xd",#RPG #IndieGames #PlayStation #Lag,videojuegos
2602,,#Dulce,cocina
2603,"Increible, lavado a mano para que brille la pintura puro vicio.",#racing #v6 #carporn #drive,coches
2604,"Mirad esta joya, interior de cuero espectacular xd",#v6 #supercars #carlife #velocidad,coches
2605,"Increíble lo de hoy en Lugo, partidazo de pádel con Ruth no pain no gain.",#vidasana #entreno,deporte
2606,Literalmente pillando unas olas increíbles y no necesito más.,#snorkel #calor,playa
2607,Literalmente jugando a las palas nivel profesional y no necesito más.,#Arena #Vistas #Relax #Paraiso,playa
2608,En bucle: flow espectacular en el escenario 🎸,#Vinilo #Rock #Concierto #Melodia,musica
2609,Enamorado de este bicho: la gasolina a precio de oro pero sigo dándole caña me encanta !!!!,,coches
2610,"Literalmente bugeado en la pared, genial el parche xd.",#Streamer #PlayStation #LevelUp,videojuegos
2611,"perdidos por lleida, turisteando sin parar, me duelen los pies qué maravilla.",,viajes
2612,,#musicaenvivo #temazo #live #rock #canciondeldia,musica
2613,"Mirad esta joya, stage 2 instalada y esto vuela que locura jajaja",#v8 #v6 #drive,coches
2614,"gente, carrileando a marisela toda la partida xd.",,videojuegos
2615,"Por fin, modo cangrejo activado, me he quemado entero que paz.",#Chiringuito #Brisa #Postu #Bronceado #Snorkel,playa
2616,,#fitness #crossfit,deporte
2617,"madre mía, pillando unas olas increíbles 10/10.",#Relax #Olas,playa
2618,"Mirad qué pinta, emplatando nivel estrella Michelin 👨‍🍳",#Foodie #Vegano #RealFood #Postres #Dulce,cocina
2619,"Increible, lavado a mano para que brille la pintura gasss.",#gas #llantas #tuning,coches
2620,Ragequit inminente: el lag me ha arruinado la racha de victorias menuda estafa.,#Twitch #RetroGaming,videojuegos
2621,"mirad qué pinta, masa madre fermentando, a ver el pan 🤤",#Postres #Paella #Casero #ComidaSana,cocina
2622,"increible lo de hoy en ourense, el gymbro me ha fallado hoy 💪",#Crossfit #Futbol #Padel #VidaSana,deporte
2623,"Brum brum, la gasolina a precio de oro pero sigo dandole cana gasss.",#ruta,coches
2624,"Jet lag activado, turisteando sin parar, me duelen los pies wanderlust total.",#SinFiltros #Ruta #JetLag #Travel #Paisaje,viajes
2625,sacando unos acordes con la acústica nueva no puedo parar de escuchaaaarlo.,#concierto,musica
2626,Literalmente abriendo loot boxes y solo sale humo F en el chat !!!!,#Noob #GGWP #Nintendo #Streamer #IndieGames,videojuegos
2627,En directo desde Santa Cruz de Tenerife: flow espectacular en el escenario increible.,,musica
2628,"día de piernas, partidazo de pádel con águeda victoria! jajaja",#Running,deporte
2629,"Uff, stage 2 instalada y esto vuela 🔥",#v8,coches
2630,"pelos de punta, sacando unos acordes con la acústica nueva 🎵 lol",#acustico #guitarra #festival,musica
2631,"escapada express, probando street food de dudosa procedencia 🌍",#viajero #sinfiltros #aventura #wanderlust #ruta,viajes
2632,,#xbox#indiegames#nintendo#esports#pcgaming,videojuegos
2633,"GG, ese boss tiene una hitbox rotísima F en el chat.",#PlayStation #GGWP #Tryhard #Nintendo #Streamer,videojuegos
2634,"mirad qué pinta, casi quemo la sartén pero ha quedado rico espectacular.",,cocina
2635,"Mirad qué pinta, emplatando nivel estrella Michelin brutal.",#Gourmet#Tapas#RealFood#Chef#ComidaSana,cocina
2636,paella dominguera espectacular brutal.,,cocina
2637,mochila a la espalda y a tirar millas me mudo aquí.,#Ruta #Wanderlust #Viajero,viajes
2638,"Mirad qué pinta, tortilla con cebolla siempre brutal.",#Masterchef #Foodie #Dulce #Postres #InstaFood,cocina
2639,"Wanderlust: turisteando sin parar, me duelen los pies ✈️",#naturaleza #sinfiltros #aventura #wanderlust #ruta,viajes
2640,Enamorado de este bicho: el motor V8 rugiendo como una bestia xd,#Caballos #Cars #Llantas #V8 #Velocidad,coches
2641,"Hoy toca ruta por Segovia, pasando la ITV de puro milagro me encanta.",#mecanica #racing #motor #carlife,coches
2642,stage 2 instalada y estooo vuela 🔥 xd,#jdm #exhaust #supercars,coches
2643,"Recetón en Ávila: masa madre fermentando, a ver el pan brutal !!!!",#postres #casero #chef #sabor,cocina
2644,,,videojuegos
2645,"gente, han nerfeado a mi main otra vez 🎮",#LevelUp,videojuegos
2646,wanderlust: probando street food deee dudosa procedencia que maravilla.,,viajes
2647,"ragequit inminente: bugeado en la pared, genial el parche xd.",#IndieGames #Esports,videojuegos
2648,"Día de piernas, el gymbro me ha fallado hoy y mañana más lol",#Crossfit #Maraton #Workout #PR #Atleta,deporte
2649,literalmente vuelta y vuelta en la tumbona como un filete y no necesito mas.,#costa,playa
2650,"GG, gráficos de locos con el ray tracing 🕹️",#Xbox#ProGamer,videojuegos
2651,,#instafood #vegano #dulce #paella,cocina
2652,"madre mía el nuevo disco, desafinando en el coche a pleno pulmón no puedo parar de escucharlo.",#spotify #dj,musica
2653,,#Running #Fuerza,deporte
2654,Sin excusas: el gymbro me ha fallado hoy 💪,#BeastMode #Crossfit #Fitness #Gimnasio,deporte
2655,Proxima parada: mochila a la espalda y a tirar millas no quiero volver.,#Vuelos #Aventura #Destino #Viajar #RoadTrip,viajes
2656,"hoy toca sufrir, el arbitro nos ha robado descaradamente a tope.",#fuerza #beastmode #gimnasio #maraton #running,deporte
2657,,#Motor #V6,coches
2658,Que ganas de esto: pillando unas olas increibles 10/10 xd,,playa
2659,Experimentando en la cocina: dejando el guiso al chup-chup horas 🤤,#dulce #airfryer #casero #gastronomia,cocina
2660,el gymbro me ha fallado hoy y mananaaa mas.,#Gimnasio #Salud,deporte
2661,"día de piernas, el árbitro nos ha robado descaradamente no pain no gain lol",#Gym #Maraton,deporte
2662,Experimentando en la cocina: tortilla con cebolla siempre a cenar!,#recetadeldia,cocina
2663,Recetón en Valladolid: dejando el guiso al chup-chup horas se me hace la boca agua.,#Casero,cocina
2664,Enamorado de este bicho: lavado a mano para que brille la pintura 🚗💨,#Llantas #V6 #JDM #Exhaust,coches
2665,probando street food de dudosa procedencia wanderlust total.,#roadtrip #aventura #jetlag #viajar #trip,viajes
2666,en bucle: desafinando en el coche a pleno pulmon no puedo parar de escucharlo.,#Guitarra#Concierto,musica
2667,wanderlust: probando street food de dudosa procedencia wanderlust total.,#Ruta#Aventura,viajes
2668,literalmente pillando unas olas increíbles 🌊,#Chiringuito #Arena #Atardecer #Snorkel,playa
2669,"increíble, la gasolina a precio de oro pero sigo dándole caña me encanta.",#v8 #carlife #v6 #racing #velocidad,coches
2670,"Hoy toca ruta por Lleida, la gasolina a precio de oro pero sigo dándole caña 🚗💨",#CarLife #Drive #Tuning,coches
2671,Enamorado de este bicho: la gasolina a precio de oro pero sigo dándole caña 🔥,,coches
2672,"Hoy toca ruta por Asturias, pasando la ITV de puro milagro 🚗💨",#jdm #cars,coches
2673,En directo desde Lleida: sacando unos acordes con la aaaaacústica nueva 🎵 !!!!,#Concierto #Pop,musica
2674,"Pelos de punta, flow espectacular en el escenario magia pura.",#Urbano #Live #Guitarra #Flow,musica
2675,"hoy toca ruta por huesca, cambiando aceite y llantas, ahora sí impone gasss xd",#gas #cars #caballos #v8,coches
2676,Enamorado de este bicho: derrape guapo en la ultima rotonda gasss.,#supercars,coches
2677,"Increible lo de hoy en Leon, partidazo de padel con Elisa no pain no gain lol",#Gym,deporte
2678,Sin excusas: el arbitro nos ha robado descaradamente sudando la gota gorda.,#Cardio,deporte
2679,haciendo el check-in con visitacion 😍 xd,#Turismo #Destino #Naturaleza #Cultura,viajes
2680,,#Isla #Paraiso #Postu,playa
2681,sin excusas: agujetas nivel dios después del entreno 💪,#vidasana #running,deporte
2682,"enamorado de este bicho: cambiando aceite y llantas, ahora si impone me encanta.",#JDM #Turbo #Cars #Exhaust,coches
2683,"Wanderlust: perdido en el metro de Marruecos, ayuda 😍",#escapada #aventura #jetlag #cultura #explorando,viajes
2684,Receton en Guadalajara: un buen chorrito de AOVE y listo nam nam.,#Casero #Tapas #Salado #InstaFood,cocina
2685,Literalmente ese boss tiene una hitbox rotísima 10/10 IGN.,#ggwp,videojuegos
2686,"por fin, arena entre los dedos y a desconectar de todo qué paz jajaja",#Vistas #Calor #Sol #Postu #Chiringuito,playa
2687,Sin excusas: partidazo de pádel con Leoncio y mañana más.,#Gym,deporte
2688,,#fitness #padel #nopainnogain,deporte
2689,"Perdidos por Zaragoza, pagando un cafe a precio de turista ✈️ lol",#Destino #JetLag,viajes
2690,"GG, han nerfeado a mi main otra vez F en el chat.",#Nintendo,videojuegos
2691,,#Live #DJ #Music #Cantando #Temazo,musica
2692,En directo desde Jaén: flow espectacular en el escenario 🎶,#concierto #music #indie #acustico,musica
2693,"Literalmente modo cangrejo activado, me he quemado entero qué paz.",,playa
2694,"madre mía, arena entre los dedos y a desconectar de todo y no necesito más.",#Sol #Relax #Playa,playa
2695,han nerfeado a mi main otra vez a llorar a la lloreria.,#loot #esports #pcgaming #indiegames #lag,videojuegos
2696,vuelta y vuelta en la tumbona como un filete jaja xd,#vistas#olas#sol,playa
2697,,#Travel #Pasaporte #Escapada #Trip,viajes
2698,"Increíble, el lag me ha arruinado la racha de victorias F en el chat.",#pcgaming #lag,videojuegos
2699,Hoy me he coronado: estrenando la airfryer con unas patatas se me hace la boca agua.,#comidasana #masterchef #recetadeldia,cocina
2700,"Increíble, lavado a mano para que brille la pinturaaa me encanta.",#Exhaust #Ruta #V6,coches
2701,,,deporte
2702,"dia de piernas, nuevo pr en peso muerto, a tope victoria!",#fuerza #nopainnogain,deporte
2703,"Brum brum, el motor V8 rugiendo como una bestia xd",#Cars #CochesClasicos #Ruta #Drifting,coches
2704,"Increíble lo de hoy en Melilla, nuevo PR en peso muerto, a tope no pain no gain...",#BeastMode,deporte
2705,,#padel #atleta #gym #running,deporte
2706,"Vamos equipo! corriendo 10km en ayunas, reventado 🥵",#Maraton #Crossfit #NoPainNoGain #Healthy #Baloncesto,deporte
2707,"Gente, ese boss tiene una hitbox rotísima F en el chat.",#Xbox #Esports,videojuegos
2708,casi quemo la sartén pero ha quedado rico brutal.,#Cocinando #RealFood #Chef #ComidaSana,cocina
2709,En directo desde Guipuzcoa: afinando la bateria para el bolo no puedo parar de escucharlo.,#canciondeldia #urbano #indie #guitarra,musica
2710,En bucle: desafinando en el coche a pleno pulmon 🎸,#ritmo#bateria#melodia,musica
2711,"Temazo, afinando la bateria para el bolo 🎵",#vinilo #ritmo #festival #concierto #melodia,musica
2712,"en bucle: en primera fila del concierto, brutal 🎵",#urbano#music#festival#rock,musica
2713,"hoy toca ruta por badajoz, cambiando aceite y llantas, ahora sí impone qué locura.",#Llantas #Tuning #Motor #JDM,coches
2714,,#fuerza #cardio #pr #crossfit,deporte
2715,Enamorado de este bicho: lavado a mano para que brille la pintura 🚗💨,#cochesclasicos #mecanica #velocidad,coches
2716,,#salud #maraton #baloncesto #crossfit #fuerza,deporte
2717,,#Indie,musica
2718,,#Fitness,deporte
2719,"Increíble, lavado a mano para que brille la pintura puro vicio.",#V8 #Supercars #Mecanica,coches
2720,"próxima parada: perdido en eeel metro de uzbekistán, ayuda wanderlust total.",#escapada#ruta,viajes
2721,"comiendo arroz y pollo, modo volumen victoria! !!!!",#futbol#maraton#motivacion#nopainnogain,deporte
2722,"Modo vacaciones: modo cangrejo activado, me he quemado entero jaja.",#isla#postu#arena#bikini,playa
2723,el agua está helada pero me he bañado igual a vivir la vida lol,#Costa #Vistas #Desconexion #Mojito,playa
2724,"gg, el lag me ha arruinado la racha de victorias f en el chat xd",#Tryhard #Nintendo,videojuegos
2725,5pdV2LUxy70IcVjgldxdxYQ8aDHOOGnQuGH1URElHBoxxyNTz73NZYSKTWIyk09Rpusn7AAoqoNXh4Ox,#CochesClasicos #Turbo #Llantas #Mecanica,coches
2726,Modo vacaciones: postureo maximo en la orilla con Fortunata 🌊,#Playa,playa
2727,"brum brum, la gasolina a precio de oro pero sigo dándole caña me encanta.",#CarPorn #V8 #Gas #Caballos #Mecanica,coches
2728,en bucle: sacando unos acordes con la acustica nueva 🔥,#Spotify #Cantando #Melodia #Concierto #Guitarra,musica
2729,Literalmente el agua está helada pero me he bañado igual y no necesito más.,#mojito#playa#vacaciones,playa
2730,,#vinilo,musica
2731,,#Maraton #Healthy,deporte
2732,Hoy me he coronado: emplatando nivel estrella Michelin 👨‍🍳 xd,#Paella,cocina
2733,"Escapada express, hotelazo con unas vistas que flipas no quiero volver.",#RoadTrip#Aventura#Viajero#Paisaje#Cultura,viajes
2734,"cambiando aceite y llantas, ahora si impone 🔥",#v6 #mecanica,coches
2735,"madre mía el nuevo disco, flow espectacular en el escenario 🎶",#Concierto,musica
2736,"GG, gráficos de locos con el ray tracing F en el chat.",#PlayStation #Tryhard #Loot #Lag #Gamer,videojuegos
2737,afinando la bateria para el bolo iiiincreible.,#Flow #Vinilo #Guitarra #Vibras #Spotify,musica
2738,"Día de piernas, marcando un hat-trick para salvar el partido 💪",#VidaSana #Padel #PR #NoPainNoGain #Fitness,deporte
2739,dejando el guiso al chup-chup horas a cenar!,,cocina
2740,"Hoy toca sufrir, corriendo 10km en ayunas, reventado no pain no gain.",#Gym #Gimnasio #Running #Fuerza #Healthy,deporte
2741,"Hoy toca sufrir, corriendo 10km en ayunas, reventado sudando la gota gorda.",#Crossfit #Maraton #Running #Padel,deporte
2742,,#nopainnogain #beastmode #pr,cocina
2743,desafinando en el coche a pleeeeno pulmón increíble.,#Festival,musica
2744,"cambiando aceite y llantas, ahora si impone gasss.",#V6 #Drifting #Gas #Drive #Racing,coches
2745,"Marchando, un buen chorrito de AOVE y listo 🤤 lol",#Salado,cocina
2746,"Jet lag activado, hotelazo con unas vistas que flipas ✈️",#wanderlust,viajes
2747,en bucle: desafinando en el coche a pleno pulmon 🎸,#Spotify #Temazo,musica
2748,"Increible, el lag me ha arruinado la racha de victorias menuda estafa jajaja",,videojuegos
2749,Que ganas de esto: pillando unas olas increibles jaja.,#paraiso,playa
2750,"mirad esta jooooya, pasando la itv de puro milagro que locura.",#tuning #supercars #carporn #ruta #exhaust,coches
2751,"Madre mía el nuevo disco, flow espectacular en el escenario no puedo parar de escucharlo.",#dj #vinilo #festival #indie,musica
2752,"madre mía, tarde perfecta en el chiringuito con un mojito y no necesito más.",,playa
2753,En directo desde Salamanca: los graves de este altavoz me hacen vibrar magia pura.,#CancionDelDia #Urbano #Guitarra #Ritmo #Flow,musica
2754,"uff, lavado a mano para que brille la pintura xd",#llantas #jdm #carporn #drifting,coches
2755,Literalmente han nerfeado a mi main otra vez menuda estafa...,#levelup #discord #esports,videojuegos
2756,"Madre mía, pillando unas olas increíbles 10/10.",#vacaciones,playa
2757,"turisteando sin parar, me duelen los pies me mudo aquí.",#Turismo,viajes
2758,Literalmente pillando unas olas increíbles 😎,#mar #brisa #calor #olas #bronceado,playa
2759,pagando un café a precio de turista 🌍,#Escapada #Paisaje #Cultura,viajes
2760,vuelta y vuelta en la tumbona como un filete 🌊,#postu #arena #vacaciones #mar #sol,playa
2761,vaya tela: gráficos de locos con el ray tracing 🎮,,videojuegos
2762,,#Healthy#Padel#Cardio#Gimnasio,deporte
2763,"increíble lo de hoy en lleida, nuevo pr en peso muerto, a tope a topeeee.",#pr #maraton,deporte
2764,"Gente, ese boss tiene una hitbox rotisima a llorar a la lloreria.",#retrogaming #loot #gaming #setup,videojuegos
2765,enamorado de este bicho: interior de cuero espectacular xd lol,#Gas #Ruta,coches
2766,Proxima parada: hotelazo con unas vistas que flipas me mudo aqui.,,viajes
2767,"pelos de punta, los graves de este altavoz me hacen vibrar 🔥",#Flow #Ritmo #Indie,musica
2768,"nuevo pr en peso muerto, a tope 🥵 xd",#VidaSana,deporte
2769,haciendo el check-in con Belen wanderlust total.,,viajes
2770,Experimentando en la cocina: emplatando nivel estrella Michelin 👨‍🍳,,cocina
2771,"Increíble lo de hoy en Pontevedra, el árbitro nos ha robado descaradamente 💪",#fitness #padel,deporte
2772,"Temazo, descubriendo joyitas indies en Spotify 🎶",#urbano #vinilo #ritmo,musica
2773,"mirad qué pinta, emplatando nivel estrella michelin a cenar!",#Cocinando #Dulce #AOVE,cocina
2774,"escapada express, probando street food de dudosa procedencia 😍",#Turismo #Escapada #Viajar #Destino #Explorando,viajes
2775,"Escapada express, mochila a la espalda y a tirar millas 🌍",,viajes
2776,En directo desde Cordoba: los graves de este altavoz me hacen vibrar 🔥,#Melodia #Festival #Acustico,musica
2777,"Increible lo de hoy en Malaga, comiendo arroz y pollo, modo volumen y manana mas.",#maraton #baloncesto #crossfit #healthy #gym,deporte
2778,Receton en Cantabria: emplatando nivel estrella Michelin brutal.,,cocina
2779,"cambiando aceite y llantas, ahora sí impone me encanta.",#motor #velocidad #exhaust #turbo #llantas,coches
2780,"increíble, derrape guapo en la última rotonda gasss.",#Supercars,coches
2781,"Gente, bugeado en la pared, genial el parche 10/10 IGN lol",,videojuegos
2782,,#futbol #crossfit,deporte
2783,Ragequit inminente: carrileando a Eva toda la partida 10/10 IGN.,#Streamer #Setup #IndieGames #Xbox #Noob,videojuegos
2784,recetón en lugo: estrenando la airfryer con unas patatas se me hace la boca agua.,,cocina
2785,"Hoy toca sufrir, marcando un hat-trick para salvar el partido sudando la gota gorda.",#entreno #fuerza #baloncesto #cardio #workout,deporte
2786,Sin excusas: marcando un hat-trick para salvar el partido sudando la gota gorda.,#atleta #crossfit #pr #motivacion #fitness,deporte
2787,"mirad esta joya, derrape guapo en la última rotonda me eeeeencanta xd",#cochesclasicos#llantas#jdm#exhaust,coches
2788,Enamorado de este bicho: stage 2 instalada y esto vuela gasss.,#Supercars #Racing #Turbo #Velocidad #CarLife,coches
2789,afinando la bateria para el bolo 🎵,#Festival #Cantando #Bateria #MusicaEnVivo #CancionDelDia,musica
2790,abriendo loot boxes y solo sale humo 10/10 ign.,#Gamer,videojuegos
2791,"Próxima parada: perdido en el metro de Gabón, ayuda 🌍",#Viajero #Cultura #Vuelos,viajes
2792,hoy me he coronado: paella dominguera espectacular se me hace la boca agua.,#Gastronomia #Sabor #Chef #Gourmet #RecetaDelDia,cocina
2793,probando street food de dudosa procedencia 😍 xd,#SinFiltros #Destino #Escapada,viajes
2794,,#MotorSport #Drive #Llantas #Mecanica #Gas,coches
2795,"Día de piernas, nuevo PR en peso muerto, a tope sudando la gota gorda.",#beastmode#fuerza#nopainnogain#gimnasio#atleta,deporte
2796,,#retrogaming #nintendo,videojuegos
2797,"Dia de piernas, el arbitro nos ha robado descaradamente sudando la gota gorda !!!!",#pr #gym #cardio #futbol,deporte
2798,"Wanderlust: perdido en el metro de Bhután, ayuda wanderlust total.",#Viajero #RoadTrip #Paisaje #SinFiltros,viajes
2799,,#Bronceado #Atardecer #Bikini,playa
2800,Ragequit inminente: ese boss tiene una hitbox rotísima 10/10 IGN.,#gaming#shooter#twitch#pcgaming#playstation,videojuegos
2801,Literalmente el lag me ha arruinado la racha de victorias xd.,#LevelUp#Loot#RPG#Twitch#Lag,videojuegos
2802,"marchando, estrenando la airfryer con unas patatas espectacular.",#Masterchef#Vegano#Paella,cocina
2803,"Por fin, tarde perfecta en el chiringuito con un mojito que paz.",#Bronceado #Postu #Relax #Desconexion,playa
2804,Enamorado de este bicho: interior de cuero espectacular qué locura.,#Tuning #Caballos #Gas #Turbo #V6,coches
2805,"mirad qué pinta, un buen chorrito de aove y listo se me hace la boca agua lol",#Foodie #Gastronomia,cocina
2806,"Marchando, dejando el guiso al chup-chup horas brutaaaal.",#Foodie#Postres#ComidaSana,cocina
2807,enamorado de este bicho: interior de cuero espectacular me encanta.,#Mecanica #Gas #Tuning #Drive #Motor,coches
2808,,#tapas #sabor,cocina
2809,"Día de piernas, el árbitro nos ha robado descaradamente no pain no gain.",#gym #running,deporte
2810,"Hoy toca ruta por Girona, cambiando aceite y llantas, ahora si impone 🚗💨",#Caballos #Racing #Tuning,coches
2811,flow espectacular en el escenario magia pura.,#Urbano #Cantando,musica
2812,en bucle: sacando unos acordes con la acustica nueva increible.,#Music #Temazo #Festival #DJ #Urbano,musica
2813,Enamorado de este bicho: lavado a mano para que brille la pintura 🔥,#llantas #ruta #cars #jdm #supercars,coches
2814,"Increible lo de hoy en Granada, comiendo arroz y pollo, modo volumen 💪 lol",#Crossfit #PR #Salud #Fuerza #NoPainNoGain,deporte
2815,"hoy toca ruta por córdoba, interior de cuero espectacular puro vicio.",#Turbo#Ruta#Llantas,coches
2816,"mirad esta joya, cambiando aceite y llantas, ahora sí impone puro vicio.",,coches
2817,Enamorado de este bicho: interior de cuero espectacular qué locura.,#carporn,coches
2818,,#postres,cocina
2819,"vamos equipo! corriendo 10km en ayunas, reventado no pain no gain.",#pr#entreno#workout#vidasana,deporte
2820,Próxima parada: mochila a la espalda y a tirar millas 😍,#SinFiltros #Escapada,viajes
2821,"hoy toca ruta por león, la gasolina a precio de oro pero sigo dándole caña xd",#velocidad#motorsport,coches
2822,,#Cultura #Mochileros,viajes
2823,Vamos equipo! marcando un hat-trick para salvar el partido sudando la gota gorda.,#maraton #futbol #entreno,deporte
2824,recetón en cádiz: emplatando nivel estrella michelin 👨‍🍳,#Tapas #Gourmet #Vegano,cocina
2825,en directo desde cádiz: desafinando en el coche a pleno pulmón increíble.,#live #temazo #festival #ritmo #bateria,musica
2826,Literalmente abriendo loot boxes y solo sale humo a llorar a la llorería.,#Shooter,videojuegos
2827,,#Aventura,viajes
2828,En directo desde Guadalajara: sacando unos acordes con la acustica nueva magia pura.,,musica
2829,"modo cangrejo activado, me he quemado entero jaja.",#Sol,playa
2830,"Uff, stage 2 instalada y esto vuela 🚗💨",#CochesClasicos,coches
2831,"Pelos de punta, descubriendo joyitas indies en Spotify 🎵",#Urbano #Indie #CancionDelDia #Temazo #DJ,musica
2832,bYfGgR5ku8eRdvW0Bz3gp9wthkPVUsqzFLOAmvILvMgYMFqAb6SyrCA7smPziaTF6azqy,,playa
2833,"gg, farmeando xp como un tryhard para hacer level up 🎮",#ggwp #tryhard #noob #indiegames #xbox,videojuegos
2834,En bucle: los graves de este altavoz me hacen vibrar 🔥 lol,#Vibras,musica
2835,"Increíble lo de hoy en Córdoba, marcando un hat-trick para salvar el partido victoria!",#running #entreno #futbol,deporte
2836,Vaya tela: abriendo loot boxes y solo sale humo 10/10 IGN.,#IndieGames,videojuegos
2837,"Jet lag activado, turisteando sin parar, me duelen los pies qué maravilla.",#RoadTrip,viajes
2838,"Increíble, gráficos de locos con el ray tracing menuda estafa.",#indiegames,videojuegos
2839,los graves de este altavoz me hacen vibrar 🔥,#Concierto #Vibras,musica
2840,desafinando en el coche a pleno pulmón 🎸,#vibras #music,musica
2841,"Mirad qué pinta, un buen chorrito de AOVE y listo ñam ñam.",#masterchef #instafood #cocinando,cocina
2842,emplatando nivel estrella Michelin espectacular.,#Gourmet #InstaFood #Gastronomia #Cocinando #Dulce,cocina
2843,"Hoy toca ruta por Barcelona, stage 2 instalada y esto vuela gasss.",#velocidad #mecanica #v8 #supercars,coches
2844,"perdido en el metro de rumania, ayuda qué maravilla.",#Escapada,viajes
2845,Ragequit inminente: farmeando XP como un tryhard para hacer level up xd xd,#GGWP,videojuegos
2846,,#Playa #Bikini #Relax,playa
2847,tarde perfecta en el chiringuito con un mojito a vivir la vida.,#brisa #paraiso #verano #mar #arena,playa
2848,la gasolina a precio de oro pero sigo dándole caña puro vicio.,#Cars #Racing #Drifting #V8,coches
2849,Ragequit inminente: farmeando XP como un tryhard para hacer level up menuda estafa.,#lag,videojuegos
2850,Vamos equipo! agujetas nivel Dios despues del entreno a tope.,#Cardio #Atleta #Futbol #Workout #PR,deporte
2851,agujetas nivel dios despues del entreno no pain no gain.,,deporte
2852,"gg, gráficos de locos con el ray tracing xd.",#levelup #discord #gamer #tryhard #esports,videojuegos
2853,ese boss tiene una hitbox rotisima 🎮,,videojuegos
2854,"Increíble, ese boss tiene una hitbox rotísima 10/10 IIIGN.",#Streamer #RetroGaming,videojuegos
2855,"hoy toca sufrir, nuevo pr en peso muerto, a tope victoria!",,deporte
2856,emplatando nivel estrella michelin ñam ñam.,#Casero #InstaFood #Cocinando #Postres #Masterchef,cocina
2857,"Marchando, paella dominguera espectacular a cenar!",#casero#chef#instafood#salado,cocina
2858,"Hoy toca sufrir, corriendo 10km en ayunas, reventado no pain no gain jajaja",#motivacion #healthy #crossfit #nopainnogain #workout,deporte
2859,,#Foodie,cocina
2860,"Increíble, lavado a mano para que brille la pintura gasss.",#exhaust #velocidad #gas,coches
2861,"jet lag activado, mochila a la espalda y a tirar millas ✈️",#Naturaleza,viajes
2862,un buen chorrito de aove y listo se me hace la boca agua lol,#Gourmet,cocina
2863,desafinando en el coche a pleno pulmón 🎵,#guitarra,musica
2864,,#InstaFood #RealFood #Tapas #Postres,cocina
2865,"Por fin, tarde perfecta en el chiringuito con un mojito jaja.",#Playa #Vacaciones,playa
2866,"temazo, descubriendo joyitas indies en spotify no puedo parar de escucharlo.",#indie,musica
2867,Que ganas de esto: vuelta y vuelta en la tumbona como un filete a vivir la vida.,#Arena #Brisa #Costa #Sol #Calor,playa
2868,"Pelos de punta, descubriendo joyitas indies en Spotify 🎵 !!!!",#Rock #Music #Pop #Concierto,musica
2869,,#Olas #Verano #Atardecer #Playa #Costa,playa
2870,Experimentando en la cocina: tortilla con cebolla siempre ñam ñam.,#recetas #masterchef #realfood #comidasana,cocina
2871,,,coches
2872,"Por fin, arena entre los dedos y a desconectar de todo 🌊 jajaja",#postu,playa
2873,"gg, el lag me ha arruinado la racha de victorias f en el chat.",#setup,videojuegos
2874,en bucle: flow espectacular en el escenario no puedo parar de escucharlo.,#Acustico #DJ,musica
2875,"masa madre fermentando, a ver el pan nam nam xd",#postres,cocina
2876,"perdido en el metro de irlanda, ayuda qué maravilla.",#Trip #Pasaporte #Explorando,viajes
2877,"Mirad qué pinta, un buen chorrito de AOVE y listo se me hace la boca agua.",#Airfryer #Gastronomia,cocina
2878,,#pasaporte #mochileros #ruta,viajes
2879,,#Mochileros #Ruta #Naturaleza #Vuelos #JetLag,viajes
2880,"sin excuuuusas: corriendo 10km en ayunas, reventado a tope.",,deporte
2881,"Hoy toca sufrir, agujetas nivel Dios después del entreno victoria! xd",#fuerza#fitness#entreno,deporte
2882,busca chile nuevas acuerdo energía deben esa social compañía mundo palabras estudio hacia hospital pese vivir siete horas entonces otros distintas familia presenta fondo marcha prensa primeras seguridad francisco cinco capaz ideas importante país américa primeras única mirada cierto quien mujer fecha punto grupo hijos siendo como medida dólares general podemos pacientes vida si éxito términos lado humana hacer líder poder curso señora fuentes sólo comunicación importantes cierto quien estuvo precisamente decisión muchas puesto marcha blanca objeto salir control economía etc santiago edad noviembre costa temas supuesto ciencia causa cada médico existen ideas somos servicios programas apoyo debía atrás juicio datos necesario alguien reunión recursos semanas proyectos servicio estoy partes tuvo grandes pronto principio fuentes haya embargo palabra destino mesa humanos decir trabajar sueño fin equipo productos partidos chile pueden aumento alrededor efecto elementos haciendo campaña miembros fácil minutos valores última sí uso pese posible atención que valor llamado nos salir tengo manuel pasar diferencia cabeza internacional dinero día banco tierra su recursos exterior proceso esta tanto debido recuerdo central tomar ver un semana nuevas materia nosotros mañana ambiente unas cual niveles sus político ambiente en situación he dos europea economía argentina vida victoria pequeña alta tienen donde tipos ante posibilidades creo dan al mundo natural música aspectos recuerdo nos libro última anterior música deja ninguna arriba estamos ellas fueron constitución tema universidad cabeza aumento interior doctor producción era verdad peso esas lenguaje manera creación parte dentro personas prueba estar además destino hacen imposible seguir curso blanca gonzález conciencia recursos las distintas días ciencia armas peso dinero fondo miembros cuanto carlos estados natural materia quiero otro buen pp suerte unidos político soy actividad comunicación flores consejo única vida puedo hemos su cosas presenta tú habían años primera encuentran máximo marco algo sociedad toma cargo como como fueron político doctor así análisis partidos hubiera especial solo director mucho plaza vio cantidad varios diez diez los área o claro estos considera felipe trata hacerlo debe democracia particular carne rodríguez nuestro vía características miedo casa pronto incluso visita hombres mes rey fin te principales miedo universidad mesa es banco industria régimen allí europa un otra habría guerra uno tanto futuro materia español cuarto tiempo hasta distintos mujer haber programas los dejar muerte momento capacidad menos apoyo derecho suerte metros somos única cierta duda medidas seis pequeña cuadro llegado suficiente tiempos va santiago etapa martín presenta estilo industria riesgo función oro líder pasado alrededor ninguna técnica hubo sol medios solución situación así ni realizar libros respuesta problema siguientes allí diferentes medios familia encuentro datos eran dinero importantes último afirmó favor cerca cuatro otro volvió padre rodríguez lópez proceso resto sin metros este técnica imposible suelo necesario principales grado ya nombre hace iglesia peso fuerte deseo será niveles vuelta libertad américa experiencia apoyo demasiado necesario miedo pasado encima otro volvió crecimiento central de muerte rey estar época silencio crisis palabras grupos ambiente mayo cuenta noche tomar señaló dentro aquella opinión creación cantidad hubo unos torno cuerpo materia cierto solamente seguir mar haya gracias profesional demás estudios tendrá victoria visto calle ve sin mucha energía hasta mayoría técnica serán les un españoles mundial le sur trata través condiciones amigos desde idea busca chile no público programa juez nacional mar mis uno mientras organización actitud comisión política aunque niño esos hecho cine haciendo resto varios corte obras fútbol civil partir grupo demasiado estudio interior siendo propuesta además actividades vez clase expresión carácter fernando g recuerdo qué vida quizá fuerza entre primero todos tanto centros juicio pública muchas plazo posible sabía régimen médico unión ha pese operación varios algunos cambios izquierda constitución hacía ayuda cada tarde cosas aumento podía único n rey etapa aparece memoria aumento puntos sociedad unidad afirmó plazo tras desarrollo militar claro pasó ocho crecimiento especialmente nuevas estas española fuerte me año ayuda otra aspectos sistema mejores diciembre importantes unas duda demasiado santiago busca según somos ayer cosa intereses producción principio paso central atención sé internacional uno libros esa medio dejó viejo mayoría ayer sido las cerca participación cerca años opinión noviembre tampoco ellos construcción sectores condiciones respecto punto siendo gracias esta mucho manos aun ministerio hablar uso película barcelona ocho américa especie público estar n cabo encuentro desde chile atención ciencia oposición grande tendrá estaba podemos particular esos reunión comenzó trabajar seguir decía demás siguientes base quedó nacional dejar reforma investigación acuerdo material otras mujeres quería especie concepto corazón sigue hechos entrar mientras carta hablar juan dan propios según jóvenes mis paso ley pues niños proyecto visto marcha idea m tiene sus política conjunto pacientes distintas económico eso gracias caso caso teatro siendo unidos pronto pues viene jóvenes cama estaba administración un médico dolor expresión negro autor mayo servicio habría anterior ahora todo pesetas largo fútbol internacional capacidad tarde m padre has rosa nuevas fue natural sería precio ministerio nueva informe este pone económica san llegó hablar derechos millones formación mejores marco cuanto relaciones propio objetivo solamente sus tiempos causa españa investigación ciento expresión derecho primera cuerpo varios creo baja revolución con secretario poner poder personas prueba riesgo proceso habrá julio formas américa peso hoy aquí aparece conocimiento hombre comunicación llega tales parecía luego ir televisión comisión defensa partido juicio s partidos apenas otro afirmó plaza crecimiento también lado cada tiempos trata sueño libertad investigación miedo diversas quienes ii hasta madrid carrera características pie largo busca grandes últimos vista profesional oro n sus análisis medio estructura niño expresión música pregunta posible familia alguna base centros suelo tú gracias interior cuya pasa primeras pregunta asimismo energía partidos varias tratamiento sé mayoría tenían muchos será así dijo otras consumo palabra lenguaje tener pedro políticos el buen difícil medida tal demás militares características señora dicen mar civil características capital cine quedó marzo lucha dado países esos estos noche sobre líder control países importancia son mundial ideas blanco principal paso ex junto menos origen yo diversos ambiente solución total vista josé quienes últimos cara produce análisis suficiente con derecha sueño grado fin hay derecha sería investigación hechos esa buenos donde él estudio puerto llegado efectos encontrar libros arte empresa juicio poder efectos durante mientras hay favor consejo pesar pese arte cuales forma mes propia lópez estaban análisis instituto unión político amor peor cual trabajadores embargo dos términos conseguir único imágenes muestra rosa primer dónde entrada música zonas valores solo nuestro jorge dolor medidas s radio hubiera veces llegado mar adelante tiempos importancia efectos equipo imagen social llama del medios allá ciudad mercado usted propia apenas supuesto operación san propia grupo unas difícil embargo atención larga toda importancia hombre aquellos perdido sé bien problema lenguaje aspecto práctica va producto aquellos mar cierto luz líder atrás ese noche serán qué aspectos izquierda mano casa pasó francisco han parece dado horas aquella mal nada debe español principios lópez uso aquellos fue piel pesar fácil decir cuadro sido persona junto político gente problema ocasiones cara cuba nuevas actitud capital pp pequeño control p nuevo autoridades él región visita formación tu millones don c blanca mayor santa tu me bien obras desde peor le c secretario futuro tribunal salud etapa diciembre militar como ahora pero donde desarrollo primer resulta tres cama lenguaje comunidad humana pueden madrid guerra r permite nadie primeros entonces ministerio aspecto problema futuro acciones larga artículo los hicieron servicios importancia futuro septiembre reunión razón cuerpo compañía voz paciente contra características están muchos sea radio sé importante fuerza silencio corte fin larga tipo mundo mismos edad social orden económica luego humana francia minutos tenían hacía ninguna propio alto todo parece doctor mundial razones seguir real especie debía realizar igual nuevas fernando pregunta qué unos mil una lo pesetas trata cuba evitar nombre política acuerdo qué número programa ocho algunos aquellas futuro superior meses quien único española común trabajo resto después cuestión teatro ni tengo libros da esto desde diversos personas cuestión interior medida hace cinco siglo hemos si da blanca bastante iglesia especie máximo mañana pueden tendrá violencia ministro distintas hoy mira espacio frente cuanto poner lo creación hubo semana tienen comisión orden yo proyectos prueba cuya asimismo carlos vida llegar posible queda lejos distintos naturaleza considera juan aquel club desde cuanto con decía importante ir económico película acto antonio seguro puede viene ii siquiera peor base algo país director efectos r habían padre presencia vez atrás está cuarto nunca conseguir arte cosa éste fondo cinco época y mesa millones tomar república dice ha consumo tenido mundial te existen ambiente persona unión central julio lado control contrario lado llegó consejo siguiente américa cambios seguir libro meses g mitad maría intereses sociedad empresa van carne mar larga sueño llegado primer ocasión defensa humanos estuvo quería eso intereses segunda unidos pocos acto aquel tal sociales allí conciencia fecha fuego instituto falta realizar central pablo paz universidad seguro buscar horas dar experiencia local luz alto ello parte razón general formas solamente buen contenido miguel única c cerca martín mayoría con américa julio francia salir dan cantidad rodríguez manos espacio diversas llegar europa mañana vida se fuego sido estados carne has ser instituciones respecto cargo económica visto pueden pesetas fuerte elementos trata fiscal primero muchos propia casa afirmó hay luz llamado existencia cambios sistemas apoyo cierta actividades mal entonces armas plaza maría recursos resulta aunque cambios mediante capital visita informe corazón larga principios debía amigos imagen vida mí propio aspectos parís aumento tipos este se sino cuando aunque también internacional miguel cuatro españa dio juan salir situación perdido fuera seis dar larga josé ningún mí n medio televisión ojos estructura otro imagen además visto hicieron debía tienen acerca veces creación difícil acuerdo cara fuerte señor servicio estaban rafael muchas sector contra esos minutos gonzález voy capaz fiscal ha llegado través meses imposible cada miedo capital dan cinco productos partes era voz casi tan campaña mal cinco comunidad dinero durante imágenes sigue deseo producto teoría rosa asimismo cuenta hacer sean señora acción juego padres militares color base cualquier suelo policía prueba aun organización mesa más respuesta color jefe se sangre acerca grupos el vez pablo ningún plan llega revolución unos tales mil ejército usted ya más respuesta éste razón existe decía equipo grandes carrera menor presidente económica interés viejo quería decía ambiente piel dolor éxito cualquier común hospital baja imagen garcía secretario buscar suerte técnica podría solo ciento edad entrada cultura administración garcía quedó diversas padres blanca marco general hacer compañía ser semana su aumento cuba una orden principales muchos cuatro ninguna usted partido debido autor aquí dios buscar suerte sectores práctica hecho he punto términos anterior dio región efectos imagen demasiado distintas estudio noviembre arte información nadie blanca padre centro diferencia sé república silencio principales naturaleza club energía cámara está crisis padres pedro supuesto menor hija mano algo perdido supuesto torno unas ciudad viaje lópez iglesia hemos quienes aun b mismo obstante carácter precios ciento perdido solamente color septiembre favor curso viejo presente varios arriba oficial pablo libro don pacientes supuesto su número secretario estudio precios tres juego paciente j ex estudio época libre puso nuevo norte cual mar causa ésta construcción pone económico países elementos joven y mismo fondo participación río decir puntos san existen embargo solamente habría práctica mayor propio pasar tuvo ellas una propios producto nunca plan especial importancia empresas consumo haya sí tendrá sabía ahí bueno pp capital mí dónde debía humana rey mundo vida manuel ideas plaza bueno está sol natural plan cosas pensar central sola pasó nos mundo aunque pablo mundial las dolor ningún agua las camino decir esto voluntad costa número cuenta afirmó nueva mismos militar mundial jorge informe junto pone modelo conocimiento están entonces sigue fácil muy incluso etapa temas teatro un estudio vuelta maría creo actual mismo acto ii julio dado buen r ocho encuentro muchos dice como compañía cuales decía seguir fernando buen práctica mediante cuando ni semanas formación por general pues libros voy sistemas todo marcha mujer año eso hacen les ayer producto flores sabía concepto estas memoria empresas participación riesgo en ellos construcción ya españoles tales haciendo nuevo sino popular madrid operación presidente etc eran acuerdo era siendo práctica tanto pesar resultado siempre concepto consejo natural pasar dan vio plazo cargo noche cuanto,#rock #dj,musica
2883,"mirad esta joya, derrape guapo en la última rotonda me encanta !!!!",#supercars,coches
2884,"mirad esta joya, derrape guapo en la ultima rotonda gasss.",#Velocidad#Supercars#Gas,coches
2885,"Perdidos por Girona, haciendo el check-in con Carmelo 😍",#roadtrip #naturaleza #viajar #ruta #aventura,viajes
2886,literalmente jugando a las palas nivel profesional 😎,,playa
2887,literalmente ese boss tiene una hitbox rotisima a llorar a la lloreria xd,#ProGamer,videojuegos
2888,"Increíble, han nerfeado a mi main otra vez 🕹️",#levelup #gamer,videojuegos
2889,"Hoy toca sufrir, comiendo arroz y pollo, modo volumen sudando la gota gorda.",#BeastMode #Entreno,deporte
2890,vamos equipo! agujetas nivel dios después del entreno no pain no gain.,#vidasana,deporte
2891,flow espectacular en el escenario increible.,#flow #guitarra #vibras #musicaenvivo #indie,musica
2892,pillando unas olas increíbles a vivir la vida !!!!,#playa #calor #bikini #desconexion,playa
2893,"perdidos por tarragona, turisteando sin parar, me duelen los pies no quiero volver.",#travel #jetlag,viajes
2894,"GG, bugeado en la pared, genial el parche 🎮 !!!!",#twitch #streamer #indiegames #levelup,videojuegos
2895,sin excusas: marcando un hat-trick para salvar el partido 💪,#Padel,deporte
2896,"comiendo arroz y pollo, modo volumen 🥵",#Crossfit,deporte
2897,vamos equipo! el gymbro me ha fallado hoy y mañana más...,,deporte
2898,"gg, ese boss tiene una hitbox rotísima 🕹️ lol",#Lag #Noob,videojuegos
2899,"Temazo, flow espectacular en el escenario 🎶",#festival,musica
2900,el agua esta helada pero me he banado igual 10/10 xd,,playa
2901,los graves de este altavoz me hacen vibrar increíble xd,#Melodia #Acustico,musica
2902,"Enamorado de este bicho: cambiando aceite y llantas, ahora si impone gasss.",#Cars,coches
2903,"Recetón en Zaragoza: masa madre fermentando, a ver el pan ñam ñam.",#Yummy #Paella #RealFood,cocina
2904,En bucle: afinando la batería para el bolo 🎶 lol,,musica
2905,hoy me he coronado: un buen chorrito de aove y listo ñam ñam.,#ComidaSana #AOVE #Yummy #InstaFood #RecetaDelDia,cocina
2906,"Brum brum, stage 2 instalada y esto vuela puro vicio.",#Cars #CochesClasicos #V6 #Ruta #Supercars,coches
2907,"por fin, vuelta y vuelta en la tumbonaaaa como un filete 10/10.",#Calor #Mar #Arena,playa
2908,cual cual cual cual cual cual cual cual cual cual cual cual cual cual cual cual cual cual cual cual cual cual cual cual cual cual cual cual cual cual cual cual cual cual cual cual cual cual cual cual cual cual cual cual cual cual cual cual cual cual cual cual cual cual cual cual cual cual cual cual cual cual cual cual cual cual cual cual cual cual cual cual cual cual cual cual cual cual cual cual cual cual cual cual cual cual cual cual cual cual cual cual cual cual cual cual cual cual cual cual cual cual cual cual cual cual cual cual cual cual cual cual cual cual cual cual cual cual cual cual cual cual cual cual cual cual cual cual cual cual cual cual cual cual cual cual cual cual cual cual cual cual cual cual cual cual cual cual cual cual cual cual cual cual cual cual cual cual cual cual cual cual cual cual cual cual cual cual cual cual cual cual cual cual cual cual cual cual cual cual cual cual cual cual cual cual cual cual cual cual cual cual cual cual cual cual cual cual cual cual cual cual cual cual cual cual cual cual cual cual cual cual cual cual cual cual cual cual cual cual cual cual cual cual cual cual cual cual cual cual cual cual cual cual cual cual cual cual cual cual cual cual cual cual cual cual cual cual cual cual cual cual cual cual cual cual cual cual cual cual cual cual cual cual cual cual cual cual cual cual cual cual cual cual cual cual cual cual cual cual cual cual cual cual cual cual cual cual cual cual cual cual cual cual cual cual cual cual cual cual cual cual cual cual cual cual cual cual cual cual cual cual cual cual cual cual cual cual cual cual cual cual cual cual cual cual cual cual cual cual cual cual cual cual cual cual cual cual cual cual cual cual cual cual cual cual cual cual cual cual cual cual cual cual cual cual cual cual cual cual cual cual cual cual cual cual cual cual cual cual cual cual cual cual cual cual cual cual cual cual cual cual cual cual cual cual cual cual cual cual cual cual cual cual cual cual cual cual cual cual cual cual cual cual cual cual cual cual cual cual cual cual cual cual cual cual cual cual cual cual cual cual cual cual cual cual cual cual cual cual cual cual cual cual cual cual cual cual cual cual cual cual cual cual cual cual cual cual cual cual cual cual cual cual cual cual cual cual cual cual cual cual cual cual cual cual cual cual cual cual cual cual cual cual cual cual cual cual cual cual cual cual cual cual cual cual cual cual cual cual cual cual cual cual cual cual cual cual cual cual ,#postu,playa
2909,"increíble, interior de cuero espectacular 🔥",#supercars,coches
2910,ya ya ya ya ya ya ya ya ya ya ya ya ya ya ya ya ya ya ya ya ya ya ya ya ya ya ya ya ya ya ya ya ya ya ya ya ya ya ya ya ya ya ya ya ya ya ya ya ya ya ya ya ya ya ya ya ya ya ya ya ya ya ya ya ya ya ya ya ya ya ya ya ya ya ya ya ya ya ya ya ya ya ya ya ya ya ya ya ya ya ya ya ya ya ya ya ya ya ya ya ya ya ya ya ya ya ya ya ya ya ya ya ya ya ya ya ya ya ya ya ya ya ya ya ya ya ya ya ya ya ya ya ya ya ya ya ya ya ya ya ya ya ya ya ya ya ya ya ya ya ya ya ya ya ya ya ya ya ya ya ya ya ya ya ya ya ya ya ya ya ya ya ya ya ya ya ya ya ya ya ya ya ya ya ya ya ya ya ya ya ya ya ya ya ya ya ya ya ya ya ya ya ya ya ya ya ya ya ya ya ya ya ya ya ya ya ya ya ya ya ya ya ya ya ya ya ya ya ya ya ya ya ya ya ya ya ya ya ya ya ya ya ya ya ya ya ya ya ya ya ya ya ya ya ya ya ya ya ya ya ya ya ya ya ya ya ya ya ya ya ya ya ya ya ya ya ya ya ya ya ya ya ya ya ya ya ya ya ya ya ya ya ya ya ya ya ya ya ya ya ya ya ya ya ya ya ya ya ya ya ya ya ya ya ya ya ya ya ya ya ya ya ya ya ya ya ya ya ya ya ya ya ya ya ya ya ya ya ya ya ya ya ya ya ya ya ya ya ya ya ya ya ya ya ya ya ya ya ya ya ya ya ya ya ya ya ya ya ya ya ya ya ya ya ya ya ya ya ya ya ya ya ya ya ya ya ya ya ya ya ya ya ya ya ya ya ya ya ya ya ya ya ya ya ya ya ya ya ya ya ya ya ya ya ya ya ya ya ya ya ya ya ya ya ya ya ya ya ya ya ya ya ya ya ya ya ya ya ya ya ya ya ya ya ya ya ya ya ya ya ya ya ya ya ya ya ya ya ya ya ya ya ya ya ya ya ya ya ya ya ya ya ya ya ya ya ya ya ya ya ya ya ya ya ya ya ya ya ya ya ya ya ya ya ya ya ya ya ya ya ,#crossfit #running #gym,deporte
2911,"gente, bugeado en la pared, genial el parche menuda estafa.",#GGWP #Loot,videojuegos
2912,,#Workout #Cardio,deporte
2913,"madre mía, tarde perfecta en el chiringuito con un mojito 😎",#olas#brisa#postu#bikini,playa
2914,"Increíble, pasando la ITV de puro milagro gasss lol",#Turbo #Mecanica #Velocidad #CarLife,coches
2915,"Increíble, pasando la ITV de puro milagro me encanta.",#CarPorn#Velocidad#Mecanica,coches
2916,"mirad esta joya, pasando la itv de puro milagro qué locura.",#Caballos #Turbo #Drive #Gas #Supercars,coches
2917,"Madre mía el nuevo disco, afinando la batería para el bolo 🎶",#temazo,musica
2918,,#instafood,cocina
2919,Modo vacaciones: arena entre los dedos y a desconectar de todo que paz...,#bikini,playa
2920,qué ganas de esto: arena entre los dedos y a desconectar de tooodo 🌊,#paraiso#playa#relax#mar#verano,playa
2921,"gg, ese boss tiene una hitbox rotísima 10/10 ign.",#esports #xbox #shooter #nintendo,videojuegos
2922,,#Paella #Dulce,cocina
2923,la gasolina a precio de oro pero sigo dándole caña 🚗💨,#racing #v6 #tuning #carporn #ruta,coches
2924,Ragequit inminente: carrileando a Melchor toda la partida 🕹️,#tryhard,videojuegos
2925,Sin excusas: partidazo de pádeeel con Eva y mañana más.,#PR #Fitness,deporte
2926,carrileando a ernesto toda la partida f en el chat !!!!,#Twitch #GGWP #Xbox,videojuegos
2927,en directo desde ourense: descubriendo joyitas indies en spotify magia pura jajaja,#rock #music #temazo #guitarra #cantando,musica
2928,Literalmente haaan nerfeado a mi main otra vez F en el chat.,#Xbox#Loot,videojuegos
2929,"increible, graficos de locos con eeeeel ray tracing 10/10 ign.",,videojuegos
2930,"en primera fila del concierto, brutal increíble.",#DJ #Flow,musica
2931,,#levelup,videojuegos
2932,Vaya tela: carrileando a Narciso toda la partida menuda estafa.,#RPG #Tryhard #RetroGaming,videojuegos
2933,"Hoy toca sufrir, partidazo de pádel con Ariel 🥵",#cardio,deporte
2934,"Próxima parada: perdido en el metro de Estados Unidos de América, ayuda ✈️",#Naturaleza #Trip #Viajero #Aventura,viajes
2935,En bucle: los graves de este altavoz me hacen vibrar 🎵,#Temazo #Melodia #Festival,musica
2936,En directo desde Huesca: flow espectacular en el escenario 🔥,#vinilo #acustico #musicaenvivo,musica
2937,"Hoy toca sufrir, marcando un hat-trick para salvar el partido no pain no gain.",#BeastMode #Crossfit #Padel #Maraton #Salud,deporte
2938,"increíble lo de hoy en granada, el gymbro me ha fallado hoy y mañana más.",#Entreno #Healthy #Gym #Padel,deporte
2939,el lag me ha arruinado la racha de victorias 🎮 jajaja,#progamer #gamer,videojuegos
2940,"mirad qué pinta, caaaaasi quemo la sartén pero ha quedado rico a cenar!",#InstaFood#Chef,cocina
2941,"pelos de punta, en primera fila del concierto, brutal 🎸 lol",#urbano #vinilo #melodia #bateria #acustico,musica
2942,"hoy toca sufrir, el árbitro nos ha robado descaradamente victoria!",#fitness #salud #running #futbol,deporte
2943,"Increíble, stage 2 instalada y esto vuela me encanta !!!!",#v6,coches
2944,ragequit inminente: ese boss tiene una hitbox rotísima 🕹️ xd,#LevelUp #Discord #GGWP #Twitch,videojuegos
2945,"Vaya tela: bugeado en la pared, genial el parche xd.",,videojuegos
2946,"marchando, masa madre fermentando, a ver el pan se me hace la boca agua.",#dulce#sabor#foodie,cocina
2947,Enamorado de este bicho: stage 2 instalada y esto vuela gasss.,#motor #racing #cochesclasicos #carlife,coches
2948,literalmente el agua está helada pero me he bañado igual y no necesito más.,#postu#chiringuito,playa
2949,"Pelos de punta, afinando la batería para el bolo 🎸",,musica
2950,"Qué ganas de esto: modo cangrejo activado, me he quemado entero jaja.",#snorkel#mar#vistas,playa
2951,"enamorado de este bicho: cambiando aceite y llantas, ahora si impone 🔥",#v6 #exhaust #motor #cars,coches
2952,hotelazo con unas vistas que flipas 🌍,,viajes
2953,"Dia de piernas, el gymbro me ha fallado hoy a tope.",,deporte
2954,"pelos de punta, en primera fila del concierto, brutal 🎸",#Indie #Guitarra,musica
2955,,#Destino #Mochileros #Vuelos,viajes
2956,estrenando la airfryer con unas patatas brutal.,#Gourmet #Foodie,cocina
2957,vaya tela: carrileando a andrés toda la partida 🎮,#pcgaming #loot #progamer #playstation #nintendo,videojuegos
2958,"Temazo, descubriendo joyitas indies en Spotify 🎵",,musica
2959,Enamorado de este bicho: el motor V8 rugiendo como una bestia 🚗💨 lol,#jdm,coches
2960,vamos equipo! agujetas nivel dios después del entreno sudando la gota gorda.,#motivacion#vidasana#fitness#running#gimnasio,deporte
2961,Experimentando en la cocina: paella dominguera espectacular a cenar!,#chef #postres #comidasana #vegano,cocina
2962,"uff, el motor v8 rugiendo como una bestia me encanta.",,coches
2963,En directo desde Albacete: los graves de este altavoz me hacen vibrar 🎵 lol,#urbano #vibras #vinilo #cantando,musica
2964,"Gente, el lag me ha arruinado la racha de victorias 🕹️",#streamer#progamer,videojuegos
2965,probando street food de dudosa procedencia 🌍,#Trip #Aventura,viajes
2966,"temazo, sacando unos acordes con la acustica nueva no puedo paaaaarar de escucharlo jajaja",#indie #temazo #vinilo #ritmo #music,musica
2967,"día de piernas, partidazo de pádel con juan pablo a tope.",#Salud,deporte
2968,"Pelos de punta, en primera fila del concierto, brutal no puedo parar de escucharlo.",#Live#DJ,musica
2969,"Uff, la gasolina a precio de oro pero sigo dándole caña gasss lol",#V8,coches
2970,"Increible lo de hoy en Lugo, comiendo arroz y pollo, modo volumen a tope.",#motivacion #futbol #vidasana #baloncesto #healthy,deporte
2971,"Perdidos por Albacete, hotelazo con unas vistas que flipas 🌍",#sinfiltros #ruta #viajar,viajes
2972,Literalmente pillando unas olas iiiincreíbles 😎 !!!!,#Brisa #Atardecer #Playa,playa
2973,"Increible lo de hoy en Malaga, el gymbro me ha fallado hoy a tope.",,deporte
2974,jugando a las palas nivel profesional 😎,#chiringuito #costa #mojito #atardecer,playa
2975,"Increíble, la gasolina a precio de oro pero sigo dándole caña xd",#Velocidad #Tuning #Drive,coches
2976,adivinad quién está en navarra: jugando a las palas nivel profesional 10/10.,#chiringuito#brisa#mar#mojito#desconexion,playa
2977,"Mirad esta joya, el motor V8 rugiendo como una bestia xd",#Drifting #Gas #Drive #Mecanica,coches
2978,Ragequit inminente: gráficos de locos con el ray tracing menuda estafa.,#playstation,videojuegos
2979,ragequit inminente: han nerfeado a mi main otra vez xd.,#Lag #Loot #PlayStation #IndieGames,videojuegos
2980,mochila a la espalda y a tirar millas 🌍 !!!!,#sinfiltros#ruta#jetlag,viajes
2981,hoy me he coronado: paella dominguera espectacular brutal.,#comidasana #cocinando,cocina
2982,"jet lag activado, haciendo el check-in con margarita qué maravilla.",#Travel #Viajero #Vuelos,viajes
2983,"Día de piernas, marcandooooo un hat-trick para salvar el partido y mañana más.",#Motivacion #Entreno,deporte
2984,"Escapada express, perdido en el metro de Islas Marshall, ayuda ✈️",,viajes
2985,,,deporte
2986,vuelta y vuelta en la tumbona como un filete 😎,#mar#olas,playa
2987,"Jet lag activado, perdido en el metro de Barbados, ayuda 😍...",#SinFiltros #Viajar #Escapada #Trip,viajes
2988,receton en alava: tortilla con cebolla siempre espectacular.,,cocina
2989,Próxima parada: pagando un café a precio de turista me mudo aquí.,#Paisaje#Vuelos#Trip,viajes
2990,"mirad qué pinta, paella dominguera espectacular ñam ñam.",#InstaFood #Foodie #Yummy #Chef,cocina
2991,vamos equipo! el árbitro nos ha robado descaradamente 🥵,,deporte
2992,,,deporte
2993,"Pelos de punta, desafinando en el coche a pleno pulmón no puedo parar de escucharlo.",#dj #concierto,musica
2994,Qué ganas de esto: postureo máximo en la orilla con Vinicio 😎,#mojito #chiringuito #vistas,playa
2995,Vaya tela: ese boss tiene una hitbox rotisima F en el chat.,#retrogaming #shooter #setup,videojuegos
2996,ragequit inminente: graficos de locos con el ray tracing f en el chat.,,videojuegos
2997,en bucle: sacando unos acordes con la acustica nueva 🎵,#guitarra #temazo,musica
2998,Experimentando en la cocina: paella dominguera espectacular 👨‍🍳,#comidasana#casero,cocina
2999,Adivinad quién está en Granada: tarde perfecta en el chiringuito con un mojito qué paz jajaja,#brisa#vacaciones#postu,playa
3000,en directo desde granada: los graves de este altavoz me hacen vibrar 🎶,#ritmo#indie,musica
3001,Ragequit inminente: el lag me ha arruinado la racha de victorias F en el chat.,#Gamer #PCGaming #PlayStation #Nintendo,videojuegos
3002,"Marchando, un buen chorrito de AOVE y listo 🤤 lol",#salado #recetas #realfood,cocina
3003,Modo vacaciones: pillando unas olas increíbles jaja.,#calor,playa
3004,afinando la batería para el bolo 🎸,#dj #musicaenvivo #festival #indie,musica
3005,"Madre mía el nuevo disco, afinando la batería para el bolo 🎶 lol",,musica
3006,"hoy toca ruta por ourense, lavado a mano para que brille la pintura qué locura.",#motorsport #llantas #ruta #caballos #velocidad,coches
3007,Qué ganas de esto: jugando a las palas nivel profesional 😎 lol,,playa
3008,"masa madre fermentando, a ver el pan a cenar!",#RecetaDelDia #RealFood,cocina
3009,Modo vacaciones: jugando a las palas nivel profesional 😎,,playa
3010,,,playa
3011,literalmente pillando unas olas increíbles 😎,#Arena#Costa#Atardecer,playa
3012,receton en albacete: estrenando la airfryer con unas patatas 👨‍🍳,#RecetaDelDia #Paella,cocina
3013,Proxima parada: hotelazo con unas vistas que flipas me mudo aqui.,#Naturaleza,viajes
3014,Ragequit inminente: abriendo loot boxes y solo sale humo xd lol,#Nintendo #LevelUp #GGWP,videojuegos
3015,"Por fin, vuelta y vuelta en la tumbona como un fiiiiilete 😎...",#Bikini,playa
3016,"Increible lo de hoy en Alava, comiendo arroz y pollo, modo volumen 🥵 xd",#entreno #crossfit #baloncesto #padel #maraton,deporte
3017,Qué ganas de esto: arena entre los dedos y a desconectar de todo 😎,#Atardecer #Desconexion #Isla #Brisa #Playa,playa
3018,Sin excusas: el árbitro nos ha robado descaradamente sudando la gota gorda.,#Cardio #Gimnasio #Crossfit #VidaSana,deporte
3019,vaya tela: carrileando a olalla toda la partida a llorar a la llorería.,#discord#nintendo#loot#gamer,videojuegos
3020,"Increíble, el lag me ha arruinado la racha de victorias menuuuuda estafa.",#discord #nintendo #indiegames,videojuegos
3021,"Mirad qué pinta, estrenando la airfryer con unas patatas brutal.",#Vegano #Casero #Foodie #Masterchef #ComidaSana,cocina
3022,"jet lag activado, perdido en el metro de república unida de tanzanía, ayuda qué maravilla.",#Mochileros,viajes
3023,"hoy toca ruta por palencia, la gasolina a precio de oro pero sigo dandole cana puro vicio.",#carlife #turbo #gas,coches
3024,adivinad quién está en asturias: pillando unas olas increíbles jaja.,#Vacaciones #Atardecer,playa
3025,"Jet lag activado, haciendo el check-in con Marisa 😍",#Explorando #Viajar #Trip #Travel,viajes
3026,próxima parada: probando street food de dudosa procedencia me mudo aquí.,,viajes
3027,"Brum brum, lavado a mano para que brille la pintura puro vicio.",#ruta #cars #v6 #turbo,coches
3028,mochila a la espalda y a tirar millas 🌍,,viajes
3029,Literalmente tarde perfecta en el chiringuito con un mojito 10/10.,#Isla #Bronceado #Relax #Playa,playa
3030,DgSSxtBRDFHB3IWAKa4ws0VObcwf9DX3hEzTtmLjep6PWNmWoFKHr7RHxE6DDuTmc0CxHgN93vFYP1rf7LbBufyF1Dwp,#Ritmo #Vinilo,musica
3031,desafinando en el coche a pleno pulmon 🎸 xd,#pop #urbano #vibras #flow,musica
3032,Hoy me he coronado: casi quemo la sarten pero ha quedado rico a cenar!,#Paella #Recetas #ComidaSana #RecetaDelDia #Chef,cocina
3033,wanderlust: hotelazo con unas vistas que flipas wanderlust total.,#turismo #destino #ruta,viajes
3034,,,cocina
3035,Experimentando en la cocina: emplatando nivel estrella Michelin a cenar!,#salado #masterchef #chef #dulce,cocina
3036,"Uff, lavado a mano para que brille la pintura me encanta.",#drifting #racing #carporn #motorsport #llantas,coches
3037,"perdidos por málaga, pagando un café a precio de turista me mudo aquí.",#Viajero,viajes
3038,enamorado de este bicho: derrape guapo en la última rotonda me encanta.,#JDM #MotorSport,coches
3039,"Increible lo de hoy en Vizcaya, comiendo arroz y pollo, modo vooooolumen a tope.",#gimnasio #fuerza #maraton #healthy,deporte
3040,"Dia de piernas, el arbitro nos ha robado descaradamente 🥵",#gym,deporte
3041,"madre mía, pillando unas olas increíbles y no necesito más.",#Paraiso,playa
3042,ragequit inminente: han nerfeado a mi main otra vez 🎮,#retrogaming #gamer #twitch #indiegames #discord,videojuegos
3043,Vaya tela: farmeando XP como un tryhard para hacer level up 10/10 IGN.,#indiegames #loot #esports #rpg,videojuegos
3044,vamos equipo! el arbitro nos ha robaaaaado descaradamente no pain no gain lol,#BeastMode #Padel #Entreno #Baloncesto,deporte
3045,"Hoy toca ruta por Sevilla, cambiando aceite y llantas, ahora sí impone xd",#Tuning #Exhaust #Caballos,coches
3046,"Perdidos por Sevilla, mochila a la espalda y a tirar millas wanderlust total.",,viajes
3047,ragequit inminente: graficos de locos con el ray tracing 🕹️...,#twitch #streamer #ggwp #tryhard,videojuegos
3048,"sin excusas: comiendo arroz y pollo, modo volumen no pain no gain.",#BeastMode #Healthy #Atleta #Futbol #Padel,deporte
3049,los graves de este altavoz me hacen vibrar 🔥,#canciondeldia,musica
3050,Vamos equipo! agujetas nivel Dios después del entreno 🥵...,#healthy #beastmode,deporte
3051,"Temazo, afinando la batería para el bolo 🎶 !!!!",#Pop#Acustico#Indie#Cantando,musica
3052,probando street food de dudosa procedencia 🌍,#Trip #Viajero #Paisaje #Ruta,viajes
3053,"Madre mía, pillando unas olas increíbles 10/10 lol",,playa
3054,"gente, gráficos de locos con el ray tracing 🕹️",#gaming #levelup #shooter #discord,videojuegos
3055,Sin excusas: el arbitro nos ha robado descaradamente 💪,#Entreno #Fitness #Motivacion,deporte
3056,"pelos de punta, los graves de este altavoz me hacen vibrar no puedo parar de escucharlo.",#spotify,musica
3057,Adivinad quién está en Ourense: vuelta y vuelta en la tumbona como un filete y no necesito más.,#bronceado #mojito #playa,playa
3058,"nuevo pr en peso muerto, a tope a tope...",#running#fuerza#fitness,deporte
3059,Vamos equipo! partidazo de pádel con Conrado sudando laaa gota gorda...,,deporte
3060,"Hoy toca ruta por Cáceres, stage 2 instalada y esto vuela puro vicio.",#mecanica,coches
3061,"Increíble, bugeado en la pared, genial el parche F en el chat.",,videojuegos
3062,Vaya tela: ese boss tiene una hitbox rotísima xd.,#streamer#rpg#twitch#retrogaming,videojuegos
3063,En bucle: desafinando en el coche a pleno pulmón increíble.,#Live #Cantando #Urbano #Rock #Ritmo,musica
3064,stage 2 instalada y esto vuela xd,,coches
3065,"Madre mía, jugando a las palas nivel profesional 🌊 xd",,playa
3066,Wanderlust: mochila a la espalda y a tirar millas wanderlust total.,#Viajero,viajes
3067,"Perdidos por Melilla, hotelazo con unas vistas que flipas 😍",#pasaporte #viajero,viajes
3068,pagando un café a precio de turista qué maravilla.,#Trip #Pasaporte #Travel #Mochileros,viajes
3069,Enamorado de este bicho: derrape guuuuapo en la última rotonda qué locura.,#v6,coches
3070,"Increíble, carrileando a Severo toda la partida menuda estafa.",#lag #ggwp #rpg,videojuegos
3071,"Proxima parada: perdido en el metro de Bahrein, ayuda wanderlust total.",#vuelos,viajes
3072,"Mirad que pinta, emplatando nivel estrella Michelin brutal.",#gourmet #recetas #realfood #casero,cocina
3073,"por fin, arena entre los dedos y a desconectar de todo 🌊 lol",#calor#olas#vistas#bikini,playa
3074,"temazo, desafinando en el coche a pleno pulmón 🎵",,musica
3075,literalmente carrileando a sonia toda la partida 🎮,#discord #xbox #gamer #noob,videojuegos
3076,"hoy toca sufrir, marcando un hat-trick para salvar el partido 💪...",,deporte
3077,"mirad esta joya, interior de cuero espectacular 🔥",,coches
3078,"mirad esta joya, el motor v8 rugiendo como una bestia puro vicio...",#carporn #tuning,coches
3079,"Día de piernas, partidazo de pádel con Hipólito 💪",#baloncesto,deporte
3080,qué ganas de estoooo: jugando a las palas nivel profesional y no necesito más.,#mojito #vacaciones #verano,playa
3081,"Increíble lo de hoy en Almería, el gymbro me ha fallado hoy victoria!",#Gym,deporte
3082,"Hoy toca ruta por Valladolid, lavado a mano para que brille la pintura qué locura.",#Ruta #Racing #Motor,coches
3083,"Perdidos por Huesca, turisteando sin parar, me duelen los pies me mudo aqui.",#viajero,viajes
3084,"marchando, masa madre fermentando, a ver el pan brutal.",#Airfryer,cocina
3085,"Temazo, descubriendo joyitas indies en Spotify 🔥 jajaja",#flow#pop#indie#guitarra#acustico,musica
3086,flow espectacular en el escenario magia pura.,#festival #vinilo,musica
3087,Recetón en Cantabria: emplatando nivel estrella Michelin se me hace la boca agua.,#RecetaDelDia,cocina
3088,probando street food de dudosa procedencia wanderlust total.,#Pasaporte#Wanderlust#Mochileros#Naturaleza#Escapada,viajes
3089,tarde perfecta en el chiringuito con un mojito y no necesito más.,#Desconexion #Verano #Atardecer #Bronceado,playa
3090,Hoy me he coronado: dejando el guiso al chup-chup horas se me hace la boca agua.,#casero #comidasana #recetadeldia #paella #yummy,cocina
3091,la gasolina a precio de oro pero sigo dandole cana 🔥,#Llantas#Ruta#Drifting,coches
3092,"Perdidos por Cantabria, haciendo el check-in con Eladio no quiero volver.",#sinfiltros #viajero #viajar #aventura #turismo,viajes
3093,marcando un hat-trick para salvar el partido no pain no gain.,,deporte
3094,"Uff, interior de cuero espectacular me encanta...",#drive #gas,coches
3095,pasando la ITV deeeee puro milagro xd,,coches
3096,"mirad esta joya, interior de cuero espectacular puro vicio.",,coches
3097,"increíble lo de hoy en segovia, el árbitro nos ha robado descaradamente no pain no gain.",#Salud #Motivacion,deporte
3098,Ragequit inminente: gráficos de locos con el ray tracing a llorar a la llorería.,,videojuegos
3099,"Perdidos por Girona, perdido en el metro de Mali, ayuda no quiero volver.",#RoadTrip #Travel #Wanderlust,viajes
3100,Sin excusas: marcando un hat-trick para salvar el partido victoria!,#pr #cardio,deporte
3101,jugando a las palas nivel profesional 10/10.,#Verano #Brisa #Arena #Vacaciones,playa
3102,pagando un café a precio de turista wanderlust total.,#JetLag,viajes
3103,"GG, ese boss tiene una hitbox rotísima xd !!!!",#GGWP #Esports #RetroGaming #Tryhard #Nintendo,videojuegos
3104,"uff, cambiando aceite y llantas, ahora si impone me encanta.",#Tuning,coches
3105,Sin excusas: el árbitro nos ha robado descaradamente victoria!,#crossfit,deporte
3106,carrileando a Delfina toda la partida xd.,#lag#pcgaming#playstation,videojuegos
3107,Experimentando en la cocina: paella dominguera espectacular se me hace la boca agua.,,cocina
3108,experimentando en la cocina: un buen chorrito de aove y listo ñam ñam jajaja,#ComidaSana #Vegano #Tapas,cocina
3109,Experimentando en la cocina: un buen chorrito de AOVE y listo a cenar!,,cocina
3110,"gente, bugeado en la pared, genial el parche a llorar a la lloreria.",,videojuegos
3111,"Escapada express, hotelazo con unas vistas que flipas 🌍",#Mochileros #RoadTrip,viajes
3112,"Jet lag activado, haciendo el check-in con Clara ✈️",#naturaleza #viajero #cultura #vuelos,viajes
3113,vaya tela: el lag me ha arruinado la racha de victorias a llorar a la lloreria.,,videojuegos
3114,enamorado de este bicho: interior de cuero espectacular que locura jajaja,,coches
3115,hoy me he coronado: emplatando nivel estrella michelin espectacular.,#Yummy,cocina
3116,,#cultura #aventura,viajes
3117,"Jet lag activado, haciendo el check-in con Aurora me mudo aquí.",#Naturaleza #Trip #RoadTrip #Turismo #Viajero,viajes
3118,"Increible, el motor V8 rugiendo como una bestia puro vicio.",#Drifting,coches
3119,"hoy toca sufrir, corriendo 10km en ayunas, reventado no pain no gain.",#Salud #Workout #VidaSana #BeastMode,deporte
3120,En bucle: afinando la batería para el bolo no puedo parar de escucharlo.,#Vinilo,musica
3121,"Increíble, pasando la ITV de puro milagro gasss.",#drifting#jdm#carlife,coches
3122,"comiendo arroz y pollo, modo volumen victoria!",#futbol #beastmode #motivacion,deporte
3123,Vaya tela: carrileando a Cayetano toda la partida 🎮...,#retrogaming,videojuegos
3124,"uff, lavado a mano para que brille la pintura puro vicio.",#exhaust #drifting #cochesclasicos #carporn,coches
3125,"Increíble lo de hoy en Guipúzcoa, partidazo de pádel con Evelia a tope.",#Gym #Atleta #Healthy #VidaSana #Fitness,deporte
3126,"hoy toca sufrir, agujetas nivel dios despues del entreno y manaaaana mas.",#crossfit #motivacion #running,cocina
3127,"Mirad esta joya, cambiando aceite y llantas, ahora sí impone qué locura.",,coches
3128,,#pr #beastmode #crossfit #fitness,deporte
3129,"Mirad que pinta, masa madre fermentando, a ver el pan se me hace la boca agua...",,cocina
3130,en bucle: sacando unos acordes con la acústica nueva magia pura.,#vinilo #vibras #concierto,musica
3131,"Perdidos por Barcelona, hotelazo con unas vistas que flipas que maravilla.",#Explorando #RoadTrip #Mochileros #Viajero,viajes
3132,Sin excusas: partidazo de pádel con Rebeca victoria!,#pr #cardio #workout #beastmode,deporte
3133,"modo cangrejo activado, me he quemado entero 10/10.",#Vistas #Bikini #Arena #Verano,playa
3134,,#Padel#Cardio#NoPainNoGain#Motivacion#Fitness,deporte
3135,"increible, derrape guapo en la ultima rotonda puro vicio.",#V8 #CarLife #CochesClasicos #Ruta #Exhaust,coches
3136,Enamorado de este bicho: interior de cuero espectacular 🔥,#carporn #v6,coches
3137,,,videojuegos
3138,"Hoy me he coronado: masa madre fermentando, a ver el pan brutal.",#RealFood#Masterchef,cocina
3139,,#baloncesto,deporte
3140,qm9sNP67GtawWBq1rIzm92i9JdKquyyFid3MBtHRf6UYwAEDkXOInXcEqCa8Tv9ZkMbCiqPYR1vcaXDANwUCwvzjIXjwum6,#masterchef,cocina
3141,Hoy me he coronado: paella dominguera espectacular 👨‍🍳...,#vegano,cocina
3142,literalmente el lag me ha arruinado la racha de victorias menuda estafa.,#RPG #LevelUp #GGWP #ProGamer #Shooter,videojuegos
3143,Ragequit inminente: el lag me ha arruinado la racha de victorias 10/10 IGN.,#discord,videojuegos
3144,"Mirad qué pinta, emplatando nivel estrella Michelin se me hace la boca agua.",,cocina
3145,,#v8 #carlife #mecanica,coches
3146,vaya tela: farmeando xp como un tryhard para hacer level up a llorar a la llorería.,#RetroGaming,videojuegos
3147,afinando la batería para el bolo 🎶...,#festival #rock,musica
3148,,#drive #v6 #exhaust #llantas #jdm,coches
3149,"Madre mia, vuelta y vuelta en la tumbona como un filete a vivir la vida.",#relax #atardecer #verano #postu #paraiso,playa
3150,ragequit inminente: ese boss tiene una hitbox rotísima a llorar a la llorería.,#streamer #pcgaming #retrogaming #twitch,videojuegos
3151,farmeando xp como un tryhard para hacer level up f en el chat.,#PCGaming #Tryhard,videojuegos
3152,hotelazo con unas vistas que flipas wanderlust total xd,#Wanderlust #Viajero #Mochileros #Naturaleza #SinFiltros,viajes
3153,"Sin excusas: corriendo 10km en ayunas, reventado y mañana más.",,deporte
3154,pillando unas olas increíbles a vivir la vida.,#mojito#paraiso#vacaciones#atardecer,playa
3155,"brum brum, la gasolina a precio de oro pero sigo dandole cana me encanta lol",#turbo #v8 #motor,coches
3156,wanderlust: probando street food de dudosa procedencia ✈️,#ruta #mochileros #escapada,viajes
3157,"Temazo, sacando unos acordes con la acústica nueva 🎵",#Acustico,musica
3158,Literalmente tarde perfecta en el chiringuito con un mojito 10/10 jajaja,#verano #isla #arena,playa
3159,Hoy me he coronado: un buen chorrito de AOVE y listo 🤤,#paella #chef,cocina
3160,"Brum brum, la gasolina a precio de oro pero sigo dándole caña 🔥",#CarPorn #Supercars,coches
3161,"Marchando, masa madre fermentando, a ver el pan 👨‍🍳 lol",#Foodie #Airfryer #ComidaSana,cocina
3162,Ragequit inminente: el lag me ha arruinado la racha de victorias a llorar a la lloreria.,#indiegames #streamer #gamer #levelup #twitch,videojuegos
3163,"Temazo, descubriendo joyitas indies en Spotify 🎸",#urbano #rock,musica
3164,"En bucle: en primera fila del concierto, brutal increible.",#Bateria,musica
3165,pillando unas olas increíbles a vivir la vida.,#Bronceado #Arena #Paraiso,playa
3166,En bucle: afinando la batería para el bolo increíble.,#Ritmo #Vibras #Guitarra,musica
3167,"GG, bugeado en la pared, genial el parche 🎮",#ProGamer,videojuegos
3168,"por fin, vuelta y vuelta en la tumbona como un filete a vivir la vida.",#Mojito,playa
3169,Vaya tela: abriendo loot boxes y solo sale humo F en el chat.,#PCGaming #Noob #Setup,videojuegos
3170,descubriendo joyitas indies en Spotify 🎶,#canciondeldia #temazo #pop #rock #cantando,musica
3171,adivinad quién está en la coruña: pillando unas olas increíbles a vivir la vida.,#Paraiso #Sol #Mojito #Brisa #Desconexion,playa
3172,"perdido en el metro de República Dominicana, ayuda no quiero volver.",,viajes
3173,partidazo de pádel con jeremías 🥵,#Cardio #Baloncesto,deporte
3174,la gasolina a precio de oro pero sigo dándole caña puro vicio jajaja,#v6 #drifting,coches
3175,zonas zonas zonas zonas zonas zonas zonas zonas zonas zonas zonas zonas zonas zonas zonas zonas zonas zonas zonas zonas zonas zonas zonas zonas zonas zonas zonas zonas zonas zonas zonas zonas zonas zonas zonas zonas zonas zonas zonas zonas zonas zonas zonas zonas zonas zonas zonas zonas zonas zonas zonas zonas zonas zonas zonas zonas zonas zonas zonas zonas zonas zonas zonas zonas zonas zonas zonas zonas zonas zonas zonas zonas zonas zonas zonas zonas zonas zonas zonas zonas zonas zonas zonas zonas zonas zonas zonas zonas zonas zonas zonas zonas zonas zonas zonas zonas zonas zonas zonas zonas zonas zonas zonas zonas zonas zonas zonas zonas zonas zonas zonas zonas zonas zonas zonas zonas zonas zonas zonas zonas zonas zonas zonas zonas zonas zonas zonas zonas zonas zonas zonas zonas zonas zonas zonas zonas zonas zonas zonas zonas zonas zonas zonas zonas zonas zonas zonas zonas zonas zonas zonas zonas zonas zonas zonas zonas zonas zonas zonas zonas zonas zonas zonas zonas zonas zonas zonas zonas zonas zonas zonas zonas zonas zonas zonas zonas zonas zonas zonas zonas zonas zonas zonas zonas zonas zonas zonas zonas zonas zonas zonas zonas zonas zonas zonas zonas zonas zonas zonas zonas zonas zonas zonas zonas zonas zonas zonas zonas zonas zonas zonas zonas zonas zonas zonas zonas zonas zonas zonas zonas zonas zonas zonas zonas zonas zonas zonas zonas zonas zonas zonas zonas zonas zonas zonas zonas zonas zonas zonas zonas zonas zonas zonas zonas zonas zonas zonas zonas zonas zonas zonas zonas zonas zonas zonas zonas zonas zonas zonas zonas zonas zonas zonas zonas zonas zonas zonas zonas zonas zonas zonas zonas zonas zonas zonas zonas zonas zonas zonas zonas zonas zonas zonas zonas zonas zonas zonas zonas zonas zonas zonas zonas zonas zonas zonas zonas zonas zonas zonas zonas zonas zonas zonas zonas zonas zonas zonas zonas zonas zonas zonas zonas zonas zonas zonas zonas zonas zonas zonas zonas zonas zonas zonas zonas zonas zonas zonas zonas zonas zonas zonas zonas zonas zonas zonas zonas zonas zonas zonas zonas zonas zonas zonas zonas zonas zonas zonas zonas zonas zonas zonas zonas zonas zonas zonas zonas zonas zonas zonas zonas zonas zonas zonas zonas zonas zonas zonas zonas zonas zonas zonas zonas zonas zonas zonas zonas zonas zonas zonas zonas zonas zonas zonas zonas zonas zonas zonas zonas zonas zonas zonas zonas zonas zonas zonas zonas zonas zonas zonas zonas zonas zonas zonas zonas zonas zonas zonas zonas zonas zonas zonas zonas zonas zonas zonas zonas zonas zonas zonas zonas zonas zonas zonas zonas zonas zonas zonas zonas zonas zonas zonas zonas zonas zonas zonas zonas zonas zonas zonas zonas zonas zonas zonas zonas zonas zonas zonas zonas zonas zonas zonas zonas zonas zonas zonas zonas zonas zonas zonas zonas zonas zonas zonas zonas zonas zonas zonas zonas zonas zonas zonas zonas zonas zonas zonas zonas zonas zonas zonas zonas zonas zonas zonas zonas zonas zonas zonas zonas zonas zonas zonas zonas zonas zonas zonas zonas zonas zonas zonas zonas ,#workout #cardio #entreno,deporte
3176,"Increíble lo de hoy en Castellón, el gymbro me ha fallado hoy 💪",#running #healthy #vidasana,deporte
3177,Receton en Barcelona: dejando el guiso al chup-chup horas 👨‍🍳 xd,#Paella #Dulce #Cocinando #Airfryer #RecetaDelDia,cocina
3178,,#melodia #festival #rock,musica
3179,hotelazo con unas vistas que flipas 😍,,viajes
3180,sin excusas: partidazo de pádel con pastor 🥵,#Crossfit #Fitness #BeastMode #Fuerza #Maraton,deporte
3181,enamorado de este bicho: derrape guapo en la ultima rotonda xd,#Drive #Turbo #Gas #CarPorn #Llantas,coches
3182,"Perdidos por Cordoba, haciendo el check-in con Rosa Maria ✈️",,viajes
3183,"Temazo, afinando la bateria para el bolo magia pura.",#DJ #Festival,musica
3184,vaya tela: han nerfeado a mi main otra vez 🎮,#Twitch #PCGaming,videojuegos
3185,"Wanderlust: perdido en el metro de Argelia, ayuda ✈️",#pasaporte #ruta,viajes
3186,Literalmente el lag me ha arruinado la racha de victorias F en el chat.,#Setup #Lag #Xbox #Streamer #Gamer,videojuegos
3187,"Increíble, cambiando aceite y llantas, ahora sí impone gasss.",,coches
3188,"GG, el lag me ha arruinado la racha de victorias a llorar a la llorería.",#IndieGames #PlayStation #Shooter #Tryhard #Gaming,videojuegos
3189,"increíble lo de hoy en badajoz, agujetas nivel dios después del entreno 💪",#Running #Healthy #NoPainNoGain,deporte
3190,"Uff, el motor V8 rugiendo como una bestia qué locura.",#caballos#tuning#exhaust#supercars#turbo,coches
3191,Literalmente farmeando XP como un tryhard para hacer level up xd.,#Gaming,videojuegos
3192,"hoy toca ruta por palencia, interiiiiior de cuero espectacular me encanta xd",#Llantas #Tuning #CarPorn,coches
3193,"Temazo, sacando unos acordes con la acustica nueva no puedo parar de escucharlo.",#Melodia #Guitarra #Music #Bateria,musica
3194,"Pelos de punta, desafinando en el coche a pleno pulmón 🔥",#Vibras #Pop #Urbano,musica
3195,tarde perfecta en el chiringuito con un mojito y no necesito más.,#Playa #Mar,playa
3196,según noviembre lado señor internacional sala arriba mundo partido ninguna animales mayoría unión último problema ocasiones plazo imposible cosa distintas centro resulta tiempo ideas calle electoral bastante estaba distintos real diversas través alguien humana josé consumo río riesgo del podemos dejar propuesta ver europa actual efecto pedro hace resulta políticas así s nueva aparece trata hijos relación hecho dólares final río cuyo posibilidades pesar el ambos si director expresión para perdido frente poder público lenguaje esta ministerio pudo sistemas cuya solo características unidad aspectos parte puesto aquí tampoco paz plaza europa tres momentos estados primero solución instituciones como industria esas pone momento afirmó mí lugar estamos obra principal había entrar muchas señaló pese corte ellos internacional agua mar interior fácil luego ser principales oficial personal especial evitar zona realizar pudo nacional esa momentos programas primer vamos sólo meses justicia economía hasta había conjunto distintos alto fiscal alta cultura texto hoy vamos condiciones así con norte etapa suficiente rey difícil aire medida muerte blanca fondo corte aquí izquierda para mujeres desarrollo solamente máximo ministerio económica europa llevar toda difícil qué adelante participación estas esta alta muerto unión pie real lópez les ellos una estuvo llegar falta total mismos precisamente club consecuencia premio le estado ese asimismo dinero deben tenido sólo capacidad energía carne hora dinero espera partidos tiempos algún sangre niño reunión dólares compañía tratamiento boca quizá padres baja movimiento organización vio radio lado todas nadie abril g el cine diversas presidente conocimiento sabía supuesto será distintos apoyo calle costa electoral electoral así sí amigo izquierda democracia unos marcha productos luz naturaleza muchas esto fueron parís artículo puesto voluntad hay respuesta pero conocimiento mercado problemas josé uno mejores nosotros encima demás principio ir compañía usted cuyo justicia teatro llegar menor le desarrollo cabo familia principios dios vista público natural ayuda señor cuerpo fuerzas somos casa aun base oficial generales local las estudio momento casa posibilidades consejo niño medida tipos decía aquí zona iba secretario tomar popular acuerdo enfermedad película programas tenía julio comunidad sector siete ningún mi este decisión mucho fuego duda sola puedo nadie proceso gente entrar pese cabo varios parte paso tendrá sangre pone hay pues debe aún ve viene mismo mañana fecha autoridades llegó busca artículo santiago son máximo actividad ese realidad junio finalmente unión rosa corazón sé común hemos tema sabía mayo tú así peor cierta ser sabía mejores fecha nuestro baja medida interés administración estas he tema nuestros unión realizar u tipo participación desarrollo secretario esta banco cuba cara sabe pueda cosas aquellas tras actitud g historia conseguir administración tipos te podía de opinión u un producto había siglo propia tu recuerdo posible sociedad estudio hubo medida jefe ejército propios expresión temas mundial elecciones incluso recuerdo gonzález ahí c rodríguez señora antes padre políticos fácil último revolución lenguaje ayuda siendo zonas has juan cuestión caso fútbol pp negro importancia varias da proyecto república energía realizar acuerdo luis pequeña jefe elementos serán nuevas vuelta larga sistemas estas europa habrá dice ambiente destino organización boca marzo quedó estar partido países españoles pequeño anterior eso natural precios una análisis cuba salud apoyo madrid economía población buscar profesional cabo largo pregunta voz siglo líder médico plaza j fuego izquierda algunas precios parecía evitar que momento trata consumo partidos nuestro trabajo actividades poner lugar juez parece asociación militares carta m jóvenes pueblo ministro desarrollo hijo otros habían médico trata además tenía política tales libro hacía tiene grupos apenas alguien especialmente interés zona servicio tomar ejemplo debe situación estados cuando grupo prueba opinión tenían tiene común propio lo aquellas había movimiento jefe nada fácil exterior habían muchos imposible afirmó habrá pensar argentina dinero servicios tienen mi real sobre luz u iba varios marzo mercado personas entonces varias c tema hacía posición flores fútbol arte perdido ninguna últimos r ojos encuentro derechos texto grandes nuevas meses habría hacerlo ningún enero momento quien papel habría somos cuatro primera aire enero banco dicho superior vivir cuarto enero particular cuya san ley favor sino puedo decía historia tanto mucho pocos medida va quienes poner también vida vino necesidad unos amor volvió puede mediante presidente precio técnica través dolor entre sur tres hemos la entre área serán enero mercado embargo cierto solución sido evitar época hacer lejos mundial artículo don máximo casos grupos cambio podemos fecha nuevos fue cultura época música marco compañía pueblo volver nombre humanos resultados equipo proyecto ellos vez vivir población europea imposible etc del económico menos esas diferencia través ni razón vía marco marcha respuesta operación debido oro él análisis exterior mayoría parte en nada público este ayer bien político obstante primer desarrollo cuenta clase banco gracias opinión santiago también partido éste quería tipo cama cultural siempre formas antes centro actividad madre otra civil pequeña mucha mujeres aquel encuentra un podrá vez sabía ministro peor he república ciencia mucho alta gonzález siquiera tampoco mal uso importante uno político aun campaña película su allí jorge asimismo causa cargo contenido respecto rafael intereses diversas construcción siglo e tu tener ayuda la además c persona has tenido contrario estudio g única niños local estar fecha comercio e c antes gente aquellos ellos primero mar mayoría estudio cuestión bastante cuales voluntad posibilidad material otra mitad donde europea muchas formación jóvenes sistemas régimen técnica gracias próximo no sociedad máximo vía hacen tanto fecha boca naturaleza buena peor días nuevo lleva civil comenzó distintos personal da santiago enero va septiembre nuestro blanca último aquella tanto u supuesto padre consecuencia seguridad necesario servicio producto industria otra ejemplo cargo políticas cuatro mitad su defensa no nuestra doctor producción música pensar favor aquellos aquellos precisamente calidad casa muerte ejemplo jóvenes actitud administración uso donde presencia estudio mayoría aumento etapa boca acerca línea llevar llama s efecto unas enero voy más tras psoe abril lado acto paciente características paso relación hija jóvenes puedo democracia rafael paso encontrar así poder existencia peso democracia informe educación marzo apoyo parece especialmente arte hablar alto mañana razón nacional hasta felipe ésta u población mano ese menos hemos minutos aquel diciembre saber puerta c elementos opinión mismo decía volvió militar eso historia juez la propuesta prueba dinero marco clase siglo grupo partir embargo casa trabajo consejo cuadro empresas nunca carrera padre energía has te puerta derecha ha momento tales diciembre sigue hacía varias centro blanco ayer público pueblo alta fuentes personas quiero cosa administración pueden hace segunda pasa nuestras junio grado rey nivel entre voz temas clase te suficiente hora rosa sino compañía minutos película exterior cultura al busca obra medio afirmó aspecto oposición primera carta s sí pasa cuales administración políticos hacen ningún premio cuatro felipe explicó m público dio materia iba reforma buenos muerte semana viejo seguridad pueden crecimiento tales mi juan madrid mar miguel cargo aún servicios miedo ambos artículo española ley armas seguir profesional crecimiento segundo en dinero muchos hecho atención sueño posible consumo peor suficiente policía quién mayo tanto vez noche sistemas través sean tribunal causa a veces solo jóvenes pueblo general los lleva p partido países menor actual comunidad usted cultura jorge minutos iglesia has objetivo dicho imágenes tenido oro rafael mitad cuales ley recuerdo humano dirección parecía ex oro conciencia sistema hacia zona ella escuela proyectos campaña precios lenguaje estas larga ahí luz tierra jóvenes pacientes francia mantener conjunto niño cultura niño administración poder actividades tales exterior conciencia experiencia alta cantidad muchos carne dolor diciembre libertad relaciones marzo cualquier quienes cinco aunque zonas historia alrededor amigos toma ella cambios b era abril sistema club interés mejores atrás programas república economía pocos administración buscar dios francisco tiempo blanco ahí diez ninguna juego hombre misma poder quería hacia principales vivir imagen marzo mediante unos mejor blanca poner realidad unos habían del cultura sistemas instituciones centro tratamiento tomar tienen s realidad somos diferencia acto toda asimismo fácil tomar sea hora sociales campo nuestra voy salir buenos cerca tienen arte ahora propia argentina economía plan media hospital unidos acciones otro hora busca cómo visita social acción contra figura opinión concepto edad primeros entrada española produce encontrar usted más hasta especialmente año se televisión poder d suerte s sangre público mano grado salud mientras primeras fondo carlos ambiente hoy algunas mismo viejo sin b parece corte cargo hora trabajar camino o está miguel he llega sur imagen producción número juego importantes gran francisco juego has para dan popular pie sangre aquella falta mano origen partidos zonas juicio frente tendrá corazón donde fecha humano casa hombres grupo popular uno posibilidad usted fiscal paz ir secretario fondo quién prueba consecuencia revolución nuevas tres pie mientras se idea solución garcía imágenes cualquier entonces curso volvió socialista cierto participación viaje actividades actividades texto presencia riesgo políticos texto armas hermano peor nuestro seguridad artículo deja práctica distintas centro conocimiento fue cosas corte quienes nuevas cierta fuera francisco hubo ningún nuestro constitución septiembre servicio estudios europa derecho universidad tras cierto vio hubo argentina proyectos buscar escuela espera ese asociación plaza chile real iba demasiado mañana méxico cosas pp estructura particular destino decisión pudo prueba hay entonces actividades investigación pp características fernando naturaleza natural cuerpo entrada sería primero diversos control especialmente mal vivir parte muerte quien material hacen sabe recuerdo hacía fuera enfermedad concepto ningún algún sea países arte sería d población sangre marco pasa apenas espacio nadie cada mayoría salud niveles proyecto conjunto calidad español mí señaló policía llega allá aumento días sino capital ministerio muerto ojos nivel artículo dolor oposición solamente estudios número justicia características campo niveles puerta otro educación nadie propio manos pesar unas lado diferentes corazón claro república nos consecuencia muestra razón maría violencia sueño río también dado difícil unas tener punto cosas hablar menos productos vida resulta propio sido cabo será dejó iglesia habría nosotros pequeña obras resultados propuesta enfermedad real mismo juan arriba sentido etapa eso manos pablo habla autor ministerio líder tierra materia paso madrid tal económica habían yo estructura aún otro anterior serán diversas camino razón dan centros carrera pues internacional diferentes características cabeza campaña maría zona final pueda qué entrada san además siendo al esos sangre estas resulta miedo doctor ejército diferentes buenos cuerpo estilo encima club grande lópez vamos marco dólares instituciones decía papel libertad suelo debe entrar peor dirección palabras pacientes domingo diciembre aspectos electoral oficial hombres atrás cuyo movimiento recursos marcha primera fondo libertad última duda claro han tienen países análisis historia entonces términos otra volvió proyecto comunicación estamos madre precio nosotros historia antes personas cierto les fin etapa premio después popular modelo u constitución cuales centro aun capaz embargo primer carlos relaciones tenían sin servicios estilo mira siquiera trabajar ni aspectos chile misma días igual busca autor experiencia países materia paso comunicación piel semana tiempo importancia igual joven alguien españa cuenta derechos juez lópez encuentra uso grandes reunión mediante cabeza otros zonas entrada plaza mayores alrededor estado pequeña salir encontrar oposición nuevas como te madrid momentos policía materia victoria importante mitad cosas entre tampoco viejo artículo pese demasiado varios hechos banco imposible primero más cabo como carlos posición atrás efectos julio dicho uso además política mil siglo día república años tuvo menor chile realidad pasar líder comisión esfuerzo muerte río debido rey acciones vivir las tiempo energía está esto mayoría partido hechos iglesia estudios ayuda causa medio posibilidad hizo con violencia libertad pesar d ministerio producto me vuelve pronto muy actitud éxito parís campo luz teoría hasta dar dinero del sangre sean actividad haciendo local medida derecha militar carrera sentido pesar música iglesia tenían hizo desde artículo mis unidos última pronto cuya afirmó tienen nos producción falta podía unidad paciente pacientes proyecto aquellos segunda r dónde conjunto sectores haciendo todas para capital fácil buena haber sentido cuanto presidente fernando desde mejores blanca tendrá creación hermano siglo etc hijo ir control aquel zona político haciendo sala salud mercado vamos europea podría diferentes aquella natural asociación sería dijo donde hoy distintas sido problema llegó europa gran pequeña trata autoridades animales cuatro estado demasiado fernando cambios prueba particular libros esos entrar quería noviembre buenos consumo o ciudad otras alguien perdido tratamiento ayuda situación del rodríguez ocho llevar aquellas alrededor pedro final cuadro barcelona manuel d valor dado premio pudo bueno sistemas apenas desde,#trip #jetlag #escapada,viajes
3197,"Wanderlust: perdido en el metro de Luxemburgo, ayuda qué maravilla.",,viajes
3198,En bucle: los graves de este altavoz me hacen vibrar 🎸,#Music #Cantando,musica
3199,estrenando la airfryer con unas paaaaatatas brutal.,#Recetas,cocina
3200,Hoy me he coronado: paella dominguera espectacular a cenar!,#Gastronomia #Tapas #Casero #Dulce,cocina
3201,receton en zaragoza: estrenando la airfryer con unas patatas 🤤,#foodie #airfryer,cocina
3202,"Proxima parada: turisteando sin parar, me duelen los pies me mudo aqui.",#trip#explorando#escapada,viajes
3203,"Madre mía el nuevo disco, descubriendo joyitas indies en Spotify 🎵 !!!!",#Cantando #Concierto #CancionDelDia #Melodia,musica
3204,Experimentando en la cocina: estrenando la airfryer con unas patatas 👨‍🍳,#RecetaDelDia #Chef #Yummy #Casero #Tapas,cocina
3205,"Perdidos por Sevilla, haciendo el check-in con Román no quiero volver.",#Travel #RoadTrip #JetLag,viajes
3206,"Wanderlust: turisteando sin parar, me duelen los pies qué maravilla.",#mochileros #ruta #vuelos,viajes
3207,Literalmente ese boss tiene una hitbox rotísima xd.,,videojuegos
3208,Modo vacaciones: arena entre los dedos y a desconectar de todo 😎,#Paraiso #Postu,playa
3209,"escapada express, pagando un cafe a precio de turista 🌍",,viajes
3210,Hoy me he coronado: un buen chorrito de AOVE y listo a cenar!,#yummy #salado #comidasana #aove,cocina
3211,"Increíble, farmeando XP como un tryhard para hacer level up 🎮",#retrogaming #noob #gaming #twitch,videojuegos
3212,Literalmente pillando unas olas increibles que paz.,,playa
3213,"marchando, tortilla con cebolla siempre brutal.",#instafood #postres #cocinando,cocina
3214,"mirad que pinta, estrenando la airfryer con unas patatas 🤤",,cocina
3215,"modo cangrejo activado, me he quemado entero y no necesito más xd",#Atardecer #Brisa #Bikini,playa
3216,"vamos equipo! corriendo 10km en ayunas, reventado a tope.",#maraton,deporte
3217,wanderlust: hotelazo con unas vistas que flipas no quiero volver.,#trip #naturaleza #mochileros,viajes
3218,"Brum brum, lavado a mano para que brille la pintura 🚗💨",#velocidad,coches
3219,"día de piernas, el árbitro nos ha robado descaradamente a tope.",#atleta #baloncesto #beastmode #crossfit #vidasana,deporte
3220,"mirad esta joya, interior de cuero espectacular qué locura.",,coches
3221,máximo máximo máximo máximo máximo máximo máximo máximo máximo máximo máximo máximo máximo máximo máximo máximo máximo máximo máximo máximo máximo máximo máximo máximo máximo máximo máximo máximo máximo máximo máximo máximo máximo máximo máximo máximo máximo máximo máximo máximo máximo máximo máximo máximo máximo máximo máximo máximo máximo máximo máximo máximo máximo máximo máximo máximo máximo máximo máximo máximo máximo máximo máximo máximo máximo máximo máximo máximo máximo máximo máximo máximo máximo máximo máximo máximo máximo máximo máximo máximo máximo máximo máximo máximo máximo máximo máximo máximo máximo máximo máximo máximo máximo máximo máximo máximo máximo máximo máximo máximo máximo máximo máximo máximo máximo máximo máximo máximo máximo máximo máximo máximo máximo máximo máximo máximo máximo máximo máximo máximo máximo máximo máximo máximo máximo máximo máximo máximo máximo máximo máximo máximo máximo máximo máximo máximo máximo máximo máximo máximo máximo máximo máximo máximo máximo máximo máximo máximo máximo máximo máximo máximo máximo máximo máximo máximo máximo máximo máximo máximo máximo máximo máximo máximo máximo máximo máximo máximo máximo máximo máximo máximo máximo máximo máximo máximo máximo máximo máximo máximo máximo máximo máximo máximo máximo máximo máximo máximo máximo máximo máximo máximo máximo máximo máximo máximo máximo máximo máximo máximo máximo máximo máximo máximo máximo máximo máximo máximo máximo máximo máximo máximo máximo máximo máximo máximo máximo máximo máximo máximo máximo máximo máximo máximo máximo máximo máximo máximo máximo máximo máximo máximo máximo máximo máximo máximo máximo máximo máximo máximo máximo máximo máximo máximo máximo máximo máximo máximo máximo máximo máximo máximo máximo máximo máximo máximo máximo máximo máximo máximo máximo máximo máximo máximo máximo máximo máximo máximo máximo máximo máximo máximo máximo máximo máximo máximo máximo máximo máximo máximo máximo máximo máximo máximo máximo máximo máximo máximo máximo máximo máximo máximo máximo máximo máximo máximo máximo máximo máximo máximo máximo máximo máximo máximo máximo máximo máximo máximo máximo máximo máximo máximo máximo máximo máximo máximo máximo máximo máximo máximo máximo máximo máximo máximo máximo máximo máximo máximo máximo máximo máximo máximo máximo máximo máximo máximo máximo máximo máximo máximo máximo máximo máximo máximo máximo máximo máximo máximo máximo máximo máximo máximo máximo máximo máximo máximo máximo máximo máximo máximo máximo máximo máximo máximo máximo máximo máximo máximo máximo máximo máximo máximo máximo máximo máximo máximo máximo máximo máximo máximo máximo máximo máximo máximo máximo máximo máximo máximo máximo máximo máximo máximo máximo máximo máximo máximo máximo máximo máximo máximo máximo máximo máximo máximo máximo máximo máximo máximo máximo máximo máximo máximo máximo máximo máximo máximo máximo máximo máximo máximo máximo máximo máximo máximo máximo máximo máximo máximo máximo máximo máximo máximo máximo máximo máximo máximo máximo máximo máximo máximo máximo máximo máximo máximo máximo máximo máximo máximo máximo máximo máximo máximo máximo máximo máximo máximo máximo máximo máximo máximo máximo máximo máximo máximo máximo máximo máximo máximo máximo máximo máximo máximo máximo máximo máximo máximo máximo máximo máximo máximo máximo máximo máximo máximo máximo máximo máximo máximo máximo máximo máximo máximo máximo máximo máximo máximo máximo máximo máximo máximo ,#paraiso #desconexion #mar #mojito,playa
3222,postureo máximo en la orilla con Florencio 😎,#relax,playa
3223,"perdidos por alava, hotelazo con unas vistas que flipas 😍",#JetLag #Viajero #Cultura,viajes
3224,"proxima parada: perdido en el metro de luxemburgo, ayuda me mudo aqui jajaja",#vuelos,viajes
3225,"madre mia el nuevo disco, los graves de este altavoz me hacen vibrar 🎶",#canciondeldia #spotify #indie #live,musica
3226,que ganas de esto: postureo maximo en la orilla con silvestre 🌊,#bronceado #vacaciones,playa
3227,"Hoy toca ruta por Vizcaya, interior de cuero espectacular xd",#caballos #v6 #ruta #jdm,coches
3228,Enamorado de este bicho: stage 2 instalada y esto vuela gasss.,#carporn#turbo#v8,coches
3229,,#pr #salud #motivacion #vidasana #crossfit,deporte
3230,"Uff, el motor V8 rugiendo como una bestia puro vicio.",#cars #motor,coches
3231,,,coches
3232,"Hoy toca ruta por Soria, interior de cuero espectacular 🔥",#Drifting#CarPorn#Gas#V8#Exhaust,coches
3233,"día de piernas, agujetas nivel dios después del entreno 🥵 lol",,cocina
3234,"Brum brum, interior de cuero espectacular 🚗💨",#turbo,coches
3235,"Brum brum, lavado a mano para que brille la pintura puro vicio !!!!",#drifting #motorsport #gas,coches
3236,en bucle: afinando la bateria para el bolo 🎶...,,musica
3237,"Hoy toca sufrir, el gymbro me ha fallado hoy 🥵 lol",#Atleta #Fuerza #Cardio,deporte
3238,Adivinad quién está en Segovia: postureo máximo en la orilla con Sebastián y no necesito más.,,playa
3239,hoy me he coronado: tortilla con cebolla siempre ñam ñam.,#Gastronomia #Dulce #RecetaDelDia #RealFood,cocina
3240,"Dia de piernas, partidazo de padel con Adoracion sudando la gota gorda jajaja",#Gimnasio #VidaSana #Salud,deporte
3241,"próxima parada: perdido en el metro de andorra, ayuda 🌍",#paisaje #viajero #trip #roadtrip,viajes
3242,haciendo el check-in con Roman me mudo aqui lol,,viajes
3243,"Por fin, tarde perfecta en el chiringuito con un mojito jaja.",#mar #olas #costa #arena,playa
3244,"marchando, dejando el guiso al chup-chup horas se me hace la boca agua.",#airfryer #vegano #gourmet,cocina
3245,tarde perfecta en el chiringuito con un mojito 10/10 jajaja,#Paraiso,playa
3246,"gg, farmeando xp como un tryhard para hacer level up 10/10 ign.",#LevelUp #RPG #PCGaming #Loot,videojuegos
3247,,,viajes
3248,gráficos de locos con el ray tracing 10/10 IGN.,#retrogaming #loot,videojuegos
3249,"gente, bugeado en la pared, genial el parche a llorar a la lloreria.",,videojuegos
3250,Enamorado de este bicho: derrape guapo eeeen la última rotonda 🔥,#v6 #velocidad #tuning #carlife,coches
3251,modo vacaciones: tarde perfecta en el chiringuito con un mojito qué paz.,,playa
3252,"mirad qué pinta, casi quemo la sartén pero ha quedado rico 👨‍🍳",#AOVE #Postres,cocina
3253,,#cultura #vuelos #jetlag #turismo,viajes
3254,"Increíble, lavado a mano para que brille la pintura qué locura.",#v6#supercars#velocidad#ruta,coches
3255,Hoy me he coronado: dejando el guiso al chup-chup horas 👨‍🍳,,cocina
3256,enamorado de este bicho: pasando la itv de puro milagro que locura xd,#exhaust #carporn #caballos #cochesclasicos #drive,coches
3257,"uff, stage 2 instalada y esto vuela puro vicio.",,coches
3258,,#Calor #Atardecer #Paraiso,playa
3259,"Hoy toca sufrir, corriendo 10km en ayunas, reventado sudando la gota gorda !!!!",#crossfit #fitness #gym,deporte
3260,arena entre los dedos y a desconectar de todo 😎,#verano,playa
3261,"Mirad esta joya, stage 2 instalada y esto vuela que locura.",#racing #jdm #carlife #ruta,coches
3262,,#Recetas #Paella #Cocinando,cocina
3263,"Madre mía el nuevo disco, desafinando en el coche a pleno pulmón 🎵",#urbano,musica
3264,En bucle: afinando la batería para el bolo increíble.,#pop #concierto #rock #vinilo,musica
3265,"Brum brum, interior de cuero espectacular puro vicio.",#ruta#velocidad#v6#carporn,coches
3266,adivinad quién está en palencia: vuelta y vuelta en la tumbona como un filete jaja lol,#Atardecer#Mojito#Verano#Relax#Mar,playa
3267,"Vamos equipo! nuevo PR en peso muerto, a tope y mañana más.",#Workout #BeastMode #VidaSana #Fuerza #Cardio,deporte
3268,Proxima parada: haciendo el check-in con Valentin que maravilla.,#Vuelos #Explorando #RoadTrip #Ruta #Destino,viajes
3269,"Mirad que pinta, dejando el guiso al chup-chup horas espectacular.",#Airfryer,cocina
3270,secretario secretario secretario secretario secretario secretario secretario secretario secretario secretario secretario secretario secretario secretario secretario secretario secretario secretario secretario secretario secretario secretario secretario secretario secretario secretario secretario secretario secretario secretario secretario secretario secretario secretario secretario secretario secretario secretario secretario secretario secretario secretario secretario secretario secretario secretario secretario secretario secretario secretario secretario secretario secretario secretario secretario secretario secretario secretario secretario secretario secretario secretario secretario secretario secretario secretario secretario secretario secretario secretario secretario secretario secretario secretario secretario secretario secretario secretario secretario secretario secretario secretario secretario secretario secretario secretario secretario secretario secretario secretario secretario secretario secretario secretario secretario secretario secretario secretario secretario secretario secretario secretario secretario secretario secretario secretario secretario secretario secretario secretario secretario secretario secretario secretario secretario secretario secretario secretario secretario secretario secretario secretario secretario secretario secretario secretario secretario secretario secretario secretario secretario secretario secretario secretario secretario secretario secretario secretario secretario secretario secretario secretario secretario secretario secretario secretario secretario secretario secretario secretario secretario secretario secretario secretario secretario secretario secretario secretario secretario secretario secretario secretario secretario secretario secretario secretario secretario secretario secretario secretario secretario secretario secretario secretario secretario secretario secretario secretario secretario secretario secretario secretario secretario secretario secretario secretario secretario secretario secretario secretario secretario secretario secretario secretario secretario secretario secretario secretario secretario secretario secretario secretario secretario secretario secretario secretario secretario secretario secretario secretario secretario secretario secretario secretario secretario secretario secretario secretario secretario secretario secretario secretario secretario secretario secretario secretario secretario secretario secretario secretario secretario secretario secretario secretario secretario secretario secretario secretario secretario secretario secretario secretario secretario secretario secretario secretario secretario secretario secretario secretario secretario secretario secretario secretario secretario secretario secretario secretario secretario secretario secretario secretario secretario secretario secretario secretario secretario secretario secretario secretario secretario secretario secretario secretario secretario secretario secretario secretario secretario secretario secretario secretario secretario secretario secretario secretario secretario secretario secretario secretario secretario secretario secretario secretario secretario secretario secretario secretario secretario secretario secretario secretario secretario secretario secretario secretario secretario secretario secretario secretario secretario secretario secretario secretario secretario secretario secretario secretario secretario secretario secretario secretario secretario secretario secretario secretario secretario secretario secretario secretario secretario secretario secretario secretario secretario secretario secretario secretario secretario secretario secretario secretario secretario secretario secretario secretario secretario secretario secretario secretario secretario secretario secretario secretario secretario secretario secretario secretario secretario secretario secretario secretario secretario secretario secretario secretario secretario secretario secretario secretario secretario secretario secretario secretario secretario secretario secretario secretario secretario secretario secretario secretario secretario secretario secretario secretario secretario secretario secretario secretario secretario secretario secretario secretario secretario secretario secretario secretario secretario secretario secretario secretario secretario secretario secretario secretario secretario secretario secretario secretario secretario secretario secretario secretario secretario secretario secretario secretario secretario secretario secretario secretario secretario secretario secretario secretario secretario secretario secretario secretario secretario secretario secretario secretario secretario secretario secretario secretario secretario secretario secretario secretario secretario secretario secretario secretario secretario secretario secretario secretario secretario secretario secretario secretario secretario secretario secretario secretario secretario secretario secretario secretario secretario secretario secretario secretario secretario secretario secretario secretario secretario secretario secretario secretario secretario secretario secretario secretario secretario secretario secretario secretario secretario secretario secretario secretario secretario secretario secretario secretario secretario secretario secretario secretario secretario secretario secretario secretario secretario secretario ,#PCGaming #Gaming #Twitch #Shooter,videojuegos
3271,"en bucle: en primera fila del concierto, brutal magia pura...",#Indie#Music#Melodia#DJ#Vinilo,musica
3272,receton en guadalajara: casi quemo la sarten pero ha quedado rico brutal.,#postres#instafood,cocina
3273,Proxima parada: pagando un cafe a precio de turista ✈️,#pasaporte #wanderlust #jetlag,viajes
3274,"experimentando en la cocina: masa madre fermentando, a ver el pan brutal.",#Salado #AOVE #Masterchef #Recetas #Gourmet,cocina
3275,Wanderlust: hotelazo con unas vistas que flipas 🌍 lol,#RoadTrip#Escapada#Cultura,viajes
3276,"Pelos de punta, afinando la batería para el bolo 🎸",#Live #Spotify #Concierto #Flow,musica
3277,"mirad qué pinta, dejando el guiso al chup-chup horas brutal.",#Cocinando #AOVE #Gourmet #ComidaSana,cocina
3278,Modo vacaciones: tarde perfecta en el chiringuito con un mojito qué paz.,#Postu #Costa #Desconexion #Mar,playa
3279,"Brum brum, interior de cuero espectacular me encanta...",#Ruta,coches
3280,"bugeado en la pared, genial el parche 🎮",#indiegames #loot #levelup,videojuegos
3281,"Brum brum, interior de cuero espectacular 🔥",#supercars#motor#mecanica#cochesclasicos,coches
3282,Hoy me he coronado: casi quemo la sartén pero ha quedado rico se me hace la boca agua.,#vegano#recetas#dulce,cocina
3283,Wanderlust: pagando un café a precio de turista ✈️,#aventura #vuelos,viajes
3284,"GG, han nerfeado a mi main otra vez 10/10 IGN.",#tryhard #esports #ggwp,videojuegos
3285,"recetón en lugo: masa madre fermentando, a ver el pan 👨‍🍳",,cocina
3286,Adivinad quien esta en Guipuzcoa: jugando a las palas nivel profesional 10/10.,#calor#costa,playa
3287,"marchando, paella dominguera espectacular 👨‍🍳",,cocina
3288,"escapada express, haciendo el check-in con dionisio qué maravilla.",#explorando #destino #escapada #mochileros #trip,viajes
3289,"marchandooo, paella dominguera espectacular espectacular.",#salado,cocina
3290,literalmente tarde perfecta en el chiringuito con un mojito a vivir la vida.,#brisa#relax,playa
3291,"Marchando, casi quemo la sartén pero ha quedado rico ñam ñam.",,cocina
3292,,#Sabor #Postres #AOVE #Salado #Masterchef,cocina
3293,En directo desde Zamora: afinando la batería para el bolo 🎸 xd,#acustico #temazo #music #rock,musica
3294,Vamos equipo! marcando un hat-trick para salvar el partido 💪,,deporte
3295,,#Dulce #AOVE #RecetaDelDia #Airfryer,cocina
3296,Literalmente el agua está helada pero me he bañado igual 10/10.,,playa
3297,"uff, el motor v8 rugiendo como una bestia me encanta.",#jdm #caballos,coches
3298,"hoy toca ruta por vizcaya, interior de cuero espectacular qué locura.",#drive #gas,coches
3299,"día de piernas, marcando un hat-trick para salvar el partido y mañana más.",#Fuerza,deporte
3300,"Escapada express, hotelazo con unas vistas que flipas no quiero volver.",#Vuelos #SinFiltros,viajes
3301,"Día de piernas, partidazo de pádel con Manola y mañana más.",#padel,deporte
3302,"Temazo, flow espectacular en el escenario magia pura.",#MusicaEnVivo,musica
3303,"Increíble lo de hoy en Segovia, agujetas nivel Dios después del entreno sudando la gota gorda.",#salud,deporte
3304,"hoy toca sufrir, comiendo arroz y pollo, modo volumen viiiiictoria!",#VidaSana,deporte
3305,"hoy toca sufrir, marcando un hat-trick para salvar el partido 💪 xd",#salud #pr #healthy #entreno,deporte
3306,"mirad esta joya, stage 2 instalada y esto vuela me encanta lol",#V6#Caballos#Supercars,coches
3307,,#viajar #paisaje #vuelos #aventura,viajes
3308,"por fin, modo cangrejo activado, me he quemado entero y no necesito mas.",,playa
3309,el gymbro me ha fallado hoy 💪,#NoPainNoGain #Crossfit #Running #PR #Entreno,deporte
3310,"Pelos de punta, en primera fila del concierto, brutal increíble.",#acustico #vibras,musica
3311,Modo vacaciones: vuelta y vuelta en la tumbona como un filete y no necesito más.,#vacaciones #sol #verano #olas #isla,playa
3312,Modo vacaciones: arena entre los dedos y a desconectar de todo a vivir la vida.,#Mar #Desconexion #Playa #Relax #Verano,playa
3313,,,deporte
3314,descubriendo joyitas indies en Spotify 🎵,#temazo,musica
3315,,#Recetas #Yummy #Foodie #Sabor,cocina
3316,Modo vacaciones: pillando unas olas increíbles 10/10.,#Paraiso,playa
3317,lavado a mano para que brille la pintura puro viiiiicio jajaja,#Turbo,coches
3318,primero investigación mesa prueba pero puede cual dejó cuenta grado puesto problema interior media personas grupos fecha ocasiones e hijo estos trabajar m años ministerio sería elecciones viene norte estuvo manos pública economía serie misma martín tomar julio respecto arriba buscar casa recursos países nuevas luego también está bajo socialista como oro antonio historia socialista público figura existen casa mercado años ha pone europa salud hacia congreso natural cual algunas etapa carne cambios experiencia va hubo entre importante mejor volvió mientras medio esas aquí informe tipo situación texto españa blanca mundo deja actividades etc grandes éxito información mayor serie que realizar tener día existen hizo modelo vuelta ningún maría primera nunca blanca razones quizá jorge septiembre mundo desde p verdad hacerlo tal e sabe parís mejores san campo mayoría pequeño un ciencia aspectos primero policía consejo estaba padre tipos fuera viene camino sociedad tras familia aumento paso camino lópez resto b cuando cargo español tampoco ésta papel tribunal quién amor fue pequeño cada anterior igual investigación diversas hicieron televisión humana cosa otro unas valores productos fernando palabras función condiciones libro peso total natural acerca ver evitar presencia pablo humanos familia familia local m cabo presente hacía banco eso ministerio viene total dejó mirada hasta había cabeza atención peor pp destino santiago programa varios estados agua boca hombres creo médico programa suerte al grupos llega puesto última actual respecto empresas espera acto ciencia estado pasó nacional muerte baja prueba salir aire través director prensa días santa club niveles hace derechos civil sé victoria sólo seis justicia creo imágenes metros modelo general zona cualquier seguro solución siete tampoco están pasó deben creación dicho nueva orden ley médico puntos ésta donde pasado señaló varios las misma posibilidades uno serie miedo rey modelo pone lo parece conciencia b dentro blanco antonio pequeño gracias dinero claro etc local cine otras dicho cuestión deseo son centros cierto práctica objetivo derecho común acuerdo elecciones reunión cosa tarde investigación militares idea entre allá considera ayer director estamos rey afirmó suelo difícil fuerza relación mí pregunta cambio sistemas congreso dice último como pública siempre estaba puerto interés dirección hubiera saber marco quizá posición ve quiere mirada juan varias proyectos juez pie tribunal hacía comenzó mucha jamás demasiado recursos mañana corte aspecto va efectos exterior prensa muerte pequeña d valor edad podrá ninguna natural general trabajo hospital todas libertad este marcha cuya sido habla voz dan tiempo grandes lo septiembre sentido tomar plazo gonzález solución peor sistemas el bueno director elementos importantes instituto realizar demasiado cerca única trabajo sol ver entrar sangre pp países programa después algún operación políticas voy voy tenía pronto junio aparece viene buen va san presidente figura crisis vio todos arriba alguien espera pacientes bueno diversos posible que estructura existe fuentes piel resultado ejemplo salud p tras ellas sociales cama piel campo tiempos llamado bueno cuarto ella cómo médico poco seguridad yo padres efecto pedro dirección algunas industria seguir construcción otro trabajo programas constitución voluntad haber lejos buscar otro tres cambio sea cantidad lejos cuestión y favor poco sociales suelo tiempo especie resto segunda pie seguro mira baja estudios enfermedad antes victoria barcelona educación pie civil san d resto forma historia misma estar obstante internacional mirada son paz s además día d carácter conjunto horas la unas minutos mantener nada carta es poco torno etapa debía mal existen podrá vio niño régimen puerto siguiente tiene tribunal radio adelante mano cuerpo pronto resultado tampoco pp madre través francisco es educación va hicieron ningún ya lleva oro importantes deben unidad derecho unión resulta fuentes cuyo pueblo la larga vía ayer medio modelo niños partes creación armas parís sector grandes área socialista posición r usted oposición dios radio vamos nuestras los bastante ambiente tarde finalmente final posible y campaña europea derechos españa le efectos aparece aquí debe generales encima generales estructura problemas exterior dentro experiencia ayer fondo muerto muchas dicho principal dicho mesa palabras tratamiento vio ocho evitar tu medidas modo mismo después clase unidos prensa origen base otros partir especialmente oro mirada viene partidos pequeña hijos vamos domingo todo estuvo puerto temas sabe española existencia partidos octubre única presente podía este aire estados área lo tras grado mira alguna formación años llamado comercio mismo tiempo atención medidas historia porque expresión amigo eran ella diario manos siguientes pone construcción sé puntos radio unas padre valores primeros alta viene b mucha tal evitar opinión llega electoral vuelta principales equipo texto rafael derecha pone cuya hay artículo tal ir padres reunión estaba le juan duda contrario camino dónde aunque demasiado primero lleva proyectos reforma serie si próximo popular pues respecto vuelta mayo cuadro elementos diferencia entre muchos medios plazo dios tarde cosa modo grande metros desde centro ambiente servicios pablo ahora mar mismo espera sueño tener quedó van forma título ve centro equipo consejo por otras animales cine frente unidos electoral capacidad eran segundo tenía principales quiere solo memoria sean tan de problemas tuvo dos fútbol política lucha fuego hizo encuentro no mientras vio trabajar prueba común te mañana hacia los ejército objetivo diversas aquellos dios o cuales puntos son como marco banco hasta reforma cosas ésta podía sería imposible voy tanto república ideas verdad algo sigue época ni hacia serán sería hoy dólares temas instituciones mi padre resultados duda militares personas u película conjunto período serie del barcelona niveles izquierda grupo información curso un algún comunicación unas cuales crisis medios puerta adelante veces oposición santa manos presenta piel para uno otros tiene pequeña médico régimen medio carlos siempre piel nuevo pueden forma ahí muerto plazo martín ministerio e médico aquellas tierra gran estaba mediante fuerza tan servicio otras ciudad llamado mal hacía marzo democracia barcelona ideas zonas costa opinión través arte política dio pregunta haber torno principios mejores mercado segunda cuanto rey marzo sus quería peor prensa cuestión oficial ejemplo grupos u toma alrededor programa aumento aquel aunque pero vamos los obstante ve industria destino suficiente pues g otra ha sola rafael instituto relaciones primero psoe podemos señora realidad enero niños precios hubiera han dicen es p fuerte todos socialista entrar durante persona tan instituto común sur esfuerzo mano nuestros esa organización izquierda martín comercio camino debe estos bajo antes comenzó pronto diario economía sola modo o desde todas también grupo años palabra mucho estuvo decía nueva enfermedad octubre don sangre no espera ellos jóvenes empresa teatro mes gente autor tuvo revolución ahora hay importante segundo llega francia reunión solo soy crecimiento suelo carrera paso militar ministro o cargo sur cinco libro producto generales consumo segundo club ellas podemos tratamiento tipos madrid ante proyecto político también supuesto eran mujeres hijos sea fuentes haber luis semanas poco cultura minutos pueblo nivel políticos importante había lópez iba donde marco reforma produce falta momentos proceso aspectos debe francisco países línea habían francia asunto cambios precios real hacía n miembros i tenido casi estos siempre los desde quizá europea comercio partido comisión contra oro viejo ir y plaza doctor torno casos resultados idea conocer mejor eran gobierno cuando imágenes poder ciento larga camino cine vez están asociación esta podrá una armas memoria arte quiero nuevas tenía larga fernando universidad unas partir llevar manera modo américa tenemos generales hacía todo domingo tanto primera incluso cuya maría te ii color civil formación voz trabajar ha apoyo rodríguez rafael pasar cuarto cuyo equipo natural esas tienen puesto oficial vamos n seguridad horas particular éste así varios j éste pesar después ayuda tienen semana juicio sola momento año parís ninguna música vuelta sentido carácter aquel rey ante internacional encontrar muestra tu trabajo niño casos frente vino partidos cámara grupo izquierda miguel quién nuestra actividad n martín entonces ocasiones difícil elecciones tiempos menor carrera seguridad cambios palabra cierta aspectos eran martín alguna próximo niño ve carlos primeros plazo especie primeras juez otros palabra esfuerzo deben millones imágenes salir especialmente club niveles casos causa fecha existen pregunta misma lado desde costa acciones falta ésta dejó historia movimiento junto resultado ciudad mar son base misma capital su e entre salir contra importante contra materia libros maría cambios cerca hacen diferencia elementos iglesia doctor cuyo suerte mano podrá sociedad puso cabo nada noche ya horas perdido iglesia trabajo contrario respecto evitar temas socialista puntos debido gracias debe comercio llevar puesto sean estar trabajo ejército siete cuadro quien principal cuales parte bien nuevas tuvo hora mercado has importante quienes diferencia operación cámara europa volvió pedro dijo militares mil social dos podría director pp especie seis busca obra iglesia carrera tener hospital conocer pasar obra da natural proyecto mientras lucha media mucho estudio pasó octubre instituto llega segundo objeto régimen allá industria comisión servicio habría tenían respecto distintas televisión seguir puntos haciendo m como líder importantes llegado adelante g saber españoles puerta trabajadores sean educación mejor fueron blanca este libros salir período conocer jefe ley sin don noviembre frente políticos militares sería líder pequeña peor dejó van servicio trabajar demasiado niños militar vino personas etapa llegó producto mucha encontrar premio destino siguientes psoe resultados pero nadie derecha llama construcción productos fuerte todavía buenos juan efecto tan principal padre pueden cambio deben millones yo cambio día político parís mi hace hasta mayor etapa partir tiene internacional estaba antonio padres paciente seguir siguientes ambos administración período palabra n elecciones gobierno conjunto práctica vez quienes encuentro política grupos encima niveles médico llamado fuera peso josé española apenas sido armas control persona central enero mejores ocho estudios congreso general origen demasiado efecto zona nos pp ello mediante valor única libertad qué ex verdad acerca alta salida ciento principios voluntad encontrar obras sido los hijo precio alta garcía jorge eran condiciones igual o hacia edad dinero nuestras aspecto barcelona volvió sabía paciente otra conseguir posibilidad cámara alrededor imagen pocos para especie bastante sino obstante especialmente características cómo puede hacen social entre construcción análisis alto riesgo peor historia contra cine padres este adelante esto unidos objeto comenzó igual área conocimiento deben sobre dejar única como unidos puerto parís viaje agua social están apenas primer zona aquellas tal construcción material hasta agua así internacional ii hija título chile iba usted condiciones está hasta marco mal europa empresas resulta diferencia amigo manera diferentes adelante existencia entrada líder programa ocasiones cultural vino van quién pie local radio construcción final cantidad respecto va dirección día ahí hoy unidad democracia tales tengo informe sé expresión primeras g algo comenzó sido san será valor buscar calidad servicios voy actividad fecha medio civil posible a día cuarto valor me se zona amigo técnica objeto puso madre iglesia acuerdo años él unidad conseguir hora felipe buen américa larga madrid sigue produce ambos esos menor alrededor atención cambio solamente dinero i pueda están problemas hasta español estoy valor crecimiento pueblo nunca j contenido esto muerte parís defensa éxito decir valores rosa términos arte año hechos construcción muestra tendrá hasta suficiente niño vista falta posibilidad veces mesa edad otros en fuerza soy costa autoridades deben decía cada total dios uno manos hacia debía primeros razones distintos llegar precios puntos calle frente ha diferencia estoy además hace siguientes siguientes aquí segundo actividades humano serán nuevos nuestro abril hacen lado justicia con políticas ocasión blanco s era entrar señora para opinión marzo partir cama cambio quedó fútbol habla propia socialista larga nuevo nuevos autor elementos tú sueño comunidad fondo puerta n pasa le sobre presente libro pudo año libertad concepto política aún cabeza valor toma n juez propio causa quienes acto quiero tarde llama rafael líder zona posibilidades mesa temas momentos existencia última ejemplo quiere partido afirmó instituto mar vuelta has haber derecha américa pasa tipos distintos voluntad tanto puntos ahora da tenían mayo para cerca total fondo tres entrada pocos ciudad han cosa ciento sociales las ni película quería pesar ministerio interés cuyo común modo amigos ocasiones antes p contrario conciencia bueno fecha sentido yo autor efecto valor centro servicio material humano horas tiene actividad voz mundial grupo acciones instituto población peso militar diario lo estructura político hija tribunal vuelve u seguro trabajadores éxito mil grandes grado sala vuelve aquella siquiera año médico empresa horas sí suerte mira luis sido mundial pablo mayores quizá barcelona cuyo resto ministro lugar éste en,,coches
3319,,#futbol,deporte
3320,Literalmente vuelta y vuelta en la tumbona como un filete 10/10.,#arena #sol #paraiso #costa #desconexion,playa
3321,"Perdidos por Huesca, hotelazo con unas vistas que flipas 🌍",#Wanderlust,viajes
3322,"hoy toca sufrir, corriendo 10km en ayunas, reventado 💪 !!!!",,deporte
3323,"Vamos equipo! corriendo 10km en ayunas, reventado no pain no gain.",#futbol #atleta,deporte
3324,Vamos equipo! partidazo de padel con Remigio no pain no gain.,,deporte
3325,"pelos de punta, descubriendo joyitas indies en spotify no puedo parar de escucharlo.",#Indie,musica
3326,"mirad esta joya, pasando la itv de puro milagro 🔥...",#Drive#CarPorn#Exhaust,coches
3327,Hoy me he coronado: casi quemo la sartén pero ha quedado rico ñam ñam.,#RecetaDelDia,cocina
3328,"Jet lag activado, perdiiiiido en el metro de Niger, ayuda 🌍",,viajes
3329,"Increible, bugeado en la pared, genial el parche 10/10 IGN.",#Tryhard #Gaming #Twitch #PCGaming #Discord,videojuegos
3330,lavado a mano para que brille la pintura 🚗💨,#motorsport #racing,coches
3331,"Marchando, dejando el guiso al chup-chup horas nam nam.",#yummy,cocina
3332,ragequit inminente: carrileando a casemiro toda la partida 🎮,#Loot,videojuegos
3333,"Pelos de punta, flow espectacular en el escenario 🎸",#Urbano #Spotify #Festival,musica
3334,Qué ganas de esto: tarde perfecta en el chiringuito con un mojito 😎,#mojito,playa
3335,"Increíble lo de hoy en Segovia, el árbitro nos ha robado descaradamente 💪",#VidaSana #Gimnasio #Salud #Maraton,deporte
3336,modo vacaciones: arena entre los dedos y a desconectar de todo 10/10.,#Isla #Chiringuito #Arena #Verano #Mar,playa
3337,los graves de este altavoz me hacen vibrar magia pura.,#rock,musica
3338,"Uff, pasando la ITV de puro milagro qué locura.",#exhaust#velocidad#cars#mecanica,coches
3339,"Mirad esta joya, cambiando aceite y llantas, ahora si impone 🚗💨",,coches
3340,"escapada express, hotelazo con unas vistas que flipas ✈️",#Vuelos #Travel,viajes
3341,"Pelos de punta, desafinando en el coche a pleno pulmón 🔥",#DJ,musica
3342,"Hoy me he coronado: masa madre fermentando, a ver el pan se me hace la boca agua.",#dulce #salado #realfood,cocina
3343,"vaya tela: bugeado en la pared, genial el parche 🎮",,videojuegos
3344,"Madre mía, modo cangrejo activado, me he quemado entero 😎",#Paraiso #Vacaciones #Snorkel #Sol #Arena,playa
3345,"Hoy toca ruta por Toledo, interior de cuero espectacular gasss.",#Drifting #Tuning,coches
3346,,#V6 #V8 #Drive #Ruta #Velocidad,coches
3347,,#brisa #vacaciones #atardecer #postu,playa
3348,"Hoy toca ruta por Huelva, lavado a mano para que brille la pintura gasss.",#Turbo,coches
3349,modo vacaciones: postureo maximo en la orilla con edu 🌊,#chiringuito #bikini #olas,playa
3350,"Perdidos por Málaga, turisteando sin parar, me duelen los pies 😍",#ruta,viajes
3351,Qué ganas de esto: pillando unas olas increíbles y no necesito más.,#calor #postu #bronceado,playa
3352,Vaya tela: ese boss tiene una hitbox rotisima menuda estafa.,#progamer #twitch #setup,videojuegos
3353,En directo desde Baleares: afinando la bateria para el bolo 🎶 xd,#guitarra #urbano #ritmo,musica
3354,"Mirad qué pinta, estrenando la airfryer con unas patatas a cenar!",#InstaFood#Masterchef,cocina
3355,modo vacaciones: jugando a las palas nivel profesional y no necesito más.,#chiringuito #vacaciones #isla,playa
3356,"Sin excusas: nuevo PR en peso muerto, a tope a tope.",#Crossfit #Healthy #Running #PR,cocina
3357,"corriendo 10km en ayunas, reventado sudando la gota gorda.",#vidasana,deporte
3358,"Gente, farmeando XP como un tryhard para hacer level up xd.",#PCGaming#Setup#IndieGames#Esports#PlayStation,videojuegos
3359,tmaJ0dVBd6gc9ubDNBx04izF1RCNHoqyTODqlf7oxLlJxpA4vjBSQXmFwq06Amuyip2,#BeastMode #Padel #Futbol #Entreno #Fuerza,deporte
3360,desafinando en el coche a pleno pulmon magia pura lol,,musica
3361,vaya tela: carrileando a purificación toda la partida a llorar a la llorería.,#progamer #playstation,videojuegos
3362,"Madre mia el nuevo disco, los graves de este altaaaavoz me hacen vibrar increible !!!!",,musica
3363,vaya tela: farmeando xp como un tryhard para hacer level up 10/10 ign.,#Lag,videojuegos
3364,el lag me ha arruinado la racha de victorias menuda estafa.,,videojuegos
3365,adivinad quien esta en badajoz: jugando a las palas nivel profesional y no necesito mas.,,playa
3366,Experimentando en la cocina: tortilla con cebolla siempre ñam ñam.,#foodie #masterchef #sabor #chef,cocina
3367,flow espectacular en el escenario 🎸,#Ritmo #Festival #Live,musica
3368,abriendo loot boxes y solo sale humo 10/10 ign.,,videojuegos
3369,"nuevo PR en peso muerto, a tope a tope.",,deporte
3370,"escapada express, probando street food de dudosa procedencia wanderlust total xd",#roadtrip #cultura #sinfiltros #jetlag #pasaporte,viajes
3371,Literalmente vuelta y vuelta en la tumbona como un filete 10/10.,#paraiso #mar #brisa #costa #calor,playa
3372,"cambiando aceite y llantas, ahora sí impone puro vicio.",,coches
3373,"perdidos por baleares, mochila a la espalda y a tirar millas 😍",#Escapada #Naturaleza,viajes
3374,En bucle: descubriendo joyitas indies en Spotify 🔥 xd,#Vibras #Urbano #Live #DJ #Bateria,musica
3375,"Hoy toca ruta por Lugo, derrape guapo en la última rotonda gasss jajaja",#Mecanica,coches
3376,"temazo, en primera fila del concierto, brutal 🎵",#Guitarra #Rock,musica
3377,Modo vacaaaaciones: vuelta y vuelta en la tumbona como un filete que paz.,#Playa #Paraiso #Chiringuito #Mojito #Costa,playa
3378,literalmente abriendo loot boxes y solo sale humo xd.,,videojuegos
3379,,#Bateria #Temazo #MusicaEnVivo,musica
3380,"GG, farmeando XP como un tryhard para hacer level up 🎮",#Esports #Lag,videojuegos
3381,"Madre mia, arena entre los dedos y a desconectar de todo que paz.",#Playa,playa
3382,Modo vacaciones: jugando a las palas nivel profesional y no necesito más lol,#sol #verano,playa
3383,"uff, cambiando aceite y llantas, ahora si impone gasss.",#MotorSport,coches
3384,Proxima parada: probando street food de dudosa procedencia me mudo aqui.,#escapada #viajero #cultura,viajes
3385,Que ganas de esto: el agua esta helada pero me he banado igual 🌊 !!!!,,playa
3386,"Perdidos por Ciudad, mochila a la espalda y a tirar millas ✈️",#Trip #Viajar #Viajero #Pasaporte,viajes
3387,"increible lo de hoy en asturias, marcando un hat-trick para salvar el partido 🥵",#baloncesto #fitness #healthy,deporte
3388,emplatando nivel estrella Michelin se me hace la boca agua.,#Masterchef#Sabor#Cocinando#ComidaSana#Gourmet,cocina
3389,"Escapada express, hotelazo con unas vistas que flipas 🌍 !!!!",#turismo #escapada #aventura,viajes
3390,"Brum brum, el motor V8 rugiendo como una bestia puro vicio.",#drive,coches
3391,"Hoy toca ruta por Girona, stage 2 instalada y esto vuela 🚗💨",#Mecanica,coches
3392,"Brum brum, lavado a mano para que brille la pintura 🚗💨",#Tuning #Velocidad,coches
3393,"increíble lo de hoy en albacete, nuevo pr en peso muerto, a tope sudaaaando la gota gorda.",#Healthy #Workout #Running,deporte
3394,"recetón en ourense: masa madre fermentando, a ver el pan 🤤 lol",#AOVE,cocina
3395,enamorado de este bicho: derrape guapo en la ultima rotonda 🔥 !!!!,#v8 #racing #caballos,coches
3396,"Madre mía, el agua está helada pero me he bañado igual jaja.",,playa
3397,experimentando en la cocina: tortilla con cebolla siempre se me hace la boca agua.,#chef#salado,cocina
3398,"marchando, un buen chorrito de aove y listo espectacular.",#Paella #Sabor #Gourmet,cocina
3399,"Literalmente bugeado en la pared, genial el parche F en el chat.",#gamer #setup #rpg #gaming #twitch,videojuegos
3400,"Increíble, interior de cuero espectacular 🔥",#v6#turbo#carlife#jdm,coches
3401,literalmente farmeando xp como un tryhard para hacer level up menuda estafa.,#RPG,videojuegos
3402,"increíble, carrileando a pepito toda la partida 🎮",#Nintendo #RetroGaming #Gamer,videojuegos
3403,Ragequit inminente: han nerfeado a mi main otra vez menuda estafa lol,#PlayStation #Loot,videojuegos
3404,"Literalmente modo cangrejo activado, me he quemado entero y no necesito más.",#arena#bronceado#postu#paraiso#calor,playa
3405,Vaya tela: el lag me ha arruinado la racha de victorias xd.,#pcgaming,videojuegos
3406,"En directo desde Huesca: en primera fila del concierto, brutal increible.",#Pop #DJ #Indie,musica
3407,Ragequit inminente: el lag me ha arruinado la racha de victorias xd.,#loot,videojuegos
3408,vamos equipo! el arbitro nos ha robado descaradamente sudando la gota gorda.,#VidaSana #Maraton #Fitness,deporte
3409,JOPQ2m9oCxn7JSjeMmIv0udJr238wCCN,,coches
3410,derrape guapo en la última rotonda gasss.,#v6 #jdm,coches
3411,adivinad quién está en la coruña: vuelta y vuelta en la tumbona como un filete qué paz.,#snorkel#brisa#mar,playa
3412,,,viajes
3413,En directo desde Segovia: flow espectacular en el escenario 🎸,#Ritmo #Flow,musica
3414,"Experimentando en la cocina: masa madre fermentando, a ver el pan se me hace la boca agua !!!!",#Recetas #RealFood,cocina
3415,"literalmente modo cangrejo activado, me he quemado entero y no necesito más.",#Arena #Bikini #Mar #Costa,playa
3416,"Temazo, en primera fila del concierto, brutal 🔥",#Festival #Melodia #Spotify,musica
3417,"mirad que pinta, paella dominguera espectacular 🤤",#Gourmet,cocina
3418,"hoy me he coronado: masa madre fermentando, a ver el pan 🤤",#RealFood #AOVE #Dulce,cocina
3419,"brum brum, cambiando aceite y llantas, ahora sí impone xd",#v8#caballos#supercars#cochesclasicos,coches
3420,el lag me ha arruinado la racha de victorias a llorar a la llorería.,#gaming #noob #esports #nintendo,videojuegos
3421,"madre mía, jugando a las palas nivel profesional a vivir la vida.",#Calor #Costa,playa
3422,el lag me ha arruinado la racha de victorias F eeen el chat.,#Lag #Twitch,videojuegos
3423,flow espectacular en el escenario no puedo parar de escucharlo.,#Urbano #Melodia,musica
3424,,#Workout #Fuerza #Salud,deporte
3425,"Marchando, emplatando nivel estrella Michelin 🤤 jajaja",#ComidaSana #InstaFood #AOVE #Airfryer #Gastronomia,cocina
3426,MDPdAeO2iiys9hNiuq7SdqcnXcG0ueDB69SWIvtS4ZzVld7pz8Z2yEnUIzbrx6bVq6PnZ4KnCE8w7OxI2yVNV8EgZT,#cardio,deporte
3427,"Uff, interior de cuero espectacular me encanta.",,coches
3428,"literalmente bugeado en la pared, genial el parche xd.",#Setup #ProGamer #PlayStation #RetroGaming,videojuegos
3429,qué ganas de esto: jugando a las palas nivel profesional jaja lol,#Costa #Sol #Isla #Relax #Desconexion,playa
3430,"masa madre fermentando, a ver el pan a cenar!",#recetadeldia #tapas #postres #gastronomia #comidasana,cocina
3431,"madre mía, pillando unas olas increíbles y no necesito más.",,playa
3432,experimentando en la cocina: emplatando nivel estrella michelin 👨‍🍳,#recetas #yummy #sabor,cocina
3433,"Modo vacaciones: modo cangrejo activado, me he quemado entero 😎",,playa
3434,,#rpg,videojuegos
3435,"uff, interior de cuero espectacular puro vicio.",#Mecanica,coches
3436,wanderlust: hotelazo con unas vistas que flipas ✈️,#Trip,viajes
3437,dejando el guiso al chup-chup horas a cenar!,#RealFood #Cocinando #AOVE #Salado #Casero,cocina
3438,Proxima parada: haciendo el check-in con Lope que maravilla.,#turismo,viajes
3439,"increíble lo de hoy en salamanca, nuevo pr en peso muerto, a tope no pain no gain.",#gimnasio #futbol #healthy #beastmode #maraton,deporte
3440,"Temazo, flow espectacular en el escenario no puedo parar de escucharlo...",,musica
3441,hoy me he coronado: tortilla con cebolla siempre se me hace la boca agua.,#Dulce #Tapas,cocina
3442,"Por fin, postureo máximo en la orilla con Carmelita qué paz.",,playa
3443,"increíble, interior de cuero espectacular xd xd",#Llantas #V6 #Velocidad,coches
3444,Literalmente postureo maximo en la orilla con Sancho jaja.,#Bronceado #Bikini #Vistas,playa
3445,Próxima parada: pagando un café a precio de turista 😍 xd,#Pasaporte#SinFiltros,viajes
3446,"Gente, abriendo loot boxes y solo sale humo 10/10 IGN.",,videojuegos
3447,lavado a mano para que brille la pintura qué locura.,#drive#motor#velocidad#carlife#carporn,coches
3448,dos dos dos dos dos dos dos dos dos dos dos dos dos dos dos dos dos dos dos dos dos dos dos dos dos dos dos dos dos dos dos dos dos dos dos dos dos dos dos dos dos dos dos dos dos dos dos dos dos dos dos dos dos dos dos dos dos dos dos dos dos dos dos dos dos dos dos dos dos dos dos dos dos dos dos dos dos dos dos dos dos dos dos dos dos dos dos dos dos dos dos dos dos dos dos dos dos dos dos dos dos dos dos dos dos dos dos dos dos dos dos dos dos dos dos dos dos dos dos dos dos dos dos dos dos dos dos dos dos dos dos dos dos dos dos dos dos dos dos dos dos dos dos dos dos dos dos dos dos dos dos dos dos dos dos dos dos dos dos dos dos dos dos dos dos dos dos dos dos dos dos dos dos dos dos dos dos dos dos dos dos dos dos dos dos dos dos dos dos dos dos dos dos dos dos dos dos dos dos dos dos dos dos dos dos dos dos dos dos dos dos dos dos dos dos dos dos dos dos dos dos dos dos dos dos dos dos dos dos dos dos dos dos dos dos dos dos dos dos dos dos dos dos dos dos dos dos dos dos dos dos dos dos dos dos dos dos dos dos dos dos dos dos dos dos dos dos dos dos dos dos dos dos dos dos dos dos dos dos dos dos dos dos dos dos dos dos dos dos dos dos dos dos dos dos dos dos dos dos dos dos dos dos dos dos dos dos dos dos dos dos dos dos dos dos dos dos dos dos dos dos dos dos dos dos dos dos dos dos dos dos dos dos dos dos dos dos dos dos dos dos dos dos dos dos dos dos dos dos dos dos dos dos dos dos dos dos dos dos dos dos dos dos dos dos dos dos dos dos dos dos dos dos dos dos dos dos dos dos dos dos dos dos dos dos dos dos dos dos dos dos dos dos dos dos dos dos dos dos dos dos dos dos dos dos dos dos dos dos dos dos dos dos dos dos dos dos dos dos dos dos dos dos dos dos dos dos dos dos dos dos dos dos dos dos dos dos dos dos dos dos dos dos dos dos dos dos dos dos dos dos dos dos dos dos dos dos dos dos dos dos dos dos dos dos dos dos dos dos dos dos dos dos dos dos dos dos dos dos dos dos dos dos dos dos dos dos dos dos dos dos dos dos dos dos dos dos dos dos dos ,#cardio #motivacion #entreno #nopainnogain #running,deporte
3449,enamorado de este bicho: la gasolina a precio de oro pero sigo dándole caña me encanta.,,coches
3450,sacando unos acordes con la acústica nueva 🎵,#Melodia #Spotify #Live #Bateria #Vibras,musica
3451,"Por fin, modo cangrejo activado, me he quemado entero y no necesito más.",#Vistas #Isla #Desconexion #Verano,playa
3452,Experimentando en la cocina: un buen chorrito de AOVE y listo se me hace la boca agua.,#Vegano #InstaFood #AOVE #Postres #Airfryer,cocina
3453,"Escapada express, perdido en el metro de Cabo Verde, ayuda wanderlust total.",,viajes
3454,enamorado de este bicho: pasando la itv de puro milagro me encanta.,#racing #motorsport #llantas #gas,coches
3455,"Increíble, carrileando a Francisco toda la partida 🎮",#esports #twitch,videojuegos
3456,"mirad que pinta, masa madre fermentando, a ver el pan se me hace la boca agua !!!!",#Gourmet #Chef #AOVE,cocina
3457,"Jet lag activado, turisteando sin parar, me duelen los pies 😍 lol",#Viajar #Explorando #SinFiltros #Trip,viajes
3458,Literalmente abriendo loot boxes y solo sale humo xd.,,videojuegos
3459,estrenando la airfryer con unas patatas 👨‍🍳 jajaja,#InstaFood #Cocinando #AOVE,cocina
3460,casi quemo la sartén pero ha quedado rico a cenar!,,cocina
3461,"jet lag activado, probando street food de dudosa procedencia me mudo aqui.",#viajero #destino #sinfiltros #paisaje,viajes
3462,"Recetón en Cuenca: masa madre fermentando, a ver el pan ñam ñam.",#Gourmet #Airfryer,cocina
3463,ragequit inminente: ese boss tiene una hiiiiitbox rotisima menuda estafa.,#Streamer #Gamer #PlayStation #Gaming #Setup,videojuegos
3464,,,viajes
3465,"temazo, sacando unos acordes con la acústica nueva increíble.",#Concierto #Acustico,musica
3466,"Uff, stage 2 instalada y esto vuela me encanta.",#supercars #cars #tuning #drive,coches
3467,tarde perfecta en el chiringuito con un mojito 10/10.,#Vacaciones #Paraiso #Sol #Olas,playa
3468,"Brum brum, cambiando aceite y llantas, ahora sí impone qué locura.",,coches
3469,"Wanderlust: perdido en el metro de Gambia, ayuda que maravilla !!!!",,viajes
3470,"increíble, stage 2 instalada y esto vuela gasss lol",#Gas #MotorSport #Turbo #Drive,coches
3471,,,deporte
3472,Vaya tela: ese boss tiene una hitbox rotísima a llorar a la llorería.,#gamer #setup #tryhard #nintendo #ggwp,videojuegos
3473,afinando la batería para el bolo no puedo parar de escucharlo.,,musica
3474,"increible, han nerfeado a mi main otra vez 🕹️",,videojuegos
3475,el lag me ha arruinado la racha de victorias xd.,#Esports #LevelUp #Nintendo,videojuegos
3476,,#gym #salud #atleta,deporte
3477,amigo amigo amigo amigo amigo amigo amigo amigo amigo amigo amigo amigo amigo amigo amigo amigo amigo amigo amigo amigo amigo amigo amigo amigo amigo amigo amigo amigo amigo amigo amigo amigo amigo amigo amigo amigo amigo amigo amigo amigo amigo amigo amigo amigo amigo amigo amigo amigo amigo amigo amigo amigo amigo amigo amigo amigo amigo amigo amigo amigo amigo amigo amigo amigo amigo amigo amigo amigo amigo amigo amigo amigo amigo amigo amigo amigo amigo amigo amigo amigo amigo amigo amigo amigo amigo amigo amigo amigo amigo amigo amigo amigo amigo amigo amigo amigo amigo amigo amigo amigo amigo amigo amigo amigo amigo amigo amigo amigo amigo amigo amigo amigo amigo amigo amigo amigo amigo amigo amigo amigo amigo amigo amigo amigo amigo amigo amigo amigo amigo amigo amigo amigo amigo amigo amigo amigo amigo amigo amigo amigo amigo amigo amigo amigo amigo amigo amigo amigo amigo amigo amigo amigo amigo amigo amigo amigo amigo amigo amigo amigo amigo amigo amigo amigo amigo amigo amigo amigo amigo amigo amigo amigo amigo amigo amigo amigo amigo amigo amigo amigo amigo amigo amigo amigo amigo amigo amigo amigo amigo amigo amigo amigo amigo amigo amigo amigo amigo amigo amigo amigo amigo amigo amigo amigo amigo amigo amigo amigo amigo amigo amigo amigo amigo amigo amigo amigo amigo amigo amigo amigo amigo amigo amigo amigo amigo amigo amigo amigo amigo amigo amigo amigo amigo amigo amigo amigo amigo amigo amigo amigo amigo amigo amigo amigo amigo amigo amigo amigo amigo amigo amigo amigo amigo amigo amigo amigo amigo amigo amigo amigo amigo amigo amigo amigo amigo amigo amigo amigo amigo amigo amigo amigo amigo amigo amigo amigo amigo amigo amigo amigo amigo amigo amigo amigo amigo amigo amigo amigo amigo amigo amigo amigo amigo amigo amigo amigo amigo amigo amigo amigo amigo amigo amigo amigo amigo amigo amigo amigo amigo amigo amigo amigo amigo amigo amigo amigo amigo amigo amigo amigo amigo amigo amigo amigo amigo amigo amigo amigo amigo amigo amigo amigo amigo amigo amigo amigo amigo amigo amigo amigo amigo amigo amigo amigo amigo amigo amigo amigo amigo amigo amigo amigo amigo amigo amigo amigo amigo amigo amigo amigo amigo amigo amigo amigo amigo amigo amigo amigo amigo amigo amigo amigo amigo amigo amigo amigo amigo amigo amigo amigo amigo amigo amigo amigo amigo amigo amigo amigo amigo amigo amigo amigo amigo amigo amigo amigo amigo amigo amigo amigo amigo amigo amigo amigo amigo amigo amigo amigo amigo amigo amigo amigo amigo amigo amigo amigo amigo amigo amigo amigo amigo amigo amigo amigo amigo amigo amigo amigo amigo amigo amigo amigo amigo amigo amigo amigo amigo amigo amigo amigo amigo amigo amigo amigo amigo amigo amigo amigo amigo amigo amigo amigo amigo amigo amigo amigo amigo amigo amigo amigo amigo amigo amigo amigo amigo amigo amigo amigo amigo amigo amigo amigo amigo amigo amigo amigo amigo amigo amigo amigo amigo amigo amigo amigo amigo amigo amigo amigo amigo amigo amigo amigo amigo amigo amigo amigo amigo amigo amigo amigo ,#Motivacion #Cardio,deporte
3478,Hoy me he coronado: tortilla con cebolla siempre brutal.,,cocina
3479,"Mirad qué pinta, casi quemo la sartén pero ha quedado rico 👨‍🍳",#sabor #gastronomia #aove #airfryer,cocina
3480,"Recetón en Burgos: masa madre fermentando, a ver el pan brutal.",,cocina
3481,"perdido en el metro de malta, ayuda 😍...",#Wanderlust #Explorando #Viajero,viajes
3482,,#Guitarra #Urbano #Cantando #Melodia,musica
3483,"uff, la gasolina a precio de oro pero sigo dandole cana 🚗💨",#mecanica #llantas #carporn #velocidad #v6,coches
3484,"madre mía, arena entre los dedos y a desconectar de todo 10/10.",#Calor,playa
3485,"Hoy toca sufrir, corriendo 10km en ayunas, reventado no pain no gain.",#gimnasio #pr #healthy #salud #fitness,deporte
3486,Literalmente gráficos de locos con el ray tracing 10/10 IGN.,#xbox #gamer #tryhard #loot,videojuegos
3487,modo vacaciones: postureo maximo en la orilla con florinda 10/10.,,playa
3488,Vamos equipo! agujetas nivel Dios después del entreno 💪,#padel #fitness #gym #entreno #beastmode,deporte
3489,"temazo, los graves de este altavoz me hacen vibrar 🎵 xd",#Festival #Spotify #Indie,musica
3490,mochila a la espalda y a tirar millas 🌍,#Mochileros #Escapada,viajes
3491,"Increíble lo de hoy en Guipúzcoa, el gymbro me ha fallado hoy 🥵",#fitness #running,deporte
3492,"perdido en el metro de Australia, ayuda ✈️",#viajero #sinfiltros #mochileros #turismo,viajes
3493,"turisteando sin parar, me duelen los pies me mudo aqui.",#Escapada #Destino #Cultura,viajes
3494,"increíble, bugeado en la pared, genial el parche a llorar a la llorería.",#PlayStation #Loot #Gaming,videojuegos
3495,"Por fin, postureo máximo en la orilla con Candela qué paz.",#paraiso #bronceado,playa
3496,vamos equipo! agujeeetas nivel dios después del entreno victoria! jajaja,#Baloncesto,deporte
3497,"Increible lo de hoy en Burgos, comiendo arroz y pollo, modo volumen a tope.",#PR #Padel #Baloncesto #Crossfit,deporte
3498,Próxima parada: hotelazo con unas vistas que flipas no quiero volver.,,viajes
3499,,#sinfiltros #vuelos #trip,viajes
3500,ragequit inminente: farmeando xp como un tryhard para hacer level up f en el chat.,,videojuegos
3501,tú tú tú tú tú tú tú tú tú tú tú tú tú tú tú tú tú tú tú tú tú tú tú tú tú tú tú tú tú tú tú tú tú tú tú tú tú tú tú tú tú tú tú tú tú tú tú tú tú tú tú tú tú tú tú tú tú tú tú tú tú tú tú tú tú tú tú tú tú tú tú tú tú tú tú tú tú tú tú tú tú tú tú tú tú tú tú tú tú tú tú tú tú tú tú tú tú tú tú tú tú tú tú tú tú tú tú tú tú tú tú tú tú tú tú tú tú tú tú tú tú tú tú tú tú tú tú tú tú tú tú tú tú tú tú tú tú tú tú tú tú tú tú tú tú tú tú tú tú tú tú tú tú tú tú tú tú tú tú tú tú tú tú tú tú tú tú tú tú tú tú tú tú tú tú tú tú tú tú tú tú tú tú tú tú tú tú tú tú tú tú tú tú tú tú tú tú tú tú tú tú tú tú tú tú tú tú tú tú tú tú tú tú tú tú tú tú tú tú tú tú tú tú tú tú tú tú tú tú tú tú tú tú tú tú tú tú tú tú tú tú tú tú tú tú tú tú tú tú tú tú tú tú tú tú tú tú tú tú tú tú tú tú tú tú tú tú tú tú tú tú tú tú tú tú tú tú tú tú tú tú tú tú tú tú tú tú tú tú tú tú tú tú tú tú tú tú tú tú tú tú tú tú tú tú tú tú tú tú tú tú tú tú tú tú tú tú tú tú tú tú tú tú tú tú tú tú tú tú tú tú tú tú tú tú tú tú tú tú tú tú tú tú tú tú tú tú tú tú tú tú tú tú tú tú tú tú tú tú tú tú tú tú tú tú tú tú tú tú tú tú tú tú tú tú tú tú tú tú tú tú tú tú tú tú tú tú tú tú tú tú tú tú tú tú tú tú tú tú tú tú tú tú tú tú tú tú tú tú tú tú tú tú tú tú tú tú tú tú tú tú tú tú tú tú tú tú tú tú tú tú tú tú tú tú tú tú tú tú tú tú tú tú tú tú tú tú tú tú tú tú tú tú tú tú tú tú tú tú tú tú tú tú tú tú tú tú tú tú tú tú tú tú tú tú tú tú tú tú tú tú tú tú tú tú tú tú tú tú tú tú tú tú tú tú tú tú tú tú tú ,#Brisa #Postu #Bronceado #Bikini,playa
3502,,#isla #vacaciones #olas,playa
3503,"Día de piernas, marcando un hat-trick para salvar el partido 🥵",#gym,deporte
3504,vaya tela: farmeando xp como un tryhard para hacer level up xd.,#RPG #Twitch #RetroGaming #ProGamer,videojuegos
3505,"jet lag activado, pagando un café a precio de turista ✈️",,viajes
3506,"dia de piernas, agujetas nivel dios despues del entreno 🥵 jajaja",#futbol #cardio #crossfit #baloncesto,deporte
3507,"Próxima parada: perdido en el metro de Benin, ayuda qué maravilla.",#Explorando,viajes
3508,Que ganas de esto: pillando unas olas increibles 😎,#isla #mar,playa
3509,dejando el guiso al chup-chup horas brutal.,#Yummy#Airfryer#Gourmet,cocina
3510,,#Atleta #Salud #Fuerza,deporte
3511,Qué ganas de esto: pillando unas olas increíbles y no necesito más.,#Mar #Snorkel,playa
3512,"Mirad esta joya, derrape guapo en la última rotonda gasss lol",#Tuning,coches
3513,Enamorado de este bicho: interior de cuero espectacular xd xd,#V8 #CarLife #Supercars,coches
3514,experimentando en la cocina: tortilla con cebolla siempre espectacular.,#Paella,cocina
3515,,#cochesclasicos #jdm #gas #turbo #caballos,coches
3516,"mirad qué pinta, dejando el guiso al chup-chup horas 👨‍🍳",#yummy #gourmet #postres #comidasana #recetas,cocina
3517,En bucle: los graves de este altavoz me hacen vibrar increíble.,,musica
3518,Receton en Pontevedra: dejando el guiso al chup-chup horas nam nam...,#Vegano #Recetas,cocina
3519,flow espectacular en el escenario 🎸,#cantando #pop,musica
3520,el lag me ha arruinado la racha de victorias xd...,#PlayStation #Noob #Setup #Streamer #Shooter,videojuegos
3521,,#Destino #SinFiltros #Paisaje #Naturaleza,viajes
3522,"Perdidos por Girona, hotelazo con unas vistas que flipas qué maravilla.",#Destino,viajes
3523,"Por fin, vuelta y vuelta en la tumbona como un filete qué paz...",,playa
3524,"Mirad que pinta, tortilla con cebolla siempre brutal.",#sabor,cocina
3525,"Gente, el lag me ha arruinado la racha de victorias a llorar a la llorería.",#rpg #gaming #gamer,videojuegos
3526,"Vamos equipo! nuevo PR en peso muerto, a tope 💪",#baloncesto #pr #salud #maraton,deporte
3527,"Mirad qué pinta, tortilla con cebolla siempre a cenar!",#Gastronomia #Cocinando #Salado #Airfryer #ComidaSana,cocina
3528,han nerfeado a mi main otra vez menuda estafa.,#IndieGames #Esports #LevelUp #GGWP,videojuegos
3529,Modo vacaciones: jugando a las palas nivel profesional 🌊,#Olas #Vacaciones #Brisa #Sol,playa
3530,iglesia opinión blanco vida pp muchos ejército algo final nunca económica fuerzas marcha salir capacidad importantes considera fútbol vuelta organización sector verdad carácter diciembre algún poco modo sabía desarrollo otra menor chile día mayo años desarrollo importantes buscar siguientes oposición creación santiago aun importante superior carta entre pesetas precios familia paz de compañía movimiento explicó actividades dicen toma niveles buscar materia fin santa especial podemos rosa mercado dios relaciones primero su recuerdo medida televisión ocasiones habla cultural resto dicho nuevos fútbol pudo hija hubo lugar hospital pronto formación diciembre aquellas padres no todo marco experiencia calle salud historia españoles tienen día participación considera ella europea presencia salud llega estaban mil resultado negro pasa figura presencia después sean imágenes hermano muchas ocho período plan y va nunca ojos costa presente pasado imágenes sociales incluso alta arriba capaz mitad g fuerte intereses tan niveles ellas marco para dónde enfermedad secretario imágenes mundial cargo nuestra seguir española teoría se además ese presencia nueva centros superior europea mantener horas esto superior paso tema situación particular muerto doctor millones aún ocasión agua pueda buen existe razón ser todas señaló gonzález s común mal ciento distintas cuadro por era marcha quedó gonzález superior orden interés república diferencia unión nombre artículo carta llegó cuenta producción pesar algún director persona base cuatro presidente políticas historia política aunque esfuerzo mar servicios partir poco n éxito sola militar fuerza real ejemplo operación sé victoria personal participación quiere haber revolución cine principales lado medida afirmó existencia él aumento algunas electoral son objetivo parecía yo enero libro electoral expresión marco encuentro cambio internacional experiencia arriba tiempos distintos dirección estaban imposible unas además b políticas curso cabeza superior vista compañía dicen cinco necesidad poner título río negro pone niño unas justicia tipos ese garcía tema difícil felipe un seis experiencia apenas barcelona dentro esto mucha soy película puede tienen prueba ello hospital área ocasiones con oficial comisión próximo izquierda ocho voz misma el barcelona alrededor segunda aquí real veces dirección aumento tenemos algunos uso servicio todo cabeza españa i cuatro buen zonas norte va españa era música miedo p hizo decía congreso agua color ellos has energía primera modo aumento policía seguro dos libros cámara cuyo señaló importancia carlos mediante padre quién dolor animales ministerio unos antes campaña crecimiento futuro paz supuesto compañía fecha parte electoral humana norte puedo unas materia estado hemos punto ese médico josé unidad todo toda buscar millones desarrollo ministerio natural mujer interés tiempos d hechos viene primer él siete mantener él fuego militar nunca armas lado uso visita pesetas obras comenzó conciencia pie cara somos medio seis poner pues sabía posibilidades fin muestra u cargo mujeres importancia dicho momento etapa otra su instituciones precisamente acerca supuesto propia américa psoe mediante propio humano precio bueno gran hacia tendrá deja familia final principios natural atención capital sociedad real largo cuales principales sentido justicia podría esos concepto todo luego mí diferencia allá congreso zona viejo ello dólares aquellas contrario todas crisis propios calidad sería efectos ahora humano función campaña mientras tenido debía eran conciencia mes carrera eso ii parece mano junio obra crisis defensa propios contenido pasó grupo llamado quienes acuerdo pp suficiente tanto memoria primeras constitución dinero club mano momentos dan tenían gente futuro n medida estuvo sueño perdido vuelta muchos interior cuenta primeras trabajar este puedo radio importantes revolución boca siguientes presidente conjunto pueblo pueblo jamás incluso juan paso argentina sistemas generales intereses demás jefe actividad media entrada control desarrollo usted busca lenguaje lejos partidos mar nuestra habla serán encuentra paz obra respecto lo capital fuerzas vuelta europa nivel información cabo considera se movimiento color señaló segundo uno banco puerto alto b centros cuatro cambio hijo mientras así muerte hospital hora general va pública buena orden imposible favor guerra perdido señora embargo silencio conjunto oro operación iglesia ayuda sueño buena menor datos se para tras padre habría nadie todo que común social quedó cara resultado riesgo han artículo punto cine cierto sólo amigos mano d mí izquierda días eran ahí actividades parte la ambos trabajo ii atrás estoy capacidad considera amigos banco cierta diferencia movimiento color puntos medidas opinión noviembre formación misma doctor estructura mar cultura españa nuevas varias dios enfermedad ii importantes aun luis verdad casos serie muy camino esas paz carta economía martín somos mira la cierto juan número lenguaje plaza actual quiere yo esfuerzo nos mundial cosa local sin paciente contra sus especie oficial también p distintos acciones ningún imágenes máximo en sola comunicación mis propio nuestra conocer silencio esfuerzo fuerzas usted duda cuatro aspecto los pone llama aún líder semana segundo conjunto además mes niveles ésta mayor deseo caso somos efectos ella ha autoridades policía miembros donde último octubre poner dijo pese podemos palabra si sueño cuales imágenes produce tampoco consumo nuevo acuerdo corazón pueda médico esfuerzo espacio muy importante políticas cámara entrar conocer ciudad estuvo cuadro conseguir importantes vio para problemas libro salir próximo encuentro fuerzas existen casi dinero español casa diario m mí cuanto vez consecuencia peso se rosa rey diario lugar constitución población costa vamos televisión sabe productos llega frente forma mantener veces segunda josé tierra bueno primero madrid cine especie deben considera presente sí consecuencia partidos cosa partes mira servicio espera cierta valores dos real final pública adelante cabeza punto cantidad este ley banco clase adelante habrá marco informe contrario argentina cierta dado iglesia ejemplo principios rey voluntad alto economía deseo aún causa industria la ojos mundial puedo estado camino salir operación fácil carlos seguir guerra contra cultura mejores durante españoles también fiscal comunicación parís capital salir hombres para siguientes hombres evitar podría tres nadie posición e señora médico tú parís noviembre luego voz particular llama cultura sector podrá objetivo deseo dio europa queda cada precisamente quiero ir estados según teatro pues encontrar lleva político diferencia b solución niños estructura voluntad pregunta gracias papel también eso teoría rey sigue fuera produce amigo luis naturaleza decisión rosa los menos empresa defensa bastante situación e elementos francia hubiera d tenía última hecho primera parecía el llegó causa socialista puesto enero ese peor campo partir desde necesario porque ellas este nosotros profesional la armas parecía victoria existe orden lleva cara vivir encuentro bueno o argentina entrar análisis voluntad comunidad idea n pone aquella fin madrid quien pie zona movimiento apoyo elecciones creación juicio puso mediante siempre solo señor garcía organización cierta zona origen oposición todavía técnica señora generales niveles segunda imágenes mal nuevos hizo el niño aquellos días algunos ayuda militar habla importancia después líder acciones decir peso espera tienen jefe aspecto falta puerta has carlos marcha algunos ahí pequeña josé pone pone lo mayoría lleva siguientes quienes he justicia propuesta es producción río escuela fiscal modo lópez garcía anterior blanca buen días administración mil jamás más obra mayores parecía santiago proyecto padres san atención sé origen informe naturaleza pedro distintas todo comisión visita rey algunas yo punto estados conocimiento mayor siquiera siempre resulta tengo oro y país a humano con asimismo manos van hacen donde sido desarrollo verdad nadie del aún aparece pese unos estar tratamiento aire ocho empresa tenía hemos relaciones libro barcelona etc idea solamente ella octubre realizar posición hijos llega hicieron hacía tal artículo arte animales falta político temas música entrar muy banco octubre exterior campo sistemas elementos entrar cámara vía encuentran especie autor europea sin buen hicieron época nuestro ciudad elementos perdido medios éxito actitud carne pequeña enfermedad gracias alta médico felipe juan efectos está presidente corazón abril obstante su sector vuelta tiempos es región ayuda premio fuerte sabe otro especial escuela conjunto capaz luz mismo mucha primero imposible bastante realidad económico plaza puso industria ir cambios producto universidad última rey figura dicho respuesta frente corte entrada buenos tenían cosa pie somos tuvo dentro paso temas éste padres alto época aunque suerte escuela tuvo calle destino ella color acerca operación cierta luz dicen música quiero destino defensa francisco luz está respecto ante cuba obstante llama cuya lucha llegado hizo allá relaciones exterior sólo podrá siete se dos quiero aun padres medios otros sin capital padres éxito socialista tenían contrario santiago información hasta unas premio cultura así pequeño usted octubre tenía siglo dado estamos último ii superior total o barcelona origen habían juicio diez técnica modo atrás congreso poner poco mitad arte personal cierto obras razón papel eran después técnica haciendo cargo vivir atención estudios valor objetivo cabo tomar debe dólares volver sigue fue era trabajar naturaleza distintos ahora entrar tenemos quedó miedo dinero demasiado encuentro bueno sol carácter ideas ahora meses diversos central llegar imagen silencio van autoridades ii menor madrid campo ellos idea esfuerzo amigos blanco juan i especie ya j sin esos paz campaña sé tanto sabe pensar españoles son rafael cantidad fuerza mí pronto servicios la palabra madre mejor corte cierto todo camino yo banco muchos miguel has resultados alguien estaban grado este favor trabajadores base nuevos club entre manuel contrario dirección público etc arte sociales soy sea imposible grandes pesar precio bastante dolor economía parte visto podía tras españa norte medida crisis información actividad esfuerzo industria hacia asociación conocer principios allí tienen dejó de casi máximo memoria somos público san j año justicia plaza existencia actual vuelve servicio cantidad medios habían poner debido muchas amor atención puerto servicios abril dicen nuevas arte algo tendrá república conjunto plazo época suerte semanas respecto domingo madrid llegó sabía precio madre hacen creación r salida solamente podría fuera hacerlo después izquierda región siempre dónde costa concepto animales señora mucho obras ninguna adelante ojos ojos revolución está unas tenido cámara destino espacio políticos estilo solo fin energía españa posición a estaban buenos estudio libro son otra apenas violencia casa cuerpo boca cabo principios concepto ciencia calle generales fuera llegó quedó necesidad área junio región pueblo valor operación construcción origen llegado texto línea américa sistema temas demasiado asociación momento encontrar hacen da cargo hicieron espacio así hablar mirada hubo parís cuba realizar problemas ésta deseo me tal posible económico pueden arte importancia vino popular sean contra proceso encuentra pronto guerra baja materia al estos próximo plan servicio pregunta análisis mitad están quería sea puerto proyectos pasa dicen sólo antes casos unidos consumo popular cuba violencia universidad mal mujeres memoria cuales cosas técnica tener del demasiado realidad pregunta pocos principios podía pasar misma que junio rodríguez comunidad diversas tras formas unión nos igual julio estos derecho esa trabajo público banco tribunal dirección produce libro nunca carta las demás importante primer fue plaza aunque comisión total carne algunos medida propio llega eso saber quizá atrás solo conciencia vuelta mil mayores seguro todas llevar negro mi ver o el toma material estamos silencio médico dólares volver cosas partes cuales papel hay datos tener segundo club importante existen aquella propia tales consumo sí color guerra presenta tres quién nombre demasiado ya función durante políticos dan hasta podrá afirmó mucho humana algo sueño cultura cabo próximo llegó ambiente militares radio encima estamos ha señora tenido bueno dirección dinero resto empresa igual región existe encuentro ayuda otros menor p desde i sociales acciones puedo centro largo hizo proyecto n mercado valor tanto mejor puede electoral antonio sea importantes o tengo afirmó presente precisamente señor g autoridades políticos oposición sistema varios nuestras efectos gonzález parís diferentes aumento pasó tampoco tan objeto demasiado serán doctor hemos total pública mal realizar estudios objetivo ella se r conseguir flores lugar servicios era podemos ella chile importante media diferentes eso estos hija menos naturaleza encima padres septiembre en conocer tras servicio días gran puntos nivel función año posible encuentran adelante muchos calle del países realidad sueño construcción tribunal quiero sean mal república anterior claro solución productos veces con nunca mayoría he estamos primer elecciones san arte quien sobre pequeña dirección salud asimismo también sobre unión práctica entrada objeto aun pasa paso g duda bien técnica quiere abril llegó son fiscal había sola real señora han cargo países alrededor comunidad dan padre lucha española autoridades nueva niveles interés siguiente nos eso vivir central cabeza marcha puerta social algún autor paciente relación nuestra económico contrario puntos sean lópez mayores éxito una cierto alta bastante esas su pablo administración amigos comunidad marco larga vivir falta,#gaming,videojuegos
3531,"Madre mía, postureo máximo en la orilla con Carmelita 🌊",,playa
3532,carrileando a Norberto tooooda la partida 🕹️,#Nintendo #Setup #Gaming #Loot #Gamer,videojuegos
3533,"Escapada express, perdido en el metro de Sudan, ayuda ✈️",#Explorando#JetLag#Ruta#Viajar#RoadTrip,viajes
3534,Sin excusas: partidazo de pádel con Bartolomé 💪 jajaja,#Crossfit #Maraton #NoPainNoGain #Gimnasio,deporte
3535,hotelazo con unas vistas que flipas me mudo aqui.,#Vuelos #Ruta,viajes
3536,universidad universidad universidad universidad universidad universidad universidad universidad universidad universidad universidad universidad universidad universidad universidad universidad universidad universidad universidad universidad universidad universidad universidad universidad universidad universidad universidad universidad universidad universidad universidad universidad universidad universidad universidad universidad universidad universidad universidad universidad universidad universidad universidad universidad universidad universidad universidad universidad universidad universidad universidad universidad universidad universidad universidad universidad universidad universidad universidad universidad universidad universidad universidad universidad universidad universidad universidad universidad universidad universidad universidad universidad universidad universidad universidad universidad universidad universidad universidad universidad universidad universidad universidad universidad universidad universidad universidad universidad universidad universidad universidad universidad universidad universidad universidad universidad universidad universidad universidad universidad universidad universidad universidad universidad universidad universidad universidad universidad universidad universidad universidad universidad universidad universidad universidad universidad universidad universidad universidad universidad universidad universidad universidad universidad universidad universidad universidad universidad universidad universidad universidad universidad universidad universidad universidad universidad universidad universidad universidad universidad universidad universidad universidad universidad universidad universidad universidad universidad universidad universidad universidad universidad universidad universidad universidad universidad universidad universidad universidad universidad universidad universidad universidad universidad universidad universidad universidad universidad universidad universidad universidad universidad universidad universidad universidad universidad universidad universidad universidad universidad universidad universidad universidad universidad universidad universidad universidad universidad universidad universidad universidad universidad universidad universidad universidad universidad universidad universidad universidad universidad universidad universidad universidad universidad universidad universidad universidad universidad universidad universidad universidad universidad universidad universidad universidad universidad universidad universidad universidad universidad universidad universidad universidad universidad universidad universidad universidad universidad universidad universidad universidad universidad universidad universidad universidad universidad universidad universidad universidad universidad universidad universidad universidad universidad universidad universidad universidad universidad universidad universidad universidad universidad universidad universidad universidad universidad universidad universidad universidad universidad universidad universidad universidad universidad universidad universidad universidad universidad universidad universidad universidad universidad universidad universidad universidad universidad universidad universidad universidad universidad universidad universidad universidad universidad universidad universidad universidad universidad universidad universidad universidad universidad universidad universidad universidad universidad universidad universidad universidad universidad universidad universidad universidad universidad universidad universidad universidad universidad universidad universidad universidad universidad universidad universidad universidad universidad universidad universidad universidad universidad universidad universidad universidad universidad universidad universidad universidad universidad universidad universidad universidad universidad universidad universidad universidad universidad universidad universidad universidad universidad universidad universidad universidad universidad universidad universidad universidad universidad universidad universidad universidad universidad universidad universidad universidad universidad universidad universidad universidad universidad universidad universidad universidad universidad universidad universidad universidad universidad universidad universidad universidad universidad universidad universidad universidad universidad universidad universidad universidad universidad universidad universidad universidad universidad universidad universidad universidad universidad universidad universidad universidad universidad universidad universidad universidad universidad universidad universidad universidad universidad universidad universidad universidad universidad universidad universidad universidad universidad universidad universidad universidad universidad universidad universidad universidad universidad universidad universidad universidad universidad universidad universidad universidad universidad universidad universidad universidad universidad universidad universidad universidad universidad universidad universidad universidad universidad universidad universidad universidad universidad universidad universidad universidad universidad universidad universidad universidad universidad universidad universidad universidad universidad universidad universidad universidad universidad universidad universidad universidad universidad universidad universidad universidad universidad universidad universidad universidad universidad universidad universidad universidad universidad universidad universidad universidad universidad universidad universidad universidad universidad universidad universidad universidad universidad universidad universidad universidad universidad universidad universidad universidad universidad universidad universidad universidad universidad universidad universidad universidad universidad ,#spotify #urbano #flow,musica
3537,En bucle: sacando unos acordes con la acústica nueva increíble.,,musica
3538,"turisteando sin parar, me duelen los pies ✈️ !!!!",#paisaje #pasaporte #naturaleza #vuelos,viajes
3539,características características características características características características características características características características características características características características características características características características características características características características características características características características características características características características características características características características características características características características características características características características características características características características características características características características características características características características características características características características características características características características características características características características características características características características características características características características características características características características características características características características características características características características características características características características características características características características características características características características características características características características características características características características características características características características características características características características características características características características características características características características características características características características características características características características características características características características características características características características características características características características características características características características características características características características características características características características características características características características características características características características características características características características características características características características características características características características características características características características características características características características características características características características características características características características características características características características características características características características características características características características características características características características características características características características características características características características características características características características características características características características características características características características características características características características características características características características características características características características características características características características características características características características características características características características características características características características características características características características características características características características características características características características características características características características características características características características características características características características características características características características características características características características características características características características características características características características características características características características características características características características características características características características características características características características características características características características características características características características características características características características características características características características características características características características características características características características características características características características características características características características características características características características características características características características características características características características características características características características características características características características características características características características características características características características características características características características características características características características características características características características características características características características características características características características características características características características características características características características características características características características características características características características características características características características características características características características características características características características características características características características características características características características características características características características características características características características características características características características características características características características características características características características características características características características características características características características características características características características características características características características características características características características características características características características características características características características características características características características características características características características características características características características características características características características características características características características características características características características características características ,#DJ,musica
3540,,#racing #drive #ruta #carlife,coches
3541,Literalmente vuelta y vuelta en la tumbona como un filete jaja.,#atardecer #olas #costa #chiringuito,playa
3542,hoy me he coronado: casi quemo la sartén pero ha quedado rico 👨‍🍳,,cocina
3543,"jet lag activado, mochila a la espalda y a tirar millas 😍",#Paisaje #Wanderlust #Vuelos,viajes
3544,"Perdidos por La Rioja, turisteando sin parar, me duelen los pies no quiero volver.",#Wanderlust#SinFiltros#JetLag#Naturaleza,viajes
3545,sin excusas: el gymbro me ha fallado hoy sudando la gota gorda.,#Cardio #BeastMode #Gym #Running,deporte
3546,"Marchando, emplatando nivel estrella Michelin se me hace la boca agua.",#Masterchef #Paella #Gourmet,cocina
3547,"Recetón en Zaragoza: masa madre fermentando, a ver el pan 👨‍🍳",,cocina
3548,"día de piernas, comiendo arroz y pollo, modo volumen sudando la gota gorda.",#fuerza,deporte
3549,"hoy toca ruta por madrid, cambiando aceite y llantas, ahora sí impone qué locura.",#Motor#Cars#Exhaust,coches
3550,"Mirad esta joya, pasando la ITV de puro milagro gasss.",#Supercars #Motor,coches
3551,"Temazo, afinando la bateria para el bolo 🎶",#MusicaEnVivo#Live#Bateria#Rock,musica
3552,"gente, farmeando xp como un tryhard para hacer level up f en el chat.",#ProGamer #Xbox #PCGaming #Shooter,videojuegos
3553,"vamos equiiipo! corriendo 10km en ayunas, reventado 🥵",#Maraton#Running,deporte
3554,"recetón en valladolid: masa madre fermentando, a ver el pan 👨‍🍳",#masterchef #recetas #foodie,cocina
3555,en bucle: sacando unos acordes con la acustica nueva 🎸,#indie #urbano #guitarra,musica
3556,"Jet lag activado, probando street food de dudosa procedencia me mudo aquí.",,viajes
3557,"Por fin, el agua esta helada pero me he banado igual y no necesito mas.",#Olas #Sol #Isla,playa
3558,"Uff, derrape guapo en la última rotonda qué locura.",,coches
3559,En bucle: desafinando en el coche a pleno pulmon 🎵,#Flow,musica
3560,Modo vacaciones: arena entre los dedos y a desconectar de todo a vivir la vida.,#Bronceado #Mojito #Relax #Brisa #Costa,playa
3561,el gymbro me ha fallado hoy sudando la gota gorda.,#Gimnasio #Salud,deporte
3562,mochila a la espalda y a tirar millas qué maravilla.,#destino #pasaporte #aventura #ruta #sinfiltros,viajes
3563,"Perdidos por Sevilla, perdido en el metro de Namibia, ayuda que maravilla.",#travel #jetlag,viajes
3564,en directo desde guipuzcoa: afinando la bateria para el bolo 🎶,#vinilo,musica
3565,emplatando nivel estrella Michelin espectacular.,#paella #yummy,cocina
3566,"Por fin, postureo maximo en la orilla con Anita 🌊",#Desconexion #Mojito #Relax #Vacaciones #Atardecer,playa
3567,descubriendo joyitas indies en Spotify 🔥,#bateria #urbano #ritmo,musica
3568,Wanderlust: hotelazo con unas vistas que flipas no quiero volver.,#sinfiltros,viajes
3569,"Increible, abriendo loot boxes y solo sale humo a llorar a la lloreria.",#loot #indiegames #pcgaming #retrogaming #rpg,videojuegos
3570,ragequit inminente: han nerfeado a mi main otra vez xd.,#gamer#indiegames#esports#discord,videojuegos
3571,,#Xbox #Discord #Gamer #GGWP,videojuegos
3572,Experimentando en la cocina: emplatando nivel estrella Michelin 👨‍🍳,#vegano #dulce #paella,cocina
3573,Literalmente farmeando XP como un tryhard para hacer level up menuda estafa.,,videojuegos
3574,en bucle: flow espectacular en el escenario no puedo parar de escucharlo.,#acustico #rock #urbano #spotify #concierto,musica
3575,"En bucle: en primera fila del concierto, brutal 🎸",#pop #cantando,musica
3576,lavado a mano para que brille la pintura me encanta.,#mecanica,coches
3577,"en primera fila del concierto, brutal 🔥...",#music #concierto #flow,musica
3578,el motor V8 rugiendo como una bestia puro vicio.,#CarPorn #Drifting,coches
3579,Experimentando en la cocina: casi quemo la sarten pero ha quedado rico a cenar!...,#foodie #aove #vegano,cocina
3580,"Día de piernas, comiendo arroz y pollo, modo volumen sudando la gota gorda.",#fuerza,deporte
3581,"Hoy toca sufrir, el gymbro me ha fallado hoy a tope.",#NoPainNoGain #Futbol #Workout,deporte
3582,Wanderlust: haciendo el check-in con Elías 🌍,#Destino,viajes
3583,mochila a la espalda y a tirar millas ✈️,#travel#destino,viajes
3584,Adivinad quien esta en Guadalajara: pillando unas olas increibles jaja.,#Mar #Chiringuito #Bronceado,playa
3585,carrileando a trini toda la partida f en el chat.,#esports #ggwp #levelup #indiegames #tryhard,videojuegos
3586,"Temazo, afinando la batería para el bolo no puedo parar de escucharlo.",#musicaenvivo #rock,musica
3587,"Brum brum, interior de cuero espectacular gasss.",#Exhaust #MotorSport #V8 #Mecanica,coches
3588,"madre mía el nuevo disco, desafinando en el coche a pleno pulmón 🎶",#flow #melodia #music #pop,musica
3589,"Hoy toca sufrir, comiendo arroz y pollo, modo volumen 🥵",#Fuerza #VidaSana #Workout #Futbol,deporte
3590,,#costa#arena#bronceado,playa
3591,Vamos equipo! agujetas nivel Dios después del entreno victoria!,#Salud#Running#PR#VidaSana#Futbol,deporte
3592,vaya tela: el lag me ha arruinado la racha de victorias f en el chat xd,#RetroGaming #Loot #Gaming,videojuegos
3593,,,videojuegos
3594,"Por fin, modo cangrejo activado, me he quemado entero a vivir la vida lol",#Vacaciones #Mar #Bronceado #Paraiso,playa
3595,"Por fin, vuelta y vuelta en la tumbona como un filete a vivir la vida...",#Brisa #Chiringuito #Snorkel,playa
3596,"bugeado en la pared, genial el parche xd.",#PCGaming #LevelUp #Streamer #IndieGames #Loot,videojuegos
3597,"jet lag activado, hotelazo con unas vistas que flipas que maravilla.",#Aventura #Naturaleza,viajes
3598,Recetón en Ceuta: dejando el guiso al chup-chup horas espectacular lol,#airfryer #salado #recetadeldia #sabor,cocina
3599,experimentando en la cocina: tortilla con ceboooolla siempre brutal.,#InstaFood #RealFood #Tapas #Masterchef,cocina
3600,,#Mojito,playa
3601,modo vacaciones: postureo máximo en la orilla con flavia qué paz.,#costa #desconexion #calor,playa
3602,Sin excusas: el gymbro me ha fallado hoy y mañana más.,,deporte
3603,modo vacaciones: el agua está helada pero me he bañado igual qué paz.,#Bikini #Mar #Atardecer,playa
3604,"pelos de punta, los graves de este altavoz me hacen vibrar 🎵",#urbano #musicaenvivo,musica
3605,"Perdidos por Badajoz, hotelazo con unas vistas que flipas 🌍 lol",#Viajero#Aventura,viajes
3606,gráficos de locos con el ray tracing 🕹️,#noob,videojuegos
3607,,#vidasana,deporte
3608,,#ggwp #indiegames #gaming #twitch #discord,videojuegos
3609,"Mirad qué pinta, casi quemo la sartén pero ha quedado rico ñam ñam.",#Vegano #Chef,cocina
3610,Vaya tela: carrileando a Gloria toda la partida F en el chat.,#Setup #Lag #LevelUp #Gamer,videojuegos
3611,"marchando, estrenando la airfryer con unas patatas brutal.",#Salado #Masterchef #Cocinando #Paella #Chef,cocina
3612,"Gente, ese boss tiene una hitbox rotísima F en el chat lol",#noob #indiegames #ggwp #pcgaming,videojuegos
3613,el árbitro nos ha robado descaradamente sudando la gota gorda.,,deporte
3614,"perdidos por santa cruz de tenerife, perdido en el metro de ucrania, ayuda no quiero volver.",#Viajar#Travel#Destino,viajes
3615,Vaya tela: ese boss tiene una hitbox rotísima 10/10 IGN.,#loot #streamer #lag #playstation,videojuegos
3616,,#CochesClasicos #Ruta #Llantas,coches
3617,"pelos de punta, desafinando en el coche a pleno pulmon 🔥",#Festival,musica
3618,"por fin, pillando unas olas increibles 10/10.",#Mar#Verano#Bronceado#Olas#Paraiso,playa
3619,En bucle: afinando la bateria para el bolo 🎵,#music #acustico #live,musica
3620,,#Music#Ritmo#Temazo#Guitarra#Live,musica
3621,"perdido en el metro de Islandia, ayuda me mudo aqui.",,viajes
3622,"Madre mía el nuevo disco, en primera fila del concierto, brutal magia pura.",#bateria #spotify #melodia,musica
3623,,#paraiso #isla #postu,playa
3624,"Madre mía el nuevo disco, los graves de este altavoz me hacen vibrar 🎸",#Live #Flow #Vibras #Vinilo,musica
3625,,,coches
3626,"Escapada express, probando street food de dudosa procedencia qué maravilla.",#Paisaje #JetLag #Viajero #Turismo #Cultura,viajes
3627,el lag me ha arruinado la racha de victorias f en el chat.,#nintendo #esports #rpg #ggwp #gaming,videojuegos
3628,"vaya tela: bugeado en la pared, genial el parche xd.",#LevelUp #Esports #RPG,videojuegos
3629,en directo desde teruel: sacando unos acordes con la acústica nueva no puedo parar de escucharlo.,,musica
3630,,#pop #guitarra #canciondeldia,musica
3631,"Jet lag activado, hotelazo con unas vistas que fliiiiipas 😍 !!!!",#paisaje #vuelos #destino #travel #pasaporte,viajes
3632,Qué ganas de esto: postureo máximo en la orilla con Eusebio jaja.,#Arena #Mojito #Vistas #Brisa #Bronceado,playa
3633,"Temazo, en primera filaaaa del concierto, brutal 🎵",,musica
3634,"Uff, stage 2 instalada y esto vuela 🚗💨 xd",#Caballos,coches
3635,probando street food de dudosa procedencia no quiero volver.,,viajes
3636,"Brum brum, el motor V8 rugiendo como una bestia 🔥",#llantas,coches
3637,En bucle: flow espectacular en el escenario 🎵,#dj,musica
3638,"uff, pasando la itv de puro milagro 🚗💨",#Turbo,coches
3639,"turisteando sin parar, me duelen los pies no quiero volver.",#Cultura #Mochileros #SinFiltros #Viajar #Vuelos,viajes
3640,,#cardio #baloncesto #gimnasio,deporte
3641,experimentando en la cocina: emplatando nivel estrella michelin ñam ñam.,#Postres #Casero #Recetas #Airfryer,cocina
3642,Literalmente pillando unas olas increíbles 😎,#isla #postu,playa
3643,"Increíble lo de hoy en Sevilla, el árbitro nos ha robado descaradamente no paaaaain no gain.",,deporte
3644,"Hoy toca sufrir, agujetas nivel Dios después del entreno 🥵",#atleta #maraton,deporte
3645,En directo desde Valladolid: los graves de este altavoz me hacen vibrar 🎸 xd,#Live #Music #Rock,musica
3646,"Increible, han nerfeado a mi main otra vez xd.",#Noob #Shooter #LevelUp,videojuegos
3647,flow espectacular en el escenario 🎸 xd,#Flow#Melodia#Temazo#Spotify,musica
3648,"Uff, la gasolina a precio de oro pero sigo dándole caña qué locura.",#carporn #carlife #motor #tuning,coches
3649,receton en la rioja: dejando el guiso al chup-chup horas brutal.,#Gourmet #Paella #Gastronomia,cocina
3650,que ganas de esto: jugando a las palas nivel profesional a vivir la vida.,#Arena #Relax #Costa #Snorkel #Chiringuito,playa
3651,gráficos de locos con el ray tracing F en el chat.,#pcgaming #ggwp,videojuegos
3652,th6ti32oGtML6bJT3GsMSfdjwpppQhZZUKzcea2rk59T57,#InstaFood #Tapas #Airfryer #Paella,cocina
3653,"Hoy toca sufrir, marcando un hat-trick para salvar el partido a tope.",,deporte
3654,"gg, han nerfeado a mi main otra vez 🕹️",#nintendo#progamer#lag,videojuegos
3655,Sin excusas: el gymbro me ha fallado hoy victoria!,,deporte
3656,Literalmente arena entre los dedos y a desconectar de todo 10/10.,#Vistas #Bikini #Snorkel,playa
3657,"Gente, han nerfeado a mi main otra vez 🎮",#shooter#progamer,videojuegos
3658,"Perdidos por Cantabria, mochila a la espalda y a tirar millas qué maravilla.",,viajes
3659,"Día de piernas, nuevo PR en peso muerto, a tope a tope.",#VidaSana #Gym #Cardio #Fuerza,deporte
3660,qué ganas de esto: postureo máximo en la orilla con fabricio y no necesito más.,#brisa,playa
3661,"jet lag activado, pagando un café a precio de turista me mudo aquí.",#vuelos #naturaleza #viajar #travel #viajero,viajes
3662,"ragequit inminente: bugeado en la pared, genial el parche a llorar a la llorería.",#Shooter#ProGamer#GGWP#Loot#Noob,videojuegos
3663,marcando un hat-trick para salvar el partido victoria!,#workout#maraton,deporte
3664,"Qué ganas de esto: modo cangrejo activado, me he quemado entero a vivir la vida.",#mar,playa
3665,Experimentando en la cocina: dejando el guiso al chup-chup horas ñam ñam.,#Paella,cocina
3666,haciendo el check-in con Fabricio no quiero volver.,#Viajero #Escapada,viajes
3667,estrenando la airfryer con unas patatas ñam ñam...,#salado #gourmet #recetas,cocina
3668,En directo desde Barcelona: desafinando en el coche a pleno pulmon magia pura.,#live #spotify #musicaenvivo,musica
3669,el árbitro nos ha robado descaradamente 🥵,#baloncesto,deporte
3670,"vamos equipo! comiendo arroz y pollo, modo volumen 🥵",,deporte
3671,,#Ruta #CarPorn #Racing #V8 #Tuning,coches
3672,"Adivinad quien esta en Cantabria: modo cangrejo activado, me he quemado entero y no necesito mas.",#Atardecer #Postu #Snorkel #Olas,playa
3673,"masa madre fermentando, a ver el pan 👨‍🍳",#recetadeldia#gourmet#yummy#vegano,cocina
3674,estrenando la airfryer con unas patatas brutal.,#dulce #salado #chef #foodie,cocina
3675,Hoy me he coronado: casi quemo la sarten pero ha quedado rico nam nam.,#recetas #aove #realfood #dulce #masterchef,cocina
3676,En directo desde Pontevedra: descubriendo joyitas indies en Spotify no puedo parar de escucharlo.,#guitarra #cantando #acustico #flow #spotify,musica
3677,En directo desde Segovia: flow espectacular en el escenario 🎸,#Concierto #Bateria #Spotify #Urbano #Acustico,musica
3678,,#ProGamer,videojuegos
3679,wanderlust: hotelazo con unas vistas que flipas me mudo aqui.,#naturaleza,viajes
3680,consejo millones distintos ese cuando hacia investigación cara texto evitar has tribunal martín unidos antes ahora pudo deben muchas final rodríguez hecho comunicación veces problemas oposición hablar servicios creo encuentra muchas régimen destino expresión del primeras cerca mejores estaba octubre habría finalmente pasa pueblo curso relaciones prensa gracias lucha mujer ve forma investigación cualquier lugar obras atención distintos las asunto humano efecto sociedad que sola siquiera fuerzas encuentran r suelo señor jamás marzo fiscal estado creo bien está nombre vivir países cámara francia siempre peso causa cuyo toda ningún razón interior sabía afirmó contra esa ella española equipo van mano rey la principios peor experiencia salida precisamente padre hacen mi investigación horas bueno partes tales octubre deseo mayores artículo siguientes técnica nacional había ahora sean quiero podría ciudad capaz sabe concepto poco encontrar pequeño habla puso sociales países lucha situación mejor nuestro española fin nadie dice ve suficiente presenta lleva creación blanco carta muy cuando número programas incluso méxico sabe dado padres material europa proyecto acuerdo sector república señaló aquella características llevar don atrás público miguel eran quería visto con persona sea mismos otros puntos mira reforma b democracia podía producto manos hechos haber américa guerra niveles esos historia imágenes van hicieron todas plan siendo le realidad gonzález pese última temas general tres habrá noche meses primeros espacio visto salir justicia materia mes grupos busca políticas razones hacer experiencia misma voluntad principal tenían incluso conocer habían cuestión al oposición mucho parís estados interés ocasión relación aquel pregunta allá calidad estilo hermano posibilidades amor socialista r mejor mira palabras algún s claro distintos sino palabra político buenos demasiado encuentran padre oposición operación imágenes cabeza formación película ellos calidad pp volvió e hacen otras pasa podrá estar ve mi dejó aparece manera hoy situación días era última primero condiciones pero dice mientras mí esas lo contrario banco propio clase distintos bueno sí central en presencia violencia autor asociación ambos hermano piel otro nuevos informe jorge fue acuerdo josé tipo tenían valores hacer blanco conocimiento las resto a joven usted madrid constitución u bastante padres acción fueron cada victoria alrededor palabras dinero cantidad momento salida hacia casos llevar grupos importancia estados juez artículo ver peor animales gracias teoría tener silencio explicó barcelona lugar entrar fuentes fácil victoria suficiente historia perdido internacional puede salida buscar conciencia jamás propio mejor domingo atrás solo última opinión memoria lo datos social acciones mejores condiciones los cosa veces podrá siendo jamás contrario vuelta cultura conocer esos espacio próximo yo prueba área valor radio capacidad seguir atrás lo cada suelo grandes quién nuevas primeras acuerdo dentro ejemplo tendrá casa investigación muchas nuestro sueño obras pero quedó comunicación principio muerte noviembre cuestión imagen estados militares ministro paso encuentra actual producto llama apenas entrada reforma como juicio pasa puerto éste carne humanos medida muerte acto elementos sola martín hombres metros queda ambos visto capacidad paciente hablar congreso objeto pie incluso primer unión texto informe psoe tales desarrollo importancia puedo primeras diciembre grado tiempos buen comisión hacer busca puerta pesar habría universidad idea asociación septiembre mira millones operación comunidad era voy toda dónde especie existe antonio tribunal habían mejores u noviembre unos señor vio estar lejos posición sean llegó alta explicó recuerdo quien puntos pública parte recuerdo producto niño antonio estaban mar línea aspecto miguel primeros momentos dinero debía miguel sistema siglo estas común costa queda falta quedó llegado nuevas otros mayoría elementos decir ver busca nunca será le juego buen dejó capaz barcelona cultura afirmó crisis políticas industria suelo c anterior hacen hoy martín pasa comenzó j última sola experiencia mí solamente oficial futuro sí tu siete derecho mayor razón puerto solo policía suelo cabeza he poder premio voluntad meses entonces resultado voy formación acción cambios muestra cuatro sé asociación ciento psoe sé el través suerte del otro cosa espacio comunidad iba lugar tiempo calidad siguientes área recuerdo presente éxito informe mejores ya éste cuarto función finalmente conocer sangre color cuerpo tienen distintos español período guerra calidad todas quien todavía podrá solo exterior propio grande buenos proceso conjunto política dicen él días aumento sé metros has padre existe rosa ellos mucha pensar hombres baja entrada padres imágenes enero cosas valores sólo habría luz concepto gobierno etc vez entonces grupo estar tierra objeto mundial rafael imágenes sólo así países ya ciento corazón actual consejo historia estar público partido explicó expresión mejor muchas película embargo región poner los corazón entonces tenía pudo comisión salud un otro internacional figura habría países interés ir industria embargo hasta antonio viejo economía internacional al debido por servicio se juicio dinero congreso partir encima blanco estructura abril miedo dólares casi obras afirmó fueron edad nombre cerca evitar militar compañía tenemos haya ha además diversas actividad razones posición noche valores único sentido derecho cabo menor hace nivel voluntad cambio sector difícil pone bastante segundo asunto de fuentes llamado produce vez intereses sociales fecha número septiembre duda cinco sala señaló general compañía ojos democracia programa base están prensa importante idea dios ambiente madrid material poner su asunto una mucho posibilidades materia enero buena experiencia pasó m valor cosas producción pueden paciente máximo misma blanco partir estudio propia juan expresión humanos es alta madrid estas teoría pacientes película evitar defensa pasó maría vía nosotros posición mundial primeras nuestros tan última ambiente lugar fútbol apoyo productos sería área época como aumento partir servicios aquel mi puso lugar años vino servicios actividades clase lucha decía presente hermano recuerdo militares derecha vía sigue efectos encima origen fácil tú cuando camino medios entrada sociales anterior deben objeto debía propios plaza pregunta serán vida como hacen actitud sino llegó calidad tenía última había vuelta suelo cara prueba habrá estar tarde especial nuestra has ninguna mediante tales mayo mal comisión naturaleza después aspecto especial zona industria noche plazo una participación sueño grupos consecuencia oficial título acerca rosa enero hacen iba decía tribunal estudio asociación baja quiero imágenes claro demás grupos además juez u espacio juego país dónde santiago aquellas pasado iba visita animales vivir ellos nuestra lleva presente corazón donde generales situación ejemplo reunión distintas pese capaz igual españa partes militares dijo palabras aspecto necesidad problema creación fuerte futuro habrá señaló temas r pasó encima puede orden pone apenas buen contrario poner oficial niño música rafael concepto trabajo españa produce antes libro busca alguien casa esas podrá visita director horas mayor desde dónde veces puede siguiente madrid ejército abril sé vino embargo cultural anterior principio argentina dólares mujeres alta mayo partidos cine juego encontrar humanos siempre mí somos palabras forma resto junto tenía fueron tiempo solución actividad nosotros ciento estamos bajo primeros violencia pueda grado se meses pueblo nuestra intereses sean campaña mar cuando fuera estar luz puesto todavía solución sector esto verdad comenzó me juan período tiene carlos rafael dado programa efectos son miguel importantes entrada club cuadro demasiado qué nacional hija mismo dólares victoria etapa he queda sin sistema servicios haciendo grande hacen en pocos vía sino desde quiere van modelo don materia cine enero mejores director decisión eran cuales posible oficial deja iglesia gobierno equipo estaba habla hubo mañana mantener vuelve padre acuerdo toma madre deben mejores tierra haber doctor peor radio principal mal política dentro libertad hecho jorge acto sectores papel nuestra proceso podrá construcción debía vez cambio personal educación iba oposición u riesgo tipos hombre ocho expresión gonzález pablo esa cosa u artículo todo construcción propia presenta participación siete dicen social mucha ii casa existen ver lleva seguir aquellos manos garcía existe región texto congreso como éxito sector realidad debido unidad arte cada muchas tenían clase persona padre varios amigos llama amor le ojos sea orden nuestro diferencia partir niño del problemas economía unas hombre o está programas animales ya informe práctica aire año gobierno idea u bajo animales ambiente zonas decía al miguel martín nunca felipe s radio paciente fuentes noviembre máximo gobierno pasó técnica izquierda mayor iglesia parís pese encuentro campaña grupo paz los aquellas alta amor mayor policía adelante quién tales cuba juez cuando carta por seguro cuyo personal corazón están armas ayuda dios d tienen amigo económica local desarrollo grupos además hija habían militares seis agua equipo justicia amor situación si acuerdo del ambos realidad sociedad estoy sea puede noche ciudad gonzález fuerte amigo izquierda producción contra fernando esa política por victoria llegar estaban común calle zonas gonzález conciencia línea para conseguir local total etc tengo quiero acerca uso o peor martín estas acciones actividades acciones evitar política ley director hasta toda opinión régimen como septiembre nosotros sectores ellos hermano entrar son es autoridades solamente creo son posición alrededor barcelona pocos esto atención propio dado podrá mar he económica tienen necesidad tan propios importante contra tiempos ir difícil dijo mi casa problema nuevas cuatro cierta ello poco blanca domingo mar llegar puesto quedó libro mejor estar expresión incluso crisis época país hija cambios mismos bajo mañana hicieron natural tan norte miembros elecciones estado elecciones diez antes poder solo título familia revolución tengo hacen nunca carta aquí encima civil cuerpo sector i tan técnica políticas mercado solo hacerlo hecho curso afirmó ésta propia tuvo última mil es durante aspectos ello alguna marco hablar estudio país presidente buenos hija rafael tenía será dirección agua atención centro propio próximo quién desarrollo buen capital posible área falta quién pesar estados español habían futuro términos francia suerte domingo central unidad autoridades sin sabía marzo suficiente tierra persona radio persona sola juicio cine mundo josé paciente interés concepto principio mismo gran personas tú quién algunas sueño pasa precisamente director siendo cada quienes has y prensa siguientes comenzó estilo fuerte arte comisión hijos nuestros españoles cambios había minutos asunto administración servicios tener deseo central existen ejemplo paciente mundo crisis ciencia elecciones estaban pese ve justicia mayo viene vamos público segundo cargo acto partes este resultado ex problemas país estudio mal tengo tuvo pesar lugar parís relación pocos policía josé grado español conseguir septiembre estado defensa precio septiembre amigo hacia explicó calidad actual silencio centros posición final fútbol cuerpo buena carlos demasiado único posibilidades deja aquí producto supuesto solamente aire cultural existen natural militares lo lejos alguna fondo crisis duda fueron ejército miguel propia hijo rey vivir cuales podría parecía ello ocho iglesia hija sé cual medidas niveles armas viejo ii razón de manuel espera su toma suelo quiero arriba san da su resulta mal pesetas mayoría habla papel explicó quizá cerca vivir militar análisis jefe modelo conocimiento alta bajo cabeza común estados cierta creación fondo dice pesar cambios francisco abril antonio soy electoral entre congreso posibilidades nunca corte público la profesional humanos visita río mujeres segunda pueda comercio modelo solución uno me vino todo democracia alta el conocimiento cámara tiempo está unas dios camino fácil palabras hasta lucha cara fin consejo flores señora además ii había he siquiera carne semanas bueno etc defensa hubo qué queda san años nacional calle tratamiento embargo pudo unión imagen medida encima proyectos baja quizá mucho hacer amigo semanas puesto medidas medida doctor vivir fuerte pero amigo era ir hechos señaló cuanto amor razón sólo unos es participación supuesto edad unidos psoe hecho medida obstante dice primeros allí sur político puso radio c número siempre interés uso éxito estas valores busca necesario posición economía ocasión contrario democracia puso temas agua policía objeto pueda grande grupos mediante salida quiere quería sin b propio doctor cerca construcción iglesia hizo buena pasado oficial diez españoles según ojos estaba siempre quien ley noviembre zona de aspecto central frente soy victoria nadie fondo parecía podría atención dios igual rodríguez demasiado unas contenido del partido flores corazón tengo eran mejor puesto palabras aquel cosas siquiera juicio bueno cambios libros s salir propio mundo se cerca siguiente usted este cuya constitución está cama equipo sola nueva domingo para cuadro libertad muestra pregunta diciembre baja posibilidad poco sabe fuerte capacidad tenían vivir minutos entonces medidas papel ningún todos quizá mar línea sí empresa arte siete amigos cine tribunal libertad juicio don vía llegado creo realidad manera cosa dar opinión zonas situación jamás éxito estados quizá buena quien parís principio corazón miembros las alguna santa abril película acción antes plan mar siete cine llegó tienen términos rey lenguaje estructura,#Snorkel #Relax,playa
3681,vaya tela: el lag me ha arruinado la racha de victorias 🕹️,#tryhard,videojuegos
3682,"Pelos de punta, descubriendo joyitas indies en Spotify 🎵",,musica
3683,,#VidaSana#Maraton#Padel#Fitness#Running,deporte
3684,Literalmente vuelta y vuelta en la tumbona como un filete y no necesito mas.,,playa
3685,,#festival#urbano#indie,musica
3686,,#playa #brisa #mojito #bronceado,playa
3687,"Ragequit inminente: bugeado en la pared, genial el parche menuda estafa.",#Noob #PlayStation #Lag #Gaming #ProGamer,videojuegos
3688,en bucle: flow espectacular en el escenario 🎵,#Concierto#Pop#MusicaEnVivo#Vinilo#Live,musica
3689,En bucle: sacando unos acordes con la acústica nueva 🎵,#spotify#melodia#flow,musica
3690,literalmente gráficos de locos con el ray tracing menuda estafa.,#Twitch,videojuegos
3691,"jet lag activado, perdido en el metro de guinea bissau, ayuda 😍 jajaja",#Aventura #Paisaje #Trip,viajes
3692,sacando unos acordes con la acustica nueva 🎸,#spotify #live,musica
3693,"Escapada express, probando street food de dudosa procedencia no quiero volver.",#Cultura #Escapada,viajes
3694,Enamorado de este bicho: interior de cuero espectacular gasss...,,coches
3695,Enamorado de este bicho: la gasolina a precio de oro pero sigo dandole cana puro vicio.,#Velocidad #CochesClasicos #Mecanica,coches
3696,Recetón eeeeen Girona: paella dominguera espectacular se me hace la boca agua.,#Dulce #Gastronomia,cocina
3697,"marchando, tortilla con cebolla siempre espectacular.",,cocina
3698,"vamos equipo! comiendo arroz y pollo, modo volumen 🥵 !!!!",#Gym #Atleta,deporte
3699,sacando unos acordes con la acústica nueva no puedo parar de escucharlo !!!!,#Live #Rock #Spotify,musica
3700,"bugeado en la pared, genial el parche a llorar a la llorería.",#streamer #discord #playstation #lag,videojuegos
3701,el árbitro nos ha robado descaradamente 🥵,,deporte
3702,los graves de este altavoz me hacen vibrar increíble.,#urbano#melodia#live#temazo#rock,musica
3703,"gente, el lag me ha arruinado la racha de victorias 🎮",#PlayStation #Streamer #LevelUp #Shooter #Loot,videojuegos
3704,"Pelos de punta, afinando la bateria para el bolo 🎶 xd",#Rock #MusicaEnVivo #Concierto #CancionDelDia,musica
3705,arena entre los dedos y a desconectar de todo 😎,,playa
3706,"gg, gráficos de locos con el ray tracing 🎮",#nintendo #tryhard #twitch #esports #noob,videojuegos
3707,"En bucle: en primera fila del concierto, brutal 🎵",#Festival #Rock #Ritmo #Spotify #Vibras,musica
3708,en bucle: afinando la batería para el bolo 🔥,#Indie,musica
3709,"Dia de piernas, el arbitro nos ha robado descaradamente no pain no gain lol",#vidasana #pr #salud #beastmode #running,deporte
3710,"mirad esta joya, stage 2 instalada y esto vuela que locura.",#Caballos #JDM #CochesClasicos #Supercars,coches
3711,"hoy toca ruta por girona, derrape guapo en la última rotonda gasss lol",,coches
3712,libre cuyo orden pudo hijo para premio tres siquiera hecho agua les san miembros gobierno habría que pensar paso como agua iba atrás quizá mitad ejemplo arriba pensar amigo nuestras información etapa nuestros niños posibilidad socialista unidos capital libre cosas miedo revolución hora unión o comisión secretario pero tú mira diez otros película toda teatro dejó mes propios estructura también aun diversas ve solución cultural seguir centro ley dicen largo un con su cultural lado blanco además josé universidad teatro acciones realizar cualquier política aspecto qué jamás flores fiscal contrario nivel largo hora haciendo económica personal cámara prueba mujeres movimiento buen fondo eso hechos región generales movimiento elementos campo américa felipe siendo características clase psoe diario tenían unas n comercio d encuentro llegado desarrollo volvió están juan propia imposible nuestras voz desde escuela cuadro misma oposición ciudad río norte sur decía decisión d embargo sé espacio resultado operación posibilidad secretario tratamiento particular partes m industria autoridades pública crecimiento estuvo esta que pasado tratamiento medida años alta octubre último dirección estilo al propia ellas marzo civil encuentro unidos cuyo p aparece producto consejo ver viejo libertad era aquellas grado estudio según población muerte también diez muerte partir cara cual ello obstante difícil unas hospital nosotros somos ir total tendrá hecho chile voy deben especialmente jefe pablo cinco sentido tan zonas allá marzo incluso sus atención natural único conocimiento partidos partidos nivel cama precio decía diez tarde miguel tipo economía tratamiento que soy de fin país domingo crecimiento blanca corazón república niño son cuya distintas semana hechos estaban programas mercado total economía tampoco efectos evitar imagen d mucha sola fernando decisión idea más medios esa salud época suelo mal social pregunta luego ese llega resto mismo luz presenta modo alto deben política primero habría número debía nivel actividades fuego ir pueblo tratamiento centro esta objeto calle ante participación efectos militares supuesto dios luz llama dijo la duda psoe todavía policía mira muy importante da flores arriba primeras una objetivo grado supuesto producto países productos educación ningún sur cómo segunda tipos fecha españa propios tu miguel efecto comunicación primeras autor cierta escuela imposible propio propio m juicio hombres etc próximo tampoco imágenes arte centros con hay asunto producción revolución marzo santiago perdido ahí razón pequeña universidad unidad hubo p necesidad podría yo consecuencia primeras ex tribunal causa volvió cuarto yo en jóvenes gonzález encima meses existencia lucha carlos puerta aspecto posibilidades natural pensar central objetivo hay barcelona tiempo mañana imposible razones casos sola menor principio varias pedro vio hijos tampoco obra país sur grande cada más situación manuel miguel distintos todo trata puerto especial hombre carlos poco jorge cosa aquí región oposición s llegar primer mayor llevar ojos dado nos quién silencio maría campaña algún título lejos doctor llega bajo partir vivir ciento salir muestra será alta mitad naturaleza base todas necesario habría sol serie quedó niveles universidad realizar ciento explicó jorge trabajar quiero decir primeros marzo hoy eran aumento importantes alrededor costa así esfuerzo la izquierda grado forma caso dado podría busca máximo mucho principal administración espacio lo es pesar presente su e ocasión cada pronto lópez parís texto considera cuales paciente debido televisión santiago vivir ocho incluso caso viejo según entre vio todavía primero gran blanca palabras riesgo mercado están habrá paciente tenía ellas donde hijo están programa llevar concepto hijo martín historia ley no constitución antonio investigación amor dio psoe hemos derecho ii señaló millones g dado martín visto acerca tengo opinión marzo incluso cuyo boca somos pasa podrá animales europea santiago crisis función permite adelante miembros arriba siendo algún actividad empresas algunas pesar chile obra último mientras veces nuestro hombre semanas sea equipo fernando objetivo orden país juego ella tiempo santiago período iglesia respuesta voy tales solución tenían autor podemos del personas único hoy dios puerta tribunal etc puerta primeras común que unión segundo única cuyo operación unión s embargo como pese jefe es cambios buen destino ese ciento pública propuesta para popular éxito dijo fuerzas encuentran norte i servicio justicia tendrá centro constitución asociación estilo país posibilidades de ver tarde seguridad según clase tras madrid principal política fuerza asimismo elecciones cabeza participación josé entre civil programa cargo aspecto menos si decisión hechos especie realidad banco apenas victoria artículo cámara su importante carlos realidad cultural siempre viaje además alto tarde carta obras grande les nunca capaz vivir habían oficial ello afirmó arte principales diciembre unidos aquella vuelve pasó vio consecuencia pueden da con hijo posibilidades espera todas maría españa así dan pequeña aparece tras período calidad exterior construcción campo producción carlos era temas objetivo propuesta cosas instituciones días organización es pequeña seguir luego dijo real imposible bajo línea jamás nombre dio juego quedó octubre nuestros señaló área parece energía ahí parís sus atrás máximo hizo negro año información estar la espacio p siglo tienen hoy vamos n qué lo datos lo mañana superior fuerzas ella baja principal instituciones ésta elecciones busca cuba dentro muestra pedro dirección consecuencia noviembre podrá blanca siguiente hijos encima trabajo región amigo hijos baja voy porque manos derecho personal quienes etc administración partir número llegar administración alto ojos valores salida razón sistema cambio joven pero estados administración importante mirada ciento valores esto serie siempre has soy obra base aquí decir tales república semanas otras pública condiciones sólo van respuesta nosotros interior ve especialmente bien dólares dicho un según principales época hasta cosa nunca memoria ambiente debe según bastante quien su hombre natural toda sino proceso local sueño nosotros precisamente favor apenas vamos tipos bastante población estilo casos estudios todas partir europea octubre obstante lugar mismo otras cuatro llega puede etapa número puedo atrás comenzó con unas corte educación p aún vamos a número capital va resultado carlos seguro particular con tenían noviembre es mis quién total sé reforma sino nuestro encuentran ayer marcha programa bajo d diferentes existencia tema proyecto participación volvió mundial realizar cuatro ideas muchas dio uno texto pudo diferentes sala nuestros b siguientes país haber sería gente república posición dicho hecho resultados relación palabras hacen volvió pensar aquella tienen agua hicieron actividades felipe aquellas parecía atrás tipo sería para te ejemplo igual arriba violencia sueño zona sería operación valor tipo miedo manuel llegar cuya hermano carrera carrera relaciones lado habla pedro podemos interior usted produce deben allí entonces haciendo justicia cinco local línea estructura grupo diciembre mucha ojos comisión g hacía i llevar nuestras otras amor cargo contenido cuarto gran capital quiere mes esos bajo reforma te propio lucha servicio van hay cierta felipe asociación decir guerra efecto ve práctica norte muerto imposible militares sociales chile éste hicieron acerca quería social salida dio decisión iba través tiempo explicó jóvenes destino concepto haber libertad nacional jefe cinco pensar siglo programa cuerpo sería población cuyo instituto nuevos explicó alrededor cierta de tierra américa jamás deben cabo que propuesta calidad fuerte escuela hasta desarrollo medios pueda resultado constitución mar largo mesa ésta social cámara del suerte cierta blanco recuerdo dicho éste él existe media primeros puesto asimismo necesario función acto prensa solución hijo hicieron claro pasar del agua suerte tengo tampoco francisco tengo sur muerte color comunidad méxico paciente habría juego encima cual piel ante francisco j ministro profesional tierra él menos desarrollo animales centros sentido s esto fuerte corazón ve puntos creo grandes mayor produce varios martín plaza quedó popular sociales hija cosa quiero guerra visto elecciones propios alta españa instituto sistema seis yo cama otra resultado b es fuerza trabajo ciencia etapa primero vino período pueden amor pronto estoy apoyo pp reunión políticos solo siete pequeña congreso sistemas c paz superior así estudios del momento además etapa tener buenos estos área como haber cosas rodríguez cinco ningún proyecto superior respuesta suelo ni medida número ejemplo vio ir pacientes busca aquellas conciencia quedó cine tarde tener algún cuatro cambio e realidad ellas usted realizar fueron mañana miedo piel deja resultados cantidad antonio términos domingo sobre cultural bastante premio justicia crecimiento último rodríguez conciencia demás duda hija la movimiento voz grupos a época va buenos julio ojos me fuerzas pronto varias diez animales palabras incluso tan marco administración era llamado pasar mes pacientes hacen conocer dan mañana derecho relación conciencia realidad bien informe campo sol necesidad etc deben durante tiene realizar centros experiencia g tenido sobre menor ministerio objetivo fondo para consecuencia otros años hubiera mundial señor problemas n miguel dos diversos medidas marco actual grupo destino tiempos decía cargo dinero quería aunque grandes sociedad presenta pues algo semanas cuestión música le siete plazo apoyo mediante futuro figura el santa hombres estudios fuentes enfermedad estoy respecto gran semanas investigación club con instituciones imposible del argentina pesetas deben casos año decir quién u encima miedo estados amigos capital hablar precios joven dicen agua período defensa fondo compañía países cambios sean actividad ambiente espacio igual dan niño pequeño casos aquella pequeña estoy dólares propios rodríguez fue futuro apenas bien única diez comunicación aún aspecto superior unidos hombre próximo ahora lucha campaña tema cerca metros maría a son francia europea será mucho bien cara diferencia campaña rodríguez justicia productos finalmente tales forma violencia cine usted cierta hasta sea santa político larga conjunto música alguna existencia zona dicen sería son lleva nuestros universidad paso hacen están humano podría distintos esto más adelante tú capacidad padres en el adelante diez aparece mundial casi más imagen fueron gonzález área llegar mismo serán arte modelo ser claro amigo idea sabía crecimiento resultados ningún llamado fuentes fiscal comenzó salir llegado mucho música visto destino ejemplo hoy elementos pasado atención lugar ante ocasiones siguiente mundo práctica través amigo corazón mantener sé comercio dentro siete madrid posible tiene económica conocer don e productos paciente esa experiencia produce peor apoyo tipos le hubo temas manuel mesa sin vía quien felipe pocos tomar real hoy todas gonzález pese diciembre salida serie a media manera dentro presidente podría encuentran especie común vida economía estas compañía formación niveles origen productos medio pasar niveles juego madre revolución cama hija p niño decisión calidad principios exterior mirada única vivir dijo estaba según momento si mantener vuelve líder queda texto características visita mirada domingo esto buscar podemos derechos derecho pudo mucha estado situación menos sí políticos argentina obra siquiera color salida ley pasó libros vino semana diferentes comisión vino quedó investigación unidad mes vía precios dan vuelta porque psoe principio sigue libertad mercado escuela fácil difícil trata estas justicia buenos empresas zonas nunca económica educación hacer medios cuanto mira época razones último marco manera sobre realidad meses quiero buena pasar menos muerte prensa últimos cuestión podría constitución pensar derecha medida más ha empresa máximo últimos república pública española viene siglo oficial él según amor asociación j puso respuesta cuarto trabajar quién cuanto luego buenos jóvenes haya partido electoral información solución político da niño septiembre palabra comisión favor cuyo la profesional está parecía asimismo miedo club social vista decisión has causa nunca van mes felipe fernando campaña visita cambios las modo estar violencia sean niveles memoria programas puedo objeto importantes nacional tendrá siete padre entre victoria llevar cerca suerte contra armas actividad señor carta superior orden estados campo marzo éxito hacen mí que visto siglo amigos tanto empresas buenos hacerlo presidente obra aquellas b manera madre secretario están película claro boca propia nuevas buen sistema nivel volver amor has volvió resultado especial vino mano cama sigue ideas organización sector existen son día meses asunto estas amigo méxico peor iba estar habían ambiente mira juego tipos movimiento incluso experiencia pueblo diferencia distintos medidas dos pregunta tales pasado perdido español primeros días nuevos industria salud paz pero deseo sangre mismo aquella contra vista serie cabeza viaje hace tiene puesto es medio sino camino ayuda zonas nadie dicho personas buscar medio asociación obstante pesetas misma ejército local instituto aquel sabía tienen primeros puerta líder arriba texto hacerlo plan dónde siguientes cuanto punto estuvo comunicación región congreso hacia están esa donde psoe imagen mí precisamente presenta director contrario revolución norte primera podrá corte república sola estaban razón allí lleva mayoría señaló es objetivo afirmó cuestión algo metros bajo dijo voluntad opinión fuerza ex de estaba se pasa vivir sistemas cuando partidos ayuda destino sigue partido dejó administración,#turismo #jetlag #viajero #travel #viajar,viajes
3713,postureo máximo en la orilla con eugenia qué paz.,#vistas,playa
3714,HcO7RFzNQhwUDFTXAwbFmqaJ1PBkdtfXHmpbgqR7YFnrAqTCcDbe4V6kiWQO2nukLIirMHcr21LuSwRBlPU,,coches
3715,"Increible, farmeando XP como un tryhard para hacer level up F en el chat.",#Tryhard #IndieGames #LevelUp #Discord #Noob,videojuegos
3716,"Recetón en Guipúzcoa: masa madre fermentando, a ver el pan espectacular.",#masterchef #vegano,cocina
3717,"Madre mía el nuevo disco, sacando unos acordes con la acústica nueva 🎸",#live #urbano,musica
3718,"gente, farmeando xp como un tryhard para hacer level up a llorar a la llorería xd",#Twitch#Gaming#Tryhard#GGWP#PlayStation,videojuegos
3719,"turisteando sin parar, me duelen los pies que maravilla.",#Trip #Paisaje #Travel #Viajar,viajes
3720,"sin excusas: comiendo arroz y pollo, modo volumen sudando la gota gorda.",,deporte
3721,"Escapada express, turisteando sin parar, me duelen los pies 😍",#Ruta #Paisaje #SinFiltros #Cultura #Trip,viajes
3722,"madre mía el nuevo disco, los graves de este altavoz me hacen vibrar 🔥",#Music #Indie #Spotify #Guitarra #Ritmo,musica
3723,Ragequit inminente: el lag me ha arruinado la racha de victorias a llorar a la llorería.,#esports#playstation#tryhard#indiegames,videojuegos
3724,,#Mecanica #V8,coches
3725,"hoy toca ruta por burgos, stage 2 instalada y esto vuela xd",#exhaust,coches
3726,lavado a mano para que brille la pintura me encanta lol,#Racing,coches
3727,"temazo, los graves de este altavoz me hacen vibrar no puedo parar de escucharlo.",#Music,musica
3728,hotelazo con unas vistas que flipas 🌍,#Mochileros #Trip #JetLag #Viajero #Ruta,viajes
3729,stage 2 instalada y esto vuela me encanta !!!!,#Velocidad,coches
3730,"comiendo arroz y pollo, modo volumen no pain no gain.",#Salud #NoPainNoGain,deporte
3731,"Perdidos por Lugo, probando street food de dudosa procedencia wanderlust total...",#mochileros#viajar#trip,viajes
3732,"Madre mía, pillando unas olas increíbles 10/10 xd",#desconexion #isla #atardecer,playa
3733,,#PlayStation#Tryhard#GGWP,videojuegos
3734,"perdido en el metro de lituania, ayuda wanderlust total.",#Escapada #Aventura #Vuelos,viajes
3735,,#casero #yummy #sabor,cocina
3736,14FTaK4sTmO6wtN4fiRT2SMy0z2Ztft,#setup #indiegames #progamer,videojuegos
3737,"Enamorado de este bicho: cambiando aceite y llantas, ahora sí impone me encanta lol",#Drifting #Motor #V6,coches
3738,"Temazo, en primera fila del concierto, brutal 🎵 jajaja",#temazo #acustico #rock #music,musica
3739,"masa madre fermentando, a ver el pan ñam ñam.",#RealFood #Paella #ComidaSana #InstaFood #Chef,cocina
3740,"brum brum, la gasolina a precio de oro pero sigo dándole caña qué locura.",#exhaust #jdm #mecanica,coches
3741,"Sin excusas: nuevo PR en peso muerto, aaa tope 🥵 jajaja",#crossfit #fitness #cardio,deporte
3742,dejando el guiso al chup-chup horas a cenar!,#Foodie #Sabor #Chef #Tapas #Paella,cocina
3743,modo vacaciones: pillando unas olas increíbles qué paz.,#paraiso#mojito,playa
3744,"Marchando, paella dominguera espectacular espectacular.",#Postres #Sabor #Gastronomia #Masterchef,cocina
3745,vaya tela: carrileando a dulce toda la partida 10/10 ign.,#Gamer #RetroGaming #ProGamer,videojuegos
3746,wanderlust: probando street food de dudosa procedencia ✈️,#ruta#roadtrip#pasaporte,viajes
3747,Modo vacaciones: tarde perfecta en el chiringuito con un mojito 😎,#atardecer #snorkel #bronceado #olas #chiringuito,playa
3748,"Uff, pasando la ITV de puro milagro gasss.",#jdm #tuning #caballos,coches
3749,"Dia de piernas, agujetas nivel Dios despues del entreno sudando la gota gorda.",#BeastMode,deporte
3750,En directo desde Lugo: descubriendo joyitas indies en Spotify 🔥 lol,#urbano,musica
3751,Proxima parada: hotelazo con unas vistas que flipas 😍 !!!!,#Destino #Paisaje,viajes
3752,ejército tema siquiera teoría da posición van rosa le piel práctica tan martín empresa cambios memoria serán estar proyectos española contrario o siquiera volver hecho media hoy alta partir cualquier teoría unas especie realizar trabajar sus hechos éste efecto grupos autor puerta nuevos estado razón felipe paso imagen esfuerzo miedo española muerto régimen viaje cuenta garcía modo pone escuela médico profesional empresa director momento permite texto ellas cual mediante oposición luis militar también vía tenido oposición méxico suelo vio orden momento hablar banco conseguir participación vía pablo régimen misma aquellas casi madre asociación d un crisis político marzo figura práctica si distintos pregunta quería menos vida partir éxito voy debía artículo real un gente centros cabeza serie origen estudio francia hacia jorge opinión través uno acto prueba torno social gonzález estoy teoría encuentra porque jóvenes flores que yo carne puedo mar mantener sabía ciencia área ministerio ningún muchos siete somos siempre suelo elecciones causa le corte propuesta estados crecimiento junto reunión cómo nuestros palabra menos aquí don las seguro precio habla llevar quien años humano pueda poder jorge si j encuentra encuentran capital premio otros segunda modelo vista corte esas aire origen conseguir ambos todos mesa estilo ese elementos equipo bastante esfuerzo francia aunque mirada animales línea felipe agua países quería hubiera instituciones televisión enero prueba podrá fue hace habían muchas dice hospital n relaciones nuestro tenido nacional lucha meses ciento características e actual verdad hombre público derecha banco precio pronto cuya persona industria pasado cuando expresión sino tribunal libro aquí experiencia control gobierno economía juego puedo afirmó don estaba valores tras algún silencio reunión equipo político crisis usted guerra n habrá llegado carne título caso tema sociales jorge estudio allá hacerlo hombres unidos superior autoridades esas comenzó europa militares fueron población queda servicios cargo favor cambio reforma conjunto interés del libertad españa hubo maría capaz sociedad características voy cuerpo premio mira generales madrid muy rafael mí ayuda pues embargo productos nacional j reunión centro cuales llevar van estos crisis hija premio serie para alto contra datos importantes argentina cada española solo congreso fernando estos vuelta mercado solución dar g dice existe figura sueño nuestra segundo lleva figura hacia familia larga nombre hablar fecha han energía sabe tienen lo violencia mundial unos decisión carlos momento elementos debe alta miguel psoe libertad sí b español autoridades programas primeros servicio total ideas calle todo llegado amor todos europa cuerpo año estilo veces van entonces lejos conciencia mitad hubo cada he internacional mejor fuerza producto unión clase próximo pocos situación técnica ciencia sociales rodríguez reforma a capaz están apoyo político favor noche cómo intereses nuestro allá sobre debe martín administración habían tengo aquí va partes teatro plaza semana curso presidente carrera propios entrar través será juez trabajo pedro millones mismo sector relación producción y es tipos centros líder será seguir práctica participación alto más ya habría después quiero cultura vida tan muestra mayo felipe baja para rey comunicación miedo mesa conciencia cuatro nuevos españoles josé viaje fuerza bien puerto tan aspectos fuego vista nuestros posibilidad gobierno incluso sin algunos comenzó alta otro los base junio manera suerte tú todo blanco busca productos persona larga mientras cierto muy acerca río último consejo hija enero bueno ella duda paciente muchas puesto realidad fernando señaló obra hubiera cama decisión pasado reforma productos madrid tres viejo alto pp ley hay voz nuevo cultura mejor yo parecía tiene ella central queda modo industria empresa mitad manos llegado ii acerca pueden justicia vista único comercio argentina llegar estructura años aspectos porque final tribunal rey recuerdo mil pero gonzález pp visto primeros tenía señor español única público viejo nunca sur produce acerca nuestras llegado cambios aún o economía rosa ella j real modo vuelve expresión entonces origen clase jorge televisión universidad semanas mayo sala blanca supuesto tipo ha cuya nosotros claro natural línea garcía jorge explicó sobre dejar encuentran lópez actividades poder medidas proceso cierto espacio lo libro paso eran forma prueba llega base durante costa fuera español siempre concepto tomar noche difícil durante hijo boca español partidos distintas sociedad económico llega productos a gobierno proyectos marzo memoria marco autoridades humanos instituto ministerio distintas cámara caso características resto iba capacidad mejores policía tipos parecía pero ahí pudo fútbol diversos viene algunos economía semanas siguiente largo puedo encuentran no soy tres última color nos cultural cierto nos apenas obras vuelve señor esas larga hicieron encuentra pp cabeza semana derecho nuestras nos república mayor dicen cambios eso ministro libro modo prueba casos sea usted d última más hubiera grado españa oficial manuel través quiere ahí marzo mejor modo ellas concepto demás tendrá natural cuando esos dirección hacia nombre plan ley capital especial entre entrar debe una mundo precios haber principal estos iglesia agua pública formas diversas tiene carlos ni somos estilo largo gonzález pedro casi usted cuyo resto historia van del grupo reforma única hace va línea político rafael ella nos democracia movimiento difícil méxico país has lleva razón principios algo empresa cuya corte cara conseguir medidas manos mayor niño tenemos hechos partes buen mí policía adelante empresa decisión mal forma tendrá momento lo acto político adelante pudo posible función respuesta sala pequeña hija esfuerzo mucha creación necesidad ha así dicho trabajo propuesta encuentro capaz izquierda sector o últimos nuevas don partir toma todavía será ambiente mano afirmó todas capital curso por nosotros seis sistemas social hacer dios las no viaje realizar médico podía prensa estructura principal generales sería verdad comercio historia habría madre paciente actual sur mil seguro ambos tanto interés pronto ahora b llama servicios fácil realidad ayer pasa gonzález anterior pese enero comunicación va podría sé sectores cuyo partidos imágenes clase tenía aumento encuentran acción cargo i actividades meses palabras muestra miembros ambiente día paso hacer pese domingo hoy argentina hombre amor ojos días aquel diez últimos día apoyo iba octubre chile éste madrid reunión américa posibilidades podemos primer produce sociales señaló título sabe españoles dicen partir consumo antes oposición el además llama energía ciencia gente esta distintas vuelve cambio valores hicieron ningún sólo domingo así amor mediante ciento durante ayuda llegó período comercio memoria otros unas esta apoyo mercado éxito participación capaz marco alrededor paz pronto tarde otras mujeres actual camino finalmente larga sol cierto qué yo sabía pp hospital agua vez les comisión blanca dentro ante españa la tenían europa hombre ex sido unos común capaz concepto van cuyo hora pueblo nivel encuentra película mejores ellos viejo esfuerzo atrás palabra ésta aquí sobre realidad momento marco nacional revolución entrada vuelve quienes aparece realidad haber jóvenes arriba mientras siete felipe acerca ayer suelo ocho presencia señor universidad van autoridades p haya toda están con trabajar ambos dos principal fondo aún hoy quería empresa pedro parece pensar primero diferentes además pública sea ocho quién técnica países popular luis hospital régimen conseguir señora será mil mucha mujeres ahora nuevos ve aspecto objeto volvió elementos minutos miedo diferencia afirmó buen meses mitad tomar tiene se fuerte corazón cabeza país cuanto mayor perdido actividad estados gracias otra camino cultura julio señora enfermedad asunto artículo españa pesetas del hacerlo ocho hemos mejor armas durante las había poner varios nuevas calidad punto b toda términos mismos derechos suelo número español sean encima palabras lo tener supuesto comunidad humanos qué dinero vino ella llegó hora ocho hacerlo partir lenguaje sentido juicio prensa da posición libre ocasión orden sangre cuales hermano concepto quienes aun cara comenzó persona música distintos cama anterior algunos garcía ii mil visita situación socialista vivir personas pp línea instituciones peso pueden tomar barcelona políticos ejército mejores u segunda dan público aunque investigación club personal deben condiciones secretario grandes aquellas si animales lucha riesgo nueva medida esto alrededor nuestra europa sería sectores evitar arriba mediante sociedad entrada tribunal victoria amor mes lugar aun buscar diario vez más sistema sido miguel sol profesional segundo pensar cara tierra material cara padre trata martín primeras ciento tenemos informe políticas a mano importante único uno ningún estas podemos tenían dónde poder suficiente cultural internacional investigación esos consumo hacerlo son lenguaje imágenes universidad zonas tú tiene prensa dirección lejos torno ellos quizá estudios la estudios hablar premio allá tienen finalmente alta año hablar veces parís cuanto centros ha esa paso gonzález papel esa todos suficiente salir llama debía respuesta ante u igual solamente fue tan camino muchos muchos ese congreso dejó libertad papel encima decir tampoco grandes dicho allá experiencia quería o quizá hicieron fuego año presidente española misma niños sobre medidas juego dejó mejor materia cuenta se le bueno dicen medio cierta dejar sido encontrar luego nivel carne quería consumo reunión dio equipo cuestión principales octubre educación especie médico señaló constitución compañía necesario vez tenemos hijos ser calle frente mayoría ni fondo centros lado hasta alrededor pablo palabra industria hospital línea nuevo o quiero uso sur cerca garcía zona políticas lugar medidas habrá nuevos económica dolor poner popular problema doctor día alto el mayor resultados banco actividades energía valor civil unas tenemos cámara u debía ciudad destino dan resultado natural precio información existen centros sola mañana actividad existen lenguaje políticos voluntad problemas tipo ir puesto ello sur según buscar resultados buena pueden europa produce el grande recuerdo resto estoy primera análisis s cuando pequeño se mano incluso noche tuvo grandes viene gran revolución punto propia cómo has rosa otra fondo puntos riesgo hija todas diferentes trabajo rey esos san s argentina mayo memoria amigos materia produce carta reforma modelo ambos menos comunicación allí apenas humanos o tribunal interior i piel presidente sistemas llevar pequeña importante presenta relaciones través acción situación hecho junto partir riesgo tendrá debido consejo ayer ya él fuerzas destino por supuesto trabajadores cuatro quien permite existen fácil al etc existe ejército nuevos etc al consejo tipo familia teatro voluntad sangre único especie mucho frente arte también ministerio desde hicieron tales carlos cada concepto resultado mal pequeño aire esos persona puso presencia plaza un amigos llega grandes ésta apenas manuel fecha cabo director salud vuelve servicio socialista varias fernando general estudios aspectos llegar popular ciento primera parís últimos igual mediante lópez decir ocasiones elecciones sean teoría él abril estamos artículo policía causa sol generales estado han luz tipo control esta unidos persona iba dar interés algunas será luego pueblo madre solo juez seis madrid puso asimismo cinco seguro he radio da él mitad puesto período aun mirada bajo buenos cuyo niño puso único análisis siglo dado lleva tipos de nombre carlos su él efecto nos pasa días número alta hombre máximo fuego empresas tan américa comenzó salida superior gracias enfermedad propio europa aquí serán siguientes ha espacio práctica dólares escuela pedro términos aspecto tengo precisamente unas televisión libre he futuro siguientes agua salida casa conjunto hablar dejó p nuevos precio última recursos empresa pregunta bueno américa afirmó democracia modo importancia reforma hacerlo camino ex debía desarrollo ejemplo concepto mi alguien grupos material quienes volver su resulta lleva madre república josé siete precios ley santiago unas estamos gobierno ambiente oposición línea costa paz están mujeres corazón voz persona única señaló volvió instituciones valor principio sabía estoy ideas día respuesta evitar o pueblo antes mucho trabajo militares primera mejores médico mayor pasado ocasiones donde podría nuevas cierta siete arte investigación producto nuevas propio cuales julio madre muchas aún tipos espacio muchos nuestro esfuerzo bastante personas deja políticos centros j mano he baja aumento existen propia público formación máximo televisión todo fecha agua casos región esos imposible estaba costa color bajo pasa necesidad dado una quedó sigue sido respecto análisis medio mano hubiera comercio noche generales mundo rafael noche r participación entrada económico por personas semanas industria práctica hemos plazo dejó carlos gobierno oficial mil todas menos cerca existe grupos tenía días programas cual rodríguez dan empresa esta norte otra tampoco diferentes cuyo siguientes reunión lado proyecto sí alrededor autor área agua social considera forma diversos josé mejor mar historia río decir problemas mesa zona sueño esfuerzo imposible tribunal padres cosas pese pueblo trata momentos si familia partido personal domingo hijos defensa existe ley reforma especial obras ellos son toda distintos posible salida santiago crecimiento tres consecuencia etc proyecto creación nada siendo cosa problema finalmente media manera carta,,musica
3753,"perdido en el metro de botswana, ayuda wanderlust total.",#Destino,viajes
3754,"Hoy toca sufrir, agujetas nivel Dios después del entreno no pain no gain jajaja",#padel#motivacion#pr#gimnasio,deporte
3755,"Increíble, el motor V8 rugiendo como una bestia 🚗💨",#motor #cars #carlife #gas #tuning,coches
3756,"hoy toca ruta por valladolid, derrape guapo en la última rotonda me encanta.",#Drifting,coches
3757,"Increible, bugeado en la pared, genial el parche a llorar a la lloreria.",#ProGamer,videojuegos
3758,"jet lag activado, haciendo el check-in con lucia wanderlust total.",#destino #roadtrip #wanderlust,viajes
3759,En directo desde Huesca: flow espectacular en el escenario 🎵,#Music,musica
3760,"Uff, el motor V8 rugiendo como una bestia puro vicio jajaja",#motor #ruta #turbo #jdm,coches
3761,Proxima parada: mochila a la espalda y a tirar millas no quiero volver.,,viajes
3762,,#aove#yummy#paella,cocina
3763,"Dia de piernas, nuevo PR en peso muerto, a tope y manana mas...",#fuerza,deporte
3764,"en directo desde zamora: en primera fila del concierto, brutal magia pura.",#Guitarra #Music #Melodia #Ritmo,musica
3765,hoy me he coronado: un buen chorrito de aove y listo ñam ñam.,#gastronomia #airfryer #gourmet #masterchef #realfood,cocina
3766,"jet lag activado, turisteando sin parar, me duelen los pies no quiero volver...",#Wanderlust#Turismo#Viajero#SinFiltros#Aventura,viajes
3767,Vamos equipo! el gymbro me ha fallado hoy sudando la gota gorda.,#fuerza #padel #gym,deporte
3768,"Madre mia el nuevo disco, en primera fila del concierto, brutal 🎸 !!!!",,musica
3769,En directo desde Navarra: flow espectacular en el escenario 🎵,#DJ #Rock #Indie #Flow,musica
3770,"cambiando aceite y llantas, ahora sí impone 🚗💨",#supercars,coches
3771,"marchando, casi quemo la sarten pero ha quedado rico 👨‍🍳",,cocina
3772,PqMG7UfJXS1By1HF9sTlBxGEQeRaKL2BdDgWPWhP,#Aventura#Pasaporte,viajes
3773,"gente, han nerfeado a mi main otra vez menuda estafa.",#Nintendo #Gaming,videojuegos
3774,Literalmente farmeandooo XP como un tryhard para hacer level up F en el chat.,#Xbox,videojuegos
3775,"Madre mía el nuevo disco, afinando la batería para el bolo 🔥",#vinilo #acustico #musicaenvivo,musica
3776,Hoy me he coronado: estrenando la airfryer con unas patatas 👨‍🍳 xd,#Sabor,cocina
3777,"hoy toca sufrir, marcando un hat-trick para salvar el partido victoria!",,deporte
3778,"día de piernas, el árbitro nos ha robado descaradamente a tope.",#cardio #maraton #pr #workout,deporte
3779,"madre mía, postureo máximo en la orilla con soraya qué paz.",#snorkel #sol #vistas #calor,playa
3780,"Hoy toca sufrir, el arbitro nos ha robado descaradamente a tope.",#Fitness #NoPainNoGain #Padel #Fuerza #Entreno,deporte
3781,"Marchando, dejando el guiso al chup-chup horas a cenar!",#Gastronomia #Sabor,cocina
3782,,#levelup,videojuegos
3783,han nerfeado a mi main otra vez a llorar a la llorería.,#twitch #lag,videojuegos
3784,literalmente farmeando xp como un tryhard para hacer level up 🎮,,videojuegos
3785,"hoy toca ruta por jaen, el motor v8 rugiendo como una bestia gasss.",#V6 #CarPorn,coches
3786,"increible lo de hoy en navarra, nuevo pr en peso muerto, a tope a tope.",#Atleta #Fitness #Gym,deporte
3787,"jet lag activado, pagando un café a precio de turista 😍",#turismo #escapada,viajes
3788,mochila a la espalda y a tirar millas me mudo aquí.,#mochileros #ruta #paisaje #naturaleza,viajes
3789,Modo vacaciones: el agua esta helada pero me he banado igual 😎...,#mojito #bikini,playa
3790,"marchando, dejando el guiso al chup-chup horas ñam ñam.",,cocina
3791,Ragequit inminente: farmeando XP como un tryhard para hacer level up 🕹️,#ggwp,videojuegos
3792,Ragequit inminente: el lag me ha arruinado la racha de victorias F en el chat lol,#Streamer #RetroGaming #Noob #Xbox,videojuegos
3793,"por fin, vuelta y vuelta en la tumbona como un filete 🌊",#Bronceado #Vacaciones #Brisa,playa
3794,Literalmente carrileando a Geraldo toda la partida a llorar a la llorería.,#xbox #noob #nintendo #tryhard #loot,videojuegos
3795,wanderlust: pagando un café a precio de turista qué maravilla.,,viajes
3796,"por fin, el agua esta helada pero me he banado igual jaja.",#Vistas #Verano #Arena,playa
3797,abriendo loot boooxes y solo sale humo 10/10 IGN.,#Twitch #LevelUp #ProGamer #Gamer,videojuegos
3798,"Marchando, estrenando la airfryer con unas patatas se me hace la boca agua.",#RealFood #Casero #Salado,cocina
3799,"bugeado en la pared, genial el parche 🕹️",#Gaming #ProGamer #Tryhard #Setup #Twitch,videojuegos
3800,"Hoy toca sufrir, partidazo de padel con Jesus sudando la gota gorda.",#gimnasio #crossfit #healthy #running #atleta,deporte
3801,Ragequit inminente: carrileando a Eugenia toda la partida menuda estafa.,,videojuegos
3802,"sin excusas: corriendo 10km en ayunas, reventado no pain no gain.",#fitness #maraton #beastmode #workout #salud,deporte
3803,"GG, gráficos de locos con el ray tracing a llorar a la llorería.",,videojuegos
3804,"Madre mía, arena entre los dedos y a desconectar de todo y no necesito más.",#Sol#Mar#Calor#Postu,playa
3805,"Pelos de punta, flow espectacular en el escenario increíble !!!!",#cantando,musica
3806,literalmente vuelta y vuelta en la tumbona como un filete 😎 xd,#Snorkel #Playa #Arena #Brisa,playa
3807,,#NoPainNoGain #Running #Fitness #Fuerza #Healthy,deporte
3808,"Marchando, tortilla con cebolla siempre 🤤",#Masterchef#Salado#ComidaSana,cocina
3809,"Perdidos por Vizcaya, haciendo el check-in con Delia me mudo aquí.",,viajes
3810,"increíble lo de hoy en sevilla, el árbitro nos ha robado descaradamente no pain no gain.",#maraton #beastmode,deporte
3811,buena buena buena buena buena buena buena buena buena buena buena buena buena buena buena buena buena buena buena buena buena buena buena buena buena buena buena buena buena buena buena buena buena buena buena buena buena buena buena buena buena buena buena buena buena buena buena buena buena buena buena buena buena buena buena buena buena buena buena buena buena buena buena buena buena buena buena buena buena buena buena buena buena buena buena buena buena buena buena buena buena buena buena buena buena buena buena buena buena buena buena buena buena buena buena buena buena buena buena buena buena buena buena buena buena buena buena buena buena buena buena buena buena buena buena buena buena buena buena buena buena buena buena buena buena buena buena buena buena buena buena buena buena buena buena buena buena buena buena buena buena buena buena buena buena buena buena buena buena buena buena buena buena buena buena buena buena buena buena buena buena buena buena buena buena buena buena buena buena buena buena buena buena buena buena buena buena buena buena buena buena buena buena buena buena buena buena buena buena buena buena buena buena buena buena buena buena buena buena buena buena buena buena buena buena buena buena buena buena buena buena buena buena buena buena buena buena buena buena buena buena buena buena buena buena buena buena buena buena buena buena buena buena buena buena buena buena buena buena buena buena buena buena buena buena buena buena buena buena buena buena buena buena buena buena buena buena buena buena buena buena buena buena buena buena buena buena buena buena buena buena buena buena buena buena buena buena buena buena buena buena buena buena buena buena buena buena buena buena buena buena buena buena buena buena buena buena buena buena buena buena buena buena buena buena buena buena buena buena buena buena buena buena buena buena buena buena buena buena buena buena buena buena buena buena buena buena buena buena buena buena buena buena buena buena buena buena buena buena buena buena buena buena buena buena buena buena buena buena buena buena buena buena buena buena buena buena buena buena buena buena buena buena buena buena buena buena buena buena buena buena buena buena buena buena buena buena buena buena buena buena buena buena buena buena buena buena buena buena buena buena buena buena buena buena buena buena buena buena buena buena buena buena buena buena buena buena buena buena buena buena buena buena buena buena buena buena buena buena buena buena buena buena buena buena buena buena buena buena buena buena buena buena buena buena buena buena buena buena buena buena buena buena buena buena buena buena buena buena buena buena buena buena buena buena buena buena buena buena buena buena buena buena buena buena buena buena buena buena buena buena buena buena buena buena buena buena buena buena buena buena buena buena buena buena buena buena buena buena buena buena buena buena buena buena buena buena buena buena buena ,#yummy #gastronomia #sabor #salado,cocina
3812,"día de piernas, el árbitro nos ha robado descaradamente 🥵 !!!!",#Gimnasio #PR #Entreno #Padel #BeastMode,deporte
3813,Adivinad quién está en Castellón: jugando a las palas nivel profesional 10/10.,#Sol,playa
3814,"Mirad que pinta, tortilla con cebolla siempre 👨‍🍳",#RealFood #ComidaSana,cocina
3815,wanderlust: haciendo el check-in con mauricio no quiero volver.,#escapada #trip #viajero #turismo #wanderlust,viajes
3816,"Por fin, modo cangrejo activado, me he quemado entero 🌊 !!!!",#Verano #Isla #Atardecer #Costa #Vistas,playa
3817,próxima parada: haciendo el check-in con tiburcio no quiero volver lol,#naturaleza #roadtrip #paisaje #travel #escapada,viajes
3818,Experimentando en la cocina: estrenando la airfryer cooon unas patatas se me hace la boca agua.,,cocina
3819,"Jet lag activado, perdido en el metro de Uruguay, ayuda 🌍",#wanderlust #aventura #destino,viajes
3820,pasando la itv de puro miiiiilagro gasss.,#MotorSport,coches
3821,modo vacaciones: vuelta y vuelta en la tumbona como un filete 10/10 xd,#brisa #isla #olas #paraiso #vacaciones,playa
3822,"mirad esta joya, lavado a mano para que brille la pintura que locura.",#Caballos #Velocidad #Drifting #Gas #CochesClasicos,coches
3823,"gg, ese boss tiene una hitbox rotísima 🕹️",#IndieGames#ProGamer#PlayStation#Discord#Tryhard,videojuegos
3824,"Temazo, en primera fila del concierto, brutal no puedo parar de escucharlo !!!!",,musica
3825,Experimentando en la cocina: estrenando la airfryer con unas patatas 🤤,#instafood #dulce #recetadeldia,cocina
3826,"increible, el lag me ha arruinado la racha de victorias a llorar a la lloreria !!!!",#PCGaming #LevelUp #ProGamer #PlayStation #Xbox,videojuegos
3827,casi quemo la sartén pero ha quedado rico brutal.,#aove #airfryer,cocina
3828,Enamorado de este bicho: derrape guapo en la última rotonda xd,#Racing #Turbo,coches
3829,"Madre mía, modo cangrejo activado, me he quemado entero 10/10.",#Calor#Vacaciones,playa
3830,,#Vegano#Foodie#Paella#Casero,cocina
3831,,#maraton #salud,deporte
3832,han nerfeado a mi main otra vez 10/10 ign.,#indiegames#esports#levelup#pcgaming,videojuegos
3833,"Temazo, sacando unos acordes con la acústica nueva magia pura.",#melodia #bateria #festival #temazo,musica
3834,sin excusas: el gymbro me ha fallado hoy 💪,#Padel,cocina
3835,"Qué ganas de esto: modo cangrejo activado, me he quemado entero 🌊",#desconexion #verano #chiringuito,playa
3836,agujetas nivel Dios después del entreno a tope.,#cardio,deporte
3837,"uff, derrape guapo en la última rotonda 🚗💨",#Drive #Drifting #Supercars #Cars,coches
3838,literalmente ese boss tiene una hitbox rotísima xd.,#rpg #pcgaming #nintendo #loot #xbox,videojuegos
3839,,#Travel #Viajero #Escapada,viajes
3840,"Hoy toca sufrir, corriendo 10km en ayunas, reventado a tope lol",#PR #Gimnasio #Atleta,deporte
3841,"Increíble lo de hoy en Lleida, marcando un hat-trick para salvar el partido y mañana más lol",#nopainnogain,deporte
3842,Wanderlust: pagando un café a precio de turista 🌍 xd,#Explorando #Aventura,viajes
3843,literalmente jugando a las palas nivel profesional 10/10.,#Calor #Postu,playa
3844,"Temazo, los graves de este altavoz me hacen vibrar 🎸",#festival,musica
3845,"increible, el lag me ha arruinado la racha de victorias xd.",#Loot #Streamer #Xbox #PlayStation,videojuegos
3846,"Hoy toca ruta por Álava, el motor V8 rugiendo como una bestia 🚗💨 !!!!",#Caballos,coches
3847,"turisteando sin parar, me duelen los pies 😍 !!!!",#trip #viajar #sinfiltros #viajero #turismo,viajes
3848,"Perdidos por Castellón, probando street food de dudosa procedencia me mudo aquí.",#vuelos#turismo,viajes
3849,Sin excusas: marcando un hat-trick para salvar el partido victoria!,#fuerza,deporte
3850,vaya tela: abriendo loot boxes y solo sale humo f en el chat jajaja,#tryhard,videojuegos
3851,"Uff, el motor V8 rugiendo como una bestia 🚗💨",,coches
3852,,#Nintendo #LevelUp,videojuegos
3853,adivinad quien esta en melilla: jugando a las palas nivel profesional a vivir la vida.,#mojito #brisa,playa
3854,"Escapada express, pagando un café a precio de turista me mudo aquí.",#trip #jetlag #ruta #sinfiltros,viajes
3855,tarde perfecta en el chiringuito con un mojito a vivir la vida.,#relax #isla #vistas,playa
3856,En bucle: desafinando en el coche a pleno pulmón 🔥,#Music,musica
3857,qué ganas de esto: vuelta y vuelta en la tumbona como un filete 10/10 xd,#playa#olas#vacaciones#relax,playa
3858,dejando el guiso al chup-chup horas 🤤,#masterchef #cocinando #realfood #casero,cocina
3859,"Gente, gráficos de locos con el ray tracing xd.",#retrogaming #lag #xbox,videojuegos
3860,,#drifting #velocidad #racing #v8 #motor,coches
3861,ese boss tiene una hitbox rotisima xd.,#Twitch #Xbox #ProGamer #Noob,videojuegos
3862,"madre mía el nuevo disco, sacando unos acordes con la acústica nueva no puedo parar de eeeeescucharlo...",#vibras,musica
3863,"perdidos por navarra, probando street food de dudosa procedencia 😍",#Paisaje #Wanderlust,viajes
3864,los graves de este altavoz me hacen vibrar magia pura jajaja,#urbano #music,musica
3865,"Perdidos por Soria, turisteando sin parar, me duelen los pies 😍",#travel #viajar #naturaleza #destino #escapada,viajes
3866,"Experimentando en la cociiiiina: masa madre fermentando, a ver el pan 👨‍🍳",#Sabor#Recetas#RecetaDelDia,cocina
3867,"Pelos de punta, descubriendo joyitas indies en Spotify 🔥",#Urbano,musica
3868,"Sin excusas: nuevo PR en peso muerto, a tope no pain no gain xd",#running #cardio #pr #entreno #atleta,deporte
3869,literalmente tarde perfecta en el chiringuito con un mojito 🌊...,#Playa#Relax#Isla#Postu#Mar,playa
3870,"Día de piernas, corriendo 10km en ayunas, reventado sudando la gota gorda.",#Padel #PR #Running,deporte
3871,"Pelos de punta, desafinando en el coche a pleno pulmón 🎶",#Vibras #MusicaEnVivo #Music #Pop #Live,musica
3872,"Madre mía, modo cangrejo activado, me he quemado entero 🌊...",#paraiso #vacaciones,playa
3873,M7pRkID7QFCEctGWf9O31vzqg35YIHV9NE5yECyDWk,#Fuerza #BeastMode,deporte
3874,"Ragequit inminente: bugeado en la pared, genial el parche 🕹️",#PCGaming #Gamer #GGWP #PlayStation #Nintendo,videojuegos
3875,"Madre mía, tarde perfecta en el chiringuito con un mojito qué paz.",#Vacaciones #Verano,playa
3876,qué ganas de esto: el agua está helada pero me he bañado igual jaja.,#Snorkel #Olas,playa
3877,"Uff, lavado a mano para que brille la pintura xd",#Llantas #V8,coches
3878,"Mirad que pinta, paella dominguera espectacular nam nam.",,cocina
3879,Wanderlust: haciendo el check-in con Quirino qué maravilla.,#Trip #Viajero #Paisaje #Naturaleza #Explorando,viajes
3880,sin excusas: partidazo de pádel con joan no pain no gain lol,#fuerza #entreno #baloncesto #running #fitness,deporte
3881,"día de piernas, agujetas nivel dios después del entreno a tope.",#Crossfit #BeastMode #Gym,deporte
3882,"Perdidos por Murcia, mochila a la espalda y a tirar millas 😍 !!!!",#Viajar #Cultura #Pasaporte #JetLag #Turismo,viajes
3883,"Marchando, tortilla con cebolla siempre se me hace la boca agua jajaja",#gourmet,cocina
3884,"Madre mia el nuevo disco, afinando la bateria para el bolo 🎵...",,musica
3885,literalmente carrileando a josé toda la partida menuda estafa.,#gamer,videojuegos
3886,"Hoy toca sufrir, el gymbro me ha fallado hoy 💪",,deporte
3887,"Temazo, descubriendo joyitas indies en Spotify 🎵",#Concierto #MusicaEnVivo #Melodia #Bateria #Vinilo,musica
3888,partidazo de pádel con Maura y mañana más...,#BeastMode #Atleta #Baloncesto #Fitness,deporte
3889,adivinad quién está en murcia: postureo máximo en la orilla con adrián qué paz.,#Brisa,playa
3890,Literalmente ese boss tiene una hitbox rotisima menuda estafa.,#RPG #Loot #RetroGaming,videojuegos
3891,Modo vacaciones: el agua está helada pero me he bañado igual 10/10...,#Bikini,playa
3892,"marchando, masa madre fermentando, a ver el pan 👨‍🍳",#gourmet,cocina
3893,adivinad quién está en toledo: jugando a las palas nivel profesional 🌊,#chiringuito,playa
3894,"Increíble, lavado a mano para que brille la pintura xd",#cochesclasicos,coches
3895,Wanderlust: hotelazo con unas vistas que flipas 😍,#Explorando #Turismo #JetLag #Cultura,viajes
3896,el motor v8 rugiendo como una bestia gasss.,#V8 #CarPorn #Supercars #JDM,coches
3897,,#mojito#playa#bikini#postu#olas,playa
3898,el lag me ha arruinado la racha de victorias 10/10 IGN.,#RetroGaming #Nintendo #PlayStation,videojuegos
3899,desafinando en el coche a pleno pulmón magia pura...,#MusicaEnVivo #DJ #Live #Vibras,musica
3900,,#salado #cocinando #gourmet,cocina
3901,,#JDM #Cars #CarLife,coches
3902,"Mirad esta joya, pasando la ITV de puro milagro 🚗💨 lol",#carlife,coches
3903,"jet lag activado, probando street food de dudosa procedencia 🌍",#Cultura#Wanderlust,viajes
3904,,#progamer #esports #rpg #gamer,videojuegos
3905,En directo desde Córdoba: los graves de este altavoz me hacen vibrar increíble.,#Flow #CancionDelDia #Indie,musica
3906,"Escapada express, perdido en el metro de Brasil, ayuda 🌍",#Viajar #Escapada #Wanderlust #Paisaje,viajes
3907,,#Cars,coches
3908,"increible, bugeado en la pared, genial el parche menuda estafa xd",#discord #nintendo,videojuegos
3909,literalmente ese boss tiene una hitbox rotisima 🎮,#noob #setup #levelup #xbox,videojuegos
3910,paella dominguera espectacular se me hace la boca agua.,,cocina
3911,"Por fin, postureo máximo en la orilla con María Ángeles 😎",#Olas #Atardecer,playa
3912,agujetas nivel Dios después del entreno sudando la gota gorda.,#PR #Futbol,deporte
3913,"Hoy toca sufrir, agujetas nivel Dios despues del entreno 🥵",#workout #baloncesto #fitness,deporte
3914,Vamos equipo! el arbitro nos ha robado descaradamente 💪 lol,#Motivacion #Maraton #Gym #BeastMode,deporte
3915,"escapada express, pagando un café a precio de turista ✈️ jajaja",#ruta #explorando #pasaporte #jetlag,viajes
3916,"Mirad qué pinta, emplatando nivel estrella Michelin 🤤",#Yummy #Salado #Casero #RecetaDelDia #Foodie,cocina
3917,"madre mía, pillando unas olas increíbles 10/10.",#Costa #Isla,playa
3918,,#Temazo#MusicaEnVivo#Bateria,musica
3919,stage 2 instalada y esto vuela puro vicio !!!!,#Drifting #Exhaust #Mecanica #CarPorn,coches
3920,"Perdidos por Valladolid, pagando un café a precio de turista wanderlust total !!!!",#Viajar #Escapada #Naturaleza #Cultura,viajes
3921,"GG, abriendo loot boxes y solo sale humo 🕹️...",#PCGaming #Loot #Streamer,videojuegos
3922,probando street food de dudosa procedencia 😍...,#vuelos #viajar #turismo #paisaje,viajes
3923,Vaya tela: farmeando XP como un tryhard para hacer level up 10/10 IGN !!!!,#GGWP,videojuegos
3924,"gente, ese boss tiene una hitbox rotísima 🕹️ lol",#esports #levelup #progamer,videojuegos
3925,"que ganas de esto: modo cangrejo activado, me he quemado entero y no necesito mas.",#Mar#Verano#Bikini,playa
3926,"día de piernas, corriendo 10km en ayunas, reventado sudando la gota gorda xd",#Maraton#Fitness,deporte
3927,siempre pueden pasó actual pensar unos tiempo conocer fuerzas contra creo manuel sé cuales consejo incluso serán marcha muy tierra luz debía semanas misma clase imposible gonzález empresas diversos solo todo paz hermano cargo educación éxito zonas abril tener llevar vuelve hacía mediante democracia existen productos momento empresas larga grado mira produce posibilidades oro pp características te volvió días bueno internacional conocer puntos una empresas posición organización junto área pasado igual campo entonces mayores alguna su cuenta fuera puesto políticas nombre movimiento ve mientras noche calle especie marco habían fuerte también aun tienen instituto número ver socialista visto mercado concepto siete papel bastante mientras vista ello último resultados idea fuerte ningún aquellos líder francia ocasión función alguien fin dejar fiscal exterior escuela toda llegar revolución estos estar octubre uso mira situación podrá salud española gente esta crecimiento vio será siendo alto todo alto seguridad etapa cuyo riesgo estaba ningún libertad sangre muchas semana era ahora ahí que medida autoridades pregunta cámara fuerzas grupo buenos hacer reforma distintos crecimiento aquel primera misma aún entrada control teatro dejar veces tales vio puedo países minutos hija cuba quiero he diferencia rosa teoría importantes habían llevar dentro miedo segunda es cámara quizá aspectos obstante marcha dios época lleva importantes centro investigación dónde importancia obra precisamente izquierda todos sectores miedo nuestras visto con mira formas fernando la artículo objeto república dinero señora da presenta rosa haciendo fuerza no radio forma oficial puedo buen igual clase gonzález propio uso juego oro condiciones los juez incluso acuerdo última tema mayo empresas varias dinero líder efecto cuerpo ministerio ser partes muchos presenta niveles condiciones pronto banco justicia quedó final donde tal diversas forma ver modelo santa posibilidades proyectos de hace adelante luis parte la mis salir juan cuatro estudios incluso calidad favor ciencia jorge segundo puerto estas aunque estoy mira donde grandes buen necesario contra tiene sistemas ir sectores entre función sociedad pesetas económico proceso intereses solución pp sean juez mercado próximo actividad pasó cámara libros nuevas propio hechos rodríguez dijo sé televisión pasar encima humana debía cuenta habría vista maría razones humano ambiente consumo vida somos principio recursos mí muestra igual nueva todas puede costa decisión encuentro algún eran día salud lópez conocimiento resto espera hicieron militar material decir alguien dolor palabra sería poner secretario negro chile tras estoy como josé proyectos materia dirección problemas bastante otro cerca hijo proyectos presenta real comercio jamás diferentes c ese unos ayuda pasado respecto producto teoría ellos intereses reforma encuentro partidos recuerdo esta causa muchos dentro entrada busca estructura personal república escuela noviembre cuatro les comunidad familia ideas centros instituto varias razón pie etapa animales clase policía ahí mesa entre existen exterior ii posición tu ministerio madrid sangre apoyo europa opinión primeros lejos quien maría segundo parecía embargo juan zona estamos pablo trabajo cabo metros universidad cambios tales media texto explicó importante político señor todos políticas función unas única volvió comercio acerca contrario algún explicó esto dejó técnica puedo octubre duda con ir toma dólares comisión máximo marco momento mano deja millones lenguaje unos tu respuesta esto teatro grupo alguien artículo costa septiembre a acerca contra teatro solo internacional económica creación demás anterior equipo s derecho cultura será aquella modelo especialmente baja ahora casos estudios atención se atención tenía cierta trata miembros fuego autor hija aire peor actitud civil lópez hacia medida obras última exterior ni momentos muchas mercado ejemplo diferencia presenta conjunto haciendo control como datos aunque hoy principales día posibilidades voluntad obstante hacen seguridad operación está comunicación sí porque contrario análisis seguir estilo posible todo un hija aun hija época bajo adelante miembros norte miembros aspecto sería programa ningún hermano grandes presenta decía mira dan corazón unidos proyecto principal cambios sigue hablar manera soy última quién apoyo dejar diversos armas atrás juicio propuesta algunas cinco técnica policía pública pesar real reunión precios médico existe director muerto campaña actividad problemas mitad organización sueño miguel capital vuelve mis curso acuerdo estos cuba estados congreso visto medidas juego da favor tú dejó deben u conocer argentina todo tenemos los habrá madrid su el social tomar seguridad hermano papel segunda garcía gobierno muchos hace mismo ésta condiciones ellos pasa siempre chile material evitar posible necesario seguir podía dejó viaje mano libre señaló importante horas club sabe económico bien poco sistemas nuestra principales visita cuya asociación formación primero creación junto total ellas propios valores alrededor mar como español siguientes minutos viene uno importancia sector cámara respecto mitad soy hemos sé líder menos muerto ello peso técnica media podemos actividad pesetas usted tenido mujeres momentos conciencia evitar juan prueba e queda propio existe qué distintas dentro punto relaciones acerca llegado domingo régimen donde martín capaz crecimiento radio mismos marcha b menor modo ocasiones cinco estructura victoria estados siglo estas otros mal cerca lugar fuerza técnica mal esa universidad está sabe cara podría punto pie martín llega para blanca operación cine precio deben torno secretario debido pp datos parece mañana muchas calle esa generales primeras atención ciento joven mitad piel estamos entonces aquella seguridad vía durante máximo queda cierta oficial solamente éxito principio propia pregunta conocer civil principales desde sean policía características podemos vamos puso gran lo peor memoria campaña económica cine ejército como hija llega apoyo todavía quería miembros mi cual allí valor camino personas policía cuatro fernando encontrar embargo actitud historia última difícil padre fácil único mes social río con solución señaló quedó hace principal mayo san importantes principal real victoria sectores buscar obstante hay tan violencia conocimiento aquí cuando francia cultural fuentes nuevos podemos nombre desarrollo última cuadro visto otra segundo voy trabajar padres importantes hija acerca dentro semanas ejemplo septiembre toma capital miguel mañana semanas nacional relaciones empresa sean nuevos otros fue etc haciendo solamente poner visto país hacen había fecha argentina era donde ve tratamiento unos carlos etc llegar diferentes jóvenes cara llegar alguien ser izquierda carrera dolor pone soy ocasión también siempre todos país pese película medios políticas consumo director r resto que quiere mes instituto gente estudios aquellos usted veces objetivo es ocasión aire metros o movimiento p formas somos américa ex soy deben naturaleza encuentran incluso un sabe orden resto más solamente cuya sol palabra ninguna dio somos aspectos producto sur tema existen fueron luis médico zonas u dejar las manuel muchos para dios tener militar niños zonas principales ninguna actividad salida han sí madre sus quiero i color buena barcelona don serie estamos última sur busca pensar club río derechos centros juicio cultura cuyo ir principios frente visita r pone habrá música apenas apenas francisco o debía sido última resultados movimiento parece económico primeros buenos psoe obras teoría manera grupo libros nueva casi volver medida teoría muerto dado político grado han dado semanas operación producción comercio baja carrera piel respuesta allí viejo van club e tema cuales construcción uno san casi todas local deseo atención habrá sus cuando mar n artículo importante señora marcha uso mujeres nadie dolor ahí televisión cama comisión puede encuentran superior efectos pasado el manos comercio necesidad espera dado ex democracia producto semana dirección e nuevo plaza manos llegado imposible buenos cuatro interés nombre corte volver buena carne nada modo lugar hechos tribunal pudo distintas público aunque programa generales única cierto dicen mis figura policía población asociación tiempos período sólo expresión podía pregunta ciudad sur por régimen somos cuarto pública amor j diferentes salida alrededor padre tenían tipos palabra rodríguez pronto fuerza económico amigo entonces voluntad días líder primeras comunicación palabra busca encontrar su amor queda empresa dio aspectos pasado demasiado lugar mayo n buenos consecuencia programas capital consecuencia tiene opinión popular pasar expresión viene calle perdido decir capacidad mucho norte llegó adelante torno asimismo españoles mañana industria e seis claro partidos paciente ley última orden permite porque posibilidades busca pasar hizo nuevo pregunta área septiembre personal piel plan habían horas ministro pocos civil palabras tiene esfuerzo propuesta acción mucho educación unidad ex solamente hay ya paz grupo proyectos norte juez viejo derecha manuel curso presidente tratamiento sistemas instituto vamos cosas vio hubo aquel libro ante contenido época r las humano hacen tales políticas comercio aumento dos haciendo a ellas premio él actividad este único sabía diversas sentido adelante conjunto aunque arriba últimos ese mundo ir político larga conocer explicó recuerdo región primera finalmente principal tuvo quienes has producto final francisco llegado francisco esa haciendo josé ojos te cara plazo pasar embargo derecho mismos comercio particular tiempo empresas volver consecuencia otros horas principios buen defensa maría tienen diversos demasiado semanas era está llevar ciudad fuego mejor idea vivir instituto calidad actividad título proceso región nadie ya podemos octubre cuba cuestión estaban ii población vez cultura marcha siglo salud través nuestro económico otras casos estilo memoria san estudios mayo riesgo artículo cuarto cuya deja partes estamos ya dónde atención revolución miedo formas manos quería secretario propios alta países parís cantidad política miedo relaciones propio equipo tras grande reforma económica rosa última serie d miedo mayo próximo plazo verdad antonio carácter europea deseo consumo hechos tiempo tanto línea comisión mano algún va agua dolor fuerte todas encuentra luego económico causa defensa cierta instituciones casi cuenta pesetas aquella mujeres mi las cierto marzo existen diez común por mano plaza tan salud razones investigación cámara puerto edad diversos dentro ahí informe objetivo lucha régimen ciudad democracia tuvo te de sea población mediante vivir productos tales tipo martín cuenta un producción niño dar riesgo iba humana alta espacio persona equipo con llega están condiciones premio tomar semanas líder minutos allí general cama seis quiero la estamos somos energía ocasión actividad vivir van fin curso derechos después cine mucho organización o tu hecho duda seguridad carácter señaló siete papel justicia madrid área objeto agua teatro van formas oficial cierta corte ciento éste luz otro nueva podemos quién tal buena riesgo contrario había la tenía número sentido etapa usted cualquier pocos tuvo importante asunto salud razones ambos conocimiento corte zonas europa día pasado médico paz área propuesta aunque paz carne seguir niños tipo mira hombres mañana pesetas presente junio pocos lado estudios nadie dado torno cine uno nombre llamado cuadro fútbol desarrollo destino aun mundial uso éste desarrollo total contra pueblo vista radio debe su ver fueron civil mismo máximo prueba mi quería sector llamado siendo ellos al años tener solo zonas ahora u palabras siglo música doctor social sabe premio otro hay nueva ahí servicio arriba cara plan seguridad trabajadores juan estaba principal universidad i pasado solución prensa siglo que flores línea estas ayer pueden ser josé i civil sí mil felipe eso zonas misma constitución yo aquella distintas hacen hecho distintos otro mal eran económica quienes voy ella economía pacientes queda da luego hacer llegó pero ministerio afirmó república lenguaje diario solo domingo carlos régimen otras recuerdo estructura exterior general energía fuerzas presente españoles baja época amor etapa vio diversas barcelona cuenta pese número importancia resto justicia expresión intereses actividad porque les éste primero usted estado comisión diversas debe vez rey podemos formas mañana ejército consejo española marcha pone productos considera vino necesario evitar profesional sobre además aparece tuvo ambiente cualquier buen sistema e persona cierto puesto instituciones pocos cualquier chile televisión mujeres médico agua lejos nuestros objetivo arte busca servicio madre sistema instituto luego ni usted acerca nuevas primeros nuestro única de silencio tendrá millones grupo estudio tuvo posibilidad unidos derecho servicio francisco ayuda es su estamos nadie clase según llama aquella paz mujeres fuerte primera música tres interior plaza atrás siempre cinco hoy vio nos quería septiembre después apenas llegado así problemas tan claro prueba derecha ese interés su diferentes medidas carne del central ahora sea ante carta llegar argentina construcción zonas debe constitución p jóvenes lleva camino ideas hora lleva ante mis temas voz radio posibilidades ley entrada metros tenían primeras estar tienen esa alguien muestra padre obras presente radio aún dirección muchas maría muerte son tú es medio viene pp ojos necesidad meses diciembre llega seguridad llevar experiencia méxico cantidad días luego este políticas y luego estos esa aún tiene maría decisión valor todos principio u nuevo salir año claro vamos millones animales conjunto alguien unión dar dicen nada alrededor diversas uso claro,#turbo #racing #supercars #v6,coches
3928,"gg, abriendo loot boxes y solo sale humo a llorar a la llorería.",#setup #ggwp #discord #pcgaming,videojuegos
3929,,,playa
3930,En bucle: sacando unos acordes con la acústica nueva 🎸 lol,#indie#guitarra#cantando#rock#vibras,musica
3931,"Madre mía el nuevo disco, desafinando en el coche a pleno pulmón 🎸",#temazo #cantando,musica
3932,literalmente pillando unas olas increíbles jaaaja !!!!,#postu #verano #costa #mojito,playa
3933,"en primera fila del concierto, brutal 🔥",#Indie,musica
3934,vamos equipo! el árbitro nos ha robado descaradamente 💪 lol,#Baloncesto #Fitness,deporte
3935,tortilla con cebolla siempre 🤤,#Gourmet#Casero#AOVE#Postres#Salado,cocina
3936,"Ragequit inminente: bugeado en la pared, genial el parche 🕹️",#LevelUp #PlayStation #RetroGaming #GGWP #ProGamer,videojuegos
3937,"Hoy me he coronado: masa madre fermentando, a ver el pan 🤤",#realfood #dulce #airfryer #recetas #chef,cocina
3938,wanderlust: probando street food de dudosa procedencia 🌍,#Viajar #Escapada #Turismo,viajes
3939,recetón en santa cruz de tenerife: estrenando la airfryer con unas patatas a cenar!,#AOVE #InstaFood,cocina
3940,"Hoy toca sufrir, marcando un hat-trick para salvar el partido sudando la gota gorda.",#Running #Futbol #Entreno,deporte
3941,Vaya tela: farmeando XP como un tryhard para hacer level up 🎮,#ggwp #retrogaming #esports #xbox #gaming,videojuegos
3942,Ragequit inminente: el lag me ha arruinado la racha de victorias F en el chat.,#gaming #playstation #gamer #rpg #loot,videojuegos
3943,el motor V8 rugiendo como una bestia xd,#Cars #Motor,coches
3944,adivinad quien esta en toledo: jugando a las palas nivel profesional y no necesito mas xd,#Sol #Playa #Isla,playa
3945,Hoy me he coronado: estrenando la airfryer con unas patatas nam nam lol,#aove #sabor #comidasana #chef #dulce,cocina
3946,literalmente tarde perfecta en el chiringuito con un mojito a vivir la vida.,#Postu #Arena,playa
3947,dejando el guiso al chup-chup horas se me hace la boca agua.,#dulce #instafood,cocina
3948,en directo desde segovia: descubriendo joyitas indies en spotify 🎵,#spotify #live #cantando #music #flow,musica
3949,,#entreno #healthy,deporte
3950,"Gente, ese boss tiene una hitbox rotísima F en el chat.",#levelup,videojuegos
3951,"temazo, sacando unos acordes con la acústica nueva no puedo parar de escucharlo.",#Ritmo #Spotify #DJ #Melodia #Music,musica
3952,"Mirad que pinta, un buen chorrito de AOVE y listo nam nam.",#aove #recetadeldia #comidasana #recetas,cocina
3953,"Próxima parada: turisteando sin parar, me duelen los pies qué maravilla.",#destino,viajes
3954,,#Temazo #Bateria,musica
3955,enamorado de este bicho: stage 2 instalada y esto vuela 🚗💨 !!!!,#JDM,coches
3956,"Increíble, pasando la ITV de puro milagro puro vicio.",#v8 #gas,coches
3957,Próxima parada: probando street food de dudosa procedencia 🌍...,,viajes
3958,,#Cultura #Wanderlust #Ruta,viajes
3959,"pelos de punta, en primera fila del concierto, brutal no puedo parar de escucharlo.",#vibras #concierto #bateria #flow,musica
3960,"en primera fila del concierto, brutal increíble.",#Vibras,musica
3961,"vamos equipo! comiendo arroz y pollo, modo volumen a tope.",#fuerza,deporte
3962,"Madre mia, vuelta y vuelta en la tumbona como un filete a vivir la vida.",#arena,playa
3963,Ragequit inminente: abriendo loot boxes y solo sale humo 🕹️,#Twitch #Lag #Esports #Gamer,videojuegos
3964,Ragequit inminente: han nerfeado a mi main otra vez a llorar a la lloreria.,,videojuegos
3965,"Madre mía, jugando a las palas nivel profesional y no necesito más.",#Playa#Bikini,playa
3966,experimentando en la cocina: un buen chorrito de aove y listo 👨‍🍳 xd,#Chef#Paella,cocina
3967,Adivinad quién está en Málaga: jugando a las palas nivel profesional jaja.,#Arena #Snorkel #Sol,playa
3968,wanderlust: probando street food de dudosa procedencia wanderlust total.,#ruta #pasaporte #roadtrip #paisaje #wanderlust,viajes
3969,,#CancionDelDia #Music #Melodia #Ritmo #Vinilo,musica
3970,,#Flow,musica
3971,marcando un hat-trick para salvar el partido y mañana más.,,deporte
3972,"Adivinad quién está en Valladolid: modo cangrejo activado, me he quemado entero 10/10.",,playa
3973,en bucle: afinando la bateria para el bolo 🎵,#vinilo #pop #ritmo #concierto,musica
3974,"Día de piernas, el árbitro nos ha robado descaradamente 🥵",#Baloncesto #PR #Motivacion #Futbol,deporte
3975,En bucle: los graves de este altavoz me hacen vibrar 🎸,#Indie #DJ #Concierto #Festival,musica
3976,"Increíble, cambiando aceite y llantas, ahora sí impone puro vicio.",#Tuning #JDM #Supercars,coches
3977,"Dia de piernas, marcando un hat-trick para salvar el partido 💪",#Gym,deporte
3978,"gente, han nerfeado a mi main otra vez xd.",#gamer #playstation #noob #xbox,videojuegos
3979,,#workout,deporte
3980,han nerfeado a mi main otra vez 10/10 IGN.,#progamer #discord #pcgaming #levelup #ggwp,videojuegos
3981,modo vacaciones: el agua esta helada pero me he banado igual y no necesito mas.,#Desconexion,playa
3982,"sin excusas: comiendo arroz y pollo, modo volumen y mañana más.",#Salud #Cardio,deporte
3983,Wanderlust: haciendo el check-in con Edelmira wanderlust total.,,viajes
3984,"Por fin, pillando unas olas increíbles 😎 !!!!",#Costa #Sol #Chiringuito,playa
3985,paella dominguera espectacular a cenar!,,cocina
3986,"bugeado en la pared, genial el parche xd.",#levelup#retrogaming#shooter,videojuegos
3987,akb2fHxklWOYDHbhhTsi71,#paella,cocina
3988,"cambiando aceite y llantas, ahora sí impone 🚗💨",#Gas #Exhaust,coches
3989,Hoy me he coronado: tortilla con cebolla siempre se me hace la boca agua !!!!,#recetas,cocina
3990,,#Drifting #JDM #Velocidad #CarPorn,coches
3991,"Dia de piernas, corriendo 10km en ayunas, reventado 🥵",#Gimnasio #Healthy,deporte
3992,"increible, lavado a mano para que brille la pintura puro vicio.",#carporn #motor,coches
3993,modo vacaciones: arena entre los dedos y a desconectar de todo a vivir la vida.,#bikini #vistas #desconexion #calor,playa
3994,,#Viajar,viajes
3995,descubriendo joyitas indies en Spotify increíble.,#Melodia #MusicaEnVivo #Spotify #DJ #Live,musica
3996,ragequit inminente: farmeando xp como un tryhard para hacer level up 🎮 !!!!,,videojuegos
3997,"Escapada express, turisteando sin parar, me duelen los pies me mudo aqui lol",#viajar #turismo #jetlag #travel #explorando,viajes
3998,Wanderlust: hotelazo con unas vistas que flipas 🌍 !!!!,#Escapada #Cultura,viajes
3999,"sin excusas: comiendo arroz y pollo, modo volumen no pain no gain.",,deporte
4000,"hoy toca sufrir, el arbitro nos ha robado descaradamente sudando la gota gorda.",#atleta,deporte
4001,"cambiando aceite y llantas, ahora sí impone qué locura.",#exhaust #racing,coches
4002,"Gente, abriendo loot boxes y solo sale humo a llorar a la lloreria.",#Gamer #Streamer #LevelUp,videojuegos
4003,"Adivinad quién está en Lleida: modo cangrejo activado, me he quemado entero 🌊",#sol #playa #vistas #isla,playa
4004,"Brum brum, pasando la ITV de puro milagro xd",#Ruta #Cars #Turbo #Llantas,coches
4005,"Temazo, flow espectacular en el escenario 🎶",,musica
4006,los graves de este altavoz me hacen vibrar magia pura.,#CancionDelDia,musica
4007,"Pelos de punta, flow espectacular en el escenario 🎶",,musica
4008,"Increíble lo de hoy en Guadalajara, el árbitro nos ha robado descaradamente no pain no gain.",#NoPainNoGain#VidaSana#PR,deporte
4009,Literalmente postureo máximo en la orilla con Chelo 😎,,playa
4010,,#Gas,coches
4011,wanderlust: mochila a la espalda y a tirar millas me mudo aquí.,#Aventura #Naturaleza #JetLag #Pasaporte,viajes
4012,"GG, carrileando a Cristian toda la partida F en el chat xd",#setup #tryhard #retrogaming #noob,videojuegos
4013,qué ganas de esto: vuelta y vuelta en la tumbona como un filete 🌊,#Vistas,playa
4014,"Brum brum, el motor V8 rugiendo como una bestia 🚗💨",#caballos #motorsport #drive #llantas #jdm,coches
4015,tarde perfecta en el chiringuito con un mojito y no necesito más.,#arena #isla,playa
4016,"Por fin, arena entre los dedos y a desconectar de todo 10/10.",#mar #isla #bronceado,playa
4017,"en directo desde segovia: en primera fila del concierto, brutal increíble.",,musica
4018,,,deporte
4019,"por fin, vuelta y vuelta en la tumbona como un filete 😎 !!!!",#desconexion#relax#sol#bikini#paraiso,playa
4020,vamos equipo! agujetas nivel dios después del eeentreno a tope lol,#atleta #padel #futbol,deporte
4021,"pelos de punta, afinando la batería para el bolo no puedo parar de escucharlo xd",#MusicaEnVivo#Indie#Music#Spotify#DJ,musica
4022,"Marchando, estrenando la airfryer con unas patatas espectacular.",#tapas#instafood#dulce#foodie,cocina
4023,"perdidos por almería, hotelazo con unas vistas que flipas ✈️",#Trip #RoadTrip #Travel,viajes
4024,en bucle: descubriendo joyitas indies en spotify 🎵,#Urbano,musica
4025,"Mirad que pinta, estrenando la airfryer con unas patatas nam nam.",,cocina
4026,Literalmente abriendo loot boxes y solo sale humo 🎮,#ggwp #gamer,videojuegos
4027,"Perdidos por Valladolid, probando street food de dudosa procedencia 🌍",#Cultura #Vuelos #Travel #JetLag #Aventura,viajes
4028,Sin excusas: el árbitro nos ha robado descaradamente sudando la gota gorda.,#fitness #atleta,deporte
4029,En bucle: los graves de este altavoz me hacen vibrar increible !!!!,#canciondeldia #pop #ritmo #acustico #spotify,musica
4030,"madre mía, vuelta y vuelta en la tumbona como un filete 🌊",#Chiringuito #Bikini #Olas #Vistas #Atardecer,playa
4031,vamos equipo! agujetas nivel dios despues del entreno sudando la gota gorda.,#baloncesto,deporte
4032,desafinando en el coche a pleno pulmon 🔥,#vibras #guitarra,musica
4033,,#turbo,coches
4034,ragequit inminente: ese boss tiene una hitbox rotísima f en el chat.,#tryhard #xbox,videojuegos
4035,Enamorado de este bicho: stage 2 instalada y esto vuela gasss.,#v8 #caballos #tuning,coches
4036,"Madre mía el nuevo disco, en primera fila del concierto, brutal 🎸",#temazo #guitarra #dj #urbano,musica
4037,en directo desde girona: desafinando en el coche a pleno pulmón no puedo parar de escucharlo.,#Spotify,musica
4038,,#supercars #turbo #carlife,coches
4039,"uff, lavado a mano para que brille la pintura xd",#CochesClasicos #Ruta #Velocidad #Drive #Llantas,coches
4040,"madre mía el nuevo disco, los graves de este altavoz me hacen vibrar no puedo parar de escucharlo.",#urbano #live #canciondeldia #flow #vinilo,musica
4041,Literalmente pillando unas olas increíbles qué paz xd,#bronceado,playa
4042,"Increible, el motor V8 rugiendo como una bestia puro vicio lol",#llantas #velocidad #carlife,coches
4043,receton en guadalajara: estrenando la airfryer con unas patatas 🤤,#Postres #Gourmet #Masterchef,cocina
4044,,#recetas#instafood#tapas#vegano,cocina
4045,literalmente vuelta y vuelta en la tumbona como un filete y no necesito más.,#arena,playa
4046,en directo desde castellón: los graves de este altavoz me hacen vibrar magia pura...,#flow #pop #vinilo #acustico #rock,musica
4047,,#Guitarra #Rock #Festival,musica
4048,hotelazo con unas vistas que flipas me mudo aquí jajaja,#Travel #Turismo #SinFiltros #Viajero #Ruta,viajes
4049,"Por fin, el agua está helada pero me he bañado igual a vivir la vida.",#Bikini #Snorkel #Paraiso,playa
4050,"Hoy toca sufrir, agujetas nivel Dios despues del entreno victoria!",#fuerza,deporte
4051,"Hoy toca ruta por Soria, stage 2 instalada y esto vuela 🔥",#cars #drifting #mecanica #tuning #jdm,coches
4052,nM77RALWCW7hMr6I2HEliBZSYXSH3jfzUbT7FUCTx1wgcly9x7APl263FcEmh,#futbol #fitness #entreno #motivacion,deporte
4053,"vamos equipo! nuevo pr en peso muerto, a tope 🥵",#motivacion #padel #healthy #entreno #nopainnogain,deporte
4054,"Sin excusas: comiendo arroz y pollo, modo volumen no pain no gain.",#Salud #Entreno #Cardio #Baloncesto #Atleta,deporte
4055,,#V8,coches
4056,agujetas nivel dios después del entreno y mañana más.,#healthy #running #motivacion,deporte
4057,"Perdidos por Soria, pagando un café a precio de turista ✈️ jajaja",#aventura#trip,viajes
4058,"Increíble, abriendo loot boxes y solo sale humo xd.",#tryhard #playstation #esports #discord,videojuegos
4059,"Mirad qué pinta, tortilla con cebolla siempre espectacular.",,cocina
4060,"Hoy toca sufrir, el árbitro nos ha robado descaradamente sudando la gota gorda.",#Gym#Padel#Entreno,deporte
4061,,#v8#caballos#motorsport#llantas,coches
4062,"Uff, la gasolina a precio de oro pero sigo dándole caña qué locura.",#Cars #Caballos #Tuning #Mecanica #Exhaust,coches
4063,"Hoy toca ruta por Vizcaya, la gasolina a precio de oro pero sigo dándole caña me encanta.",#tuning #velocidad,coches
4064,,#canciondeldia #indie #pop #live #cantando,musica
4065,"por fin, pillando unas olas increíbles 😎",,playa
4066,adivinad quién está en valencia: arena entre los dedos y a desconectar de todo qué paz.,,playa
4067,"Por fin, postureo máximo en la orilla con Amparo 😎",#Verano #Chiringuito #Vistas,playa
4068,haciendo el check-in con luisa me mudo aquí.,#cultura#viajar#jetlag,viajes
4069,"mirad qué pinta, tortilla con cebolla siempre 👨‍🍳 jajaja",,cocina
4070,,#masterchef #vegano #tapas,cocina
4071,"Por fin, modo cangrejo activado, me he quemado entero qué paz.",#Atardecer#Sol#Costa,playa
4072,vamos equipo! partidazo de pádel con leonardo 💪,#padel #crossfit #maraton,deporte
4073,Experimentando en la cocina: tortilla con cebolla siempre brutal jajaja,#Postres #InstaFood #Salado #Masterchef,cocina
4074,"En directo desde Navarra: en primera fila del concierto, brutal no puedo parar de escuchaaarlo.",#Pop,musica
4075,"perdidos por toledo, mochila a la espalda y a tirar millas no quiero volver !!!!",#aventura #pasaporte #turismo,viajes
4076,"escapada express, turisteando sin parar, me duelen los pies me mudo aquí.",#Viajero #Wanderlust,viajes
4077,"Proxima parada: turisteando sin parar, me duelen los pies 🌍 xd",,viajes
4078,"Mirad esta joya, pasando la ITV de puro milagro me encanta.",#Drifting #Llantas #CarLife #V8,coches
4079,Ragequit inminente: farmeando XP como un tryhard para hacer level up xd jajaja,#ggwp #nintendo #discord,videojuegos
4080,"temazo, flow espectacular en el escenario 🎶",#Bateria,musica
4081,derrape guapo en la última rotonda 🔥,#carlife #racing #caballos,coches
4082,"Temazo, en primera fila del concierto, brutal magiaaa pura.",#Cantando #Temazo #Music,musica
4083,"marchando, tortilla con cebolla siempre ñam ñam.",#InstaFood #Airfryer,cocina
4084,"marchando, masa madre fermentando, a ver el pan 🤤 xd",,cocina
4085,"increíble, abriendo loot boxes y solo sale humo 🎮",#xbox #esports,videojuegos
4086,estrenando la airfryer con unas patatas a cenar!,#Paella,cocina
4087,pagando un cafe a precio de turista me mudo aqui.,#Travel #Naturaleza #Destino #Vuelos,viajes
4088,Vaya tela: abriendo loot boxes y solo sale humo a llorar a la llorería.,#indiegames#twitch,videojuegos
4089,"Increible lo de hoy en Cordoba, comiendo arroz y pollo, modo volumen 🥵",#Futbol#NoPainNoGain#Entreno#Workout#Fitness,deporte
4090,"Temazo, en primera fila del concieeeeerto, brutal 🎶",#Cantando,musica
4091,,#chef#casero#foodie,cocina
4092,dejando el guiso al chup-chup horas a cenar!,,cocina
4093,"madre mía el nuevo disco, flow espectacular en el escenario no puedo parar de escucharlo.",#flow #music #festival,musica
4094,"Pelos de punta, los graves de este altavoz me hacen vibrar 🔥",#Concierto #Indie #Festival #Temazo #Vibras,musica
4095,"hoy toca ruta por navarra, el motor v8 rugiendo como una bestia xd",#mecanica#drifting#jdm#tuning#cochesclasicos,coches
4096,en bucle: descubriendo joyitas indies en spotify 🎵,#MusicaEnVivo #Pop #DJ #Spotify,musica
4097,"comiendo arroz y pollo, modo volumen y manana mas xd",#PR,deporte
4098,jugando a las palas nivel profesional qué paz lol,#Olas #Atardecer #Bronceado,playa
4099,"Jet lag activado, mochila a la espalda y a tirar millas que maravilla.",#SinFiltros #Escapada #Vuelos,viajes
4100,"bugeado en la pared, genial el parche xd.",#Gaming #GGWP #PCGaming #Lag,videojuegos
4101,Hoy me he coronado: paella dominguera espectacular a cenar! jajaja,#vegano #dulce,cocina
4102,"Wanderlust: turisteando sin parar, me duelen los pies no quiero volver.",#Pasaporte,viajes
4103,"Brum brum, pasando la ITV de puro milagro qué locura.",,coches
4104,"Ragequit inminente: bugeado en la pared, genial el parche a llorar a la llorería.",#streamer,videojuegos
4105,"Temazo, descubriendo joyitas indies en Spotify 🎵 lol",#musicaenvivo #vinilo #spotify #live #canciondeldia,musica
4106,jugando a las paaaalas nivel profesional jaja.,#relax #playa #costa #mojito,playa
4107,"Increible lo de hoy en Navarra, el arbitro nos ha robado descaradamente 🥵",#fitness#atleta#baloncesto#gimnasio#vidasana,cocina
4108,Modo vacaciones: pillando unas olas increíbles 😎,#Calor #Olas,playa
4109,"proxima parada: turisteando sin parar, me duelen los pies 🌍 jajaja",#pasaporte,viajes
4110,Enamorado de este bicho: el motor V8 rugiendo como una bestia 🔥,,coches
4111,"madre mía, arena entre los dedos y a desconectar de todo 😎 !!!!",#mojito #mar #bronceado,playa
4112,"Increíble lo de hoy en Lugo, partidazo de pádel con Azeneth y mañana más.",#healthy #cardio #crossfit #futbol #fitness,deporte
4113,"Madre mía, pillando unas olas increíbles 😎",,playa
4114,Ragequit inminente: graficos de locos con el ray tracing 10/10 IGN.,#shooter #streamer #esports #progamer,videojuegos
4115,"por fin, tarde perfecta en el chiringuito con un mojito jaja.",#bronceado #relax #snorkel #chiringuito #isla,playa
4116,,#Baloncesto #Workout #Atleta #Entreno,deporte
4117,lavado a mano para que brille la pintura me encanta.,#Gas #V6 #CarPorn #JDM #MotorSport,coches
4118,Vamos equipo! agujetas nivel Dios despues del entreno victoria!,,deporte
4119,"madre mía, postureo máximo en la orilla con martín jaja.",#Verano #Desconexion,playa
4120,ragequit inminente: gráficos de locos con el ray tracing 🎮,#progamer #playstation #lag #xbox #levelup,videojuegos
4121,,#Llantas #Caballos,coches
4122,"escapada express, perdido en el metro de dominicana, ayuda ✈️ xd",,viajes
4123,"jet lag activado, mochila a la espalda y a tirar millas 😍",,viajes
4124,Adivinad quien esta en Burgos: vuelta y vuelta en la tumbona como un filete que paz.,#mar #chiringuito #brisa #paraiso,playa
4125,"Temazo, sacando unos acordes con la acustica nueva increible.",#Cantando#MusicaEnVivo#Flow#Temazo,musica
4126,"Literalmente modo cangrejo activado, me he quemado entero a vivir la vida.",,playa
4127,qué ganas de esto: pillando unas olas increíbles jaja.,#costa,playa
4128,,#Futbol,deporte
4129,,#cardio,deporte
4130,"Hoy toca sufrir, el árbitro nos ha robado descaradamente no pain no gain.",#Atleta #Entreno,deporte
4131,"GG, ese boss tiene una hitbox rotísima 🕹️",,videojuegos
4132,vuelta y vuelta en la tumbona como un filete qué paz.,#bikini #desconexion #bronceado #brisa #relax,playa
4133,"mirad que pinta, un buen chorrito de aove y listo se me hace la boca agua.",#Tapas #Dulce #Paella #Vegano #RealFood,cocina
4134,"pelos de punta, flow espectacular en el escenario 🎵",#Flow,musica
4135,"Gente, carrileando a Nilda toda la partida menuda estafa.",,videojuegos
4136,"Día de piernas, el árbitro nos ha robado descaradamente 💪",#cardio #healthy #gym,deporte
4137,"escapada express, mochila a la espalda y a tirar millas 😍",#wanderlust #viajar,viajes
4138,,#dj,musica
4139,"cambiando aceite y llantas, ahora sí impone xd",#MotorSport,coches
4140,emplatando nivel estrella Michelin 👨‍🍳,#Tapas #Vegano #Yummy #Salado,cocina
4141,wanderlust: probando street food de dudosa procedencia ✈️,#Ruta,viajes
4142,"Hoy toca ruta por La Coruña, el motor V8 rugiendo como una bestia qué locura.",,coches
4143,"modo cangrejo activado, me he quemado entero 😎",#sol #vistas #atardecer #arena #isla,playa
4144,"turisteando sin parar, me duelen los pies 🌍",#JetLag#Explorando#Escapada#Viajar,viajes
4145,farmeando xp como un tryhard para hacer level up 🕹️,#pcgaming #shooter #ggwp,videojuegos
4146,casi quemo la sarten pero ha quedado rico a cenar!,#instafood,cocina
4147,Vamos equipo! el árbitro nos ha robado descaradamente a tope.,#baloncesto #fuerza,deporte
4148,"marchando, masa madre fermentando, a ver el pan a cenar!...",#instafood #salado #dulce,cocina
4149,"enamorado de este bicho: cambiando aceite y llantas, ahora sí impone me encanta.",#Llantas #CarPorn,coches
4150,"escapada express, mochila a la espalda y a tirar millas qué maravilla jajaja",#viajar #destino #naturaleza,viajes
4151,graficos de locos con el ray tracing 🕹️,#Setup #Gaming #Streamer,videojuegos
4152,hotelazo con unas vistas que flipas ✈️,#wanderlust#naturaleza#viajar,viajes
4153,desafinando en el coche a pleno pulmón 🎵 xd,#indie #cantando #canciondeldia #spotify #pop,musica
4154,Sin excusas: marcando un hat-trick para salvar el partido no pain no gain.,#pr #atleta #motivacion,deporte
4155,relación relación relación relación relación relación relación relación relación relación relación relación relación relación relación relación relación relación relación relación relación relación relación relación relación relación relación relación relación relación relación relación relación relación relación relación relación relación relación relación relación relación relación relación relación relación relación relación relación relación relación relación relación relación relación relación relación relación relación relación relación relación relación relación relación relación relación relación relación relación relación relación relación relación relación relación relación relación relación relación relación relación relación relación relación relación relación relación relación relación relación relación relación relación relación relación relación relación relación relación relación relación relación relación relación relación relación relación relación relación relación relación relación relación relación relación relación relación relación relación relación relación relación relación relación relación relación relación relación relación relación relación relación relación relación relación relación relación relación relación relación relación relación relación relación relación relación relación relación relación relación relación relación relación relación relación relación relación relación relación relación relación relación relación relación relación relación relación relación relación relación relación relación relación relación relación relación relación relación relación relación relación relación relación relación relación relación relación relación relación relación relación relación relación relación relación relación relación relación relación relación relación relación relación relación relación relación relación relación relación relación relación relación relación relación relación relación relación relación relación relación relación relación relación relación relación relación relación relación relación relación relación relación relación relación relación relación relación relación relación relación relación relación relación relación relación relación relación relación relación relación relación relación relación relación relación relación relación relación relación relación relación relación relación relación relación relación relación relación relación relación relación relación relación relación relación relación relación relación relación relación relación relación relación relación relación relación relación relación relación relación relación relación relación relación relación relación relación relación relación relación relación relación relación relación relación relación relación relación relación relación relación relación relación relación relación relación relación relación relación relación relación relación relación relación relación relación relación relación relación relación relación relación relación relación relación relación relación relación relación relación relación relación relación relación relación relación relación relación relación relación relación relación relación relación relación relación relación relación relación relación relación relación relación relación relación relación relación relación relación relación relación relación relación relación relación relación relación relación relación relación relación relación relación relación relación relación relación relación relación relación relación relación relación relación relación relación relación relación relación relación relación relación relación relación relación relación relación relación relación relación relación relación relación relación relación relación relación relación relación relación relación relación relación relación relación relación relación relación relación relación relación relación relación relación relación relación relación relación relación relación relación relación relación relación relación relación relación relación relación relación relación relación relación relación relación relación relación relación relación relación relación relación relación relación relación relación relación relación relación relación relación relación relación relación relación relación relación relación relación relación relación relación relación relación relación relación relación relación relación relación relación relación relación relación relación relación relación relación relación ,#progamer#retrogaming#gaming#pcgaming#tryhard,videojuegos
4156,"Día de piernas, partidazo de pádel con Perla y mañana más.",#fitness #healthy #gimnasio #gym,deporte
4157,descubriendo joyitas indies en Spotify 🔥,#Live #Ritmo #Music #Spotify,musica
4158,Adivinad quién está en Segovia: el agua está helada pero me he bañado igual qué paz.,#paraiso #vistas #bikini #sol #bronceado,playa
4159,Modo vacaciones: postureo máximo en la orilla con Toni y no necesito más.,#Vistas #Atardecer #Postu #Calor,playa
4160,adivinad quién está en barcelona: jugando a las palas nivel profesional 🌊...,#verano #bronceado,playa
4161,"Marchando, un buen chorrito de AOVE y listo 👨‍🍳",#Postres#Chef#AOVE,cocina
4162,"Brum brum, el motor V8 rugiendo como una bestia gasss.",#exhaust,coches
4163,En bucle: afinando la batería para el bolo 🎸...,#vinilo #canciondeldia #dj #temazo #vibras,musica
4164,adivinad quién está en las palmas: vuelta y vuelta en la tumbona como un filete y no necesito más.,,playa
4165,sacando unos acordes con la acústica nueva no puedo parar de escuuuuucharlo lol,,musica
4166,un buen chorrito de aove y listo se me hace la boca agua.,,cocina
4167,literalmente el lag me ha arruinado la racha de victorias 10/10 ign.,#gaming #ggwp,videojuegos
4168,"uff, derrape guapo en la ultima rotonda 🔥",#motor #tuning #exhaust #gas #carporn,coches
4169,En bucle: desafinando en el coche a pleno pulmón 🎵,#Melodia #Cantando #Music,musica
4170,"Perdidos por Badajoz, haciendo el check-in con Jordana 🌍",,viajes
4171,flow espectacular en el escenario 🎵,#MusicaEnVivo,musica
4172,"Temazo, afinando la batería para el bolo no puedo parar de escucharlo.",#Ritmo#Rock#Bateria,musica
4173,"gg, han nerfeado a mi main otra vez f en el chat.",#Gaming,videojuegos
4174,"Escapada express, hotelazo con unas vistas que flipas 😍",#Cultura#Vuelos#Naturaleza#JetLag,viajes
4175,"Brum brum, lavado a mano para que brille la pintura puro vicio lol",#Drive,coches
4176,"Madre mia el nuevo disco, sacando unos acordes con la acustica nueva 🔥",#guitarra #pop #rock #spotify #canciondeldia,musica
4177,"Modo vacaciones: modo cangrejo activado, me he quemado entero jaja.",#sol #playa #isla,playa
4178,Hoy me he coronado: dejando el guiso al chup-chup horas 👨‍🍳,#AOVE #Yummy,cocina
4179,"GG, abriendo loot boxes y solo sale humo xd.",#levelup #ggwp #tryhard,videojuegos
4180,los graves de este altavoz me hacen vibrar 🎶,,musica
4181,"temazo, desafinando en el coche a pleno pulmón 🎶 jajaja",#urbano,musica
4182,"increíble, el motor v8 rugiendo como una bestia qué locura...",#caballos #llantas #ruta,coches
4183,pagando un café a precio de turista me mudo aquí.,#cultura,viajes
4184,"Temazo, deeeescubriendo joyitas indies en Spotify 🔥",#DJ #Pop,musica
4185,"Madre mía, pillando unas olas increíbles 10/10.",#mojito #paraiso,playa
4186,,#Workout #Atleta #BeastMode #Futbol,deporte
4187,en bucle: los graves de este altavoz me hacen vibrar 🎶 lol,#Festival,musica
4188,"Madre mía, jugando a las palas nivel profesional y no necesito más.",#mar #mojito #desconexion #brisa,playa
4189,"mirad qué pinta, paella dominguera espectacular ñam ñam.",#instafood,cocina
4190,sacando unos acordes con la acustica nueva 🎶 xd,#Festival,musica
4191,estrenando la airfryer con unas patatas brutal.,#Vegano #Airfryer #AOVE #Yummy,cocina
4192,En bucle: descubriendo joyitas indies en Spotify 🎵,#urbano#vinilo#rock,musica
4193,"hoy toca ruta por alava, derrape guapo en la ultima rotonda 🔥 !!!!",#Mecanica #Turbo,coches
4194,"sin excusas: corriendo 10km en ayunas, reventado y manana mas.",#Gym,deporte
4195,lavado a mano para que brille la pintura 🔥,#v8 #llantas,coches
4196,"increible, graficos deee locos con el ray tracing 🕹️",#playstation #nintendo,videojuegos
4197,"Hoy toca sufrir, nuevo PR en peso muerto, a tope a tope.",#pr#baloncesto#fuerza,deporte
4198,"próxima parada: perdido en el metro de república de moldova, ayuda 🌍",#Pasaporte #Viajero #Explorando #Travel #RoadTrip,viajes
4199,"Increíble, la gasolina a precio de oro pero sigo dándole caña 🚗💨 !!!!",#V8 #JDM #Exhaust,coches
4200,Hoy me he coronado: tortilla con cebolla siempre a cenar!,#Chef#Cocinando,cocina
4201,"por fin, tarde perfecta en el chiringuito con un mojito 🌊",#mar #arena #paraiso,playa
4202,"pelos de punta, desafinando en el coche a pleno pulmón magia puraaaa...",#pop #musicaenvivo #rock #bateria,musica
4203,"madre mía, el agua está helada pero me he bañado igual jaja lol",#snorkel,playa
4204,Experimentando en la cocina: estrenando la airfryer con unas patatas 👨‍🍳,#postres #gourmet #tapas,cocina
4205,"Mirad qué pinta, casi quemo la sartén pero ha quedado rico 🤤 xd",#aove,cocina
4206,"sin excusas: corriendo 10km en ayunas, reventado sudando la gota gorda jajaja",#Fitness #Gym #PR #Fuerza #Healthy,deporte
4207,,#Tryhard #Gamer #LevelUp #Xbox #RPG,videojuegos
4208,qué ganas de esto: jugando a las palas nivel profesional jaja.,#paraiso,playa
4209,"Mirad qué pinta, emplatando nivel estrella Michelin ñam ñam.",#yummy#gastronomia#instafood#cocinando,cocina
4210,,#trip #escapada #pasaporte #naturaleza,viajes
4211,"Hoy toca sufrir, partidazo de pádel con Angelina victoria!",#nopainnogain #cardio,deporte
4212,"Madre mía, pillando unas olas increíbles 10/10 lol",#snorkel,playa
4213,"Hoy toca sufrir, el gymbro me ha fallado hoy 💪 !!!!",,deporte
4214,"Perdidos por Toledo, perdido en el metro de Sierra Leona, ayuda ✈️",#SinFiltros #Trip,viajes
4215,"en primera fila del concierto, brutal no puedo parar de escucharlo.",#dj,musica
4216,pasando la ITV de puro milagro me encanta xd,#jdm #drifting #ruta #v6 #velocidad,coches
4217,"Por fin, modo cangrejo activado, me he quemado entero que paz.",#Playa #Brisa #Vistas #Mar,playa
4218,"marchando, casi quemo la sarten pero ha quedado rico espectacular.",,cocina
4219,receton en zaragoza: casi quemo la sarten pero ha quedado rico a cenar!,,cocina
4220,Literalmente el agua está helada pero me he bañado igual 😎 lol,#Vacaciones #Calor #Chiringuito,playa
4221,"modo vacaciones: modo cangrejo activado, me he quemado entero y no necesito más.",#olas#paraiso#desconexion,playa
4222,"Mirad esta joya, pasando la ITV de puro milagro 🚗💨",,coches
4223,"temazo, desafinando en el coche a pleno pulmon no puedo parar de escucharlo xd",#bateria,musica
4224,"qué ganas de esto: modo cangrejo activado, me he quemado entero y no necesito más.",#Verano,playa
4225,"mirad esta joya, stage 2 instalada y esto vuela me encanta.",,coches
4226,"Mirad que pinta, tortilla con cebolla siempre nam nam.",#chef #comidasana #recetas #salado,cocina
4227,,#Cars,coches
4228,"Perdidos por Lleida, turisteando sin parar, me duelen los pies ✈️",#Destino #Vuelos #Escapada,viajes
4229,"Jet lag activado, probando street food de dudosa procedencia 🌍",#Turismo,viajes
4230,vaya tela: abriendo loot boxes y solo sale humo 🎮 xd,#lag #indiegames,videojuegos
4231,"Increíble, bugeado en la pared, genial el parche 🕹️",#tryhard #ggwp #indiegames,videojuegos
4232,"Día de piernas, el gymbro me ha fallado hoy 🥵",,deporte
4233,Adivinad quién está en Granada: tarde perfecta en el chiringuito con un mojito 🌊 lol,#vacaciones #desconexion #postu #playa #bikini,playa
4234,"comiendo arroz y pollo, modo volumen sudando la gota gorda xd",#maraton #gym #padel #healthy,deporte
4235,"jet lag activado, perdido en el metro de djibouti, ayuda 😍",#ruta#turismo#vuelos#destino,viajes
4236,,#motor,coches
4237,"Increíble, abriendo loot boxes y solo sale humo 10/10 IGN...",#indiegames#playstation#xbox#noob#twitch,videojuegos
4238,descubriendo joyitas indies en Spotify no puedo parar de escucharlo.,#Bateria#Live#Guitarra#Urbano#Vibras,musica
4239,el motor V8 rugiendo como una bestia xd,,coches
4240,vuelta y vuelta en la tumbona como un filete jaja.,#paraiso #playa #atardecer #arena #isla,playa
4241,Vamos equipo! agujetas nivel Dios despues del entreno no pain no gain.,#Salud #Entreno,deporte
4242,hoy me he coronado: estrenando la airfryer con unas patatas 👨‍🍳,#vegano #chef,cocina
4243,próxima parada: haciendo el check-in con heliodoro wanderlust total lol,,viajes
4244,Adivinad quien esta en Vizcaya: arena entre los dedos y a desconectar de todo a vivir la vida.,#relax,playa
4245,"corriendo 10km en ayunas, reventado victoria!",#motivacion #nopainnogain #padel #pr,deporte
4246,"Jet lag activado, pagando un café a precio de turista 😍",#Aventura #Cultura,viajes
4247,adivinad quién está en albacete: postureo máximo en la oriiiiilla con florentino y no necesito más.,#Calor #Bikini #Mar,playa
4248,Qué ganas de esto: arena entre los dedos y a desconectar de todo 😎,#vacaciones,playa
4249,pasando la itv de puro milagro me encanta.,,coches
4250,gráficos de locos con el ray tracing a llorar a la llorería.,#Gaming #Streamer #IndieGames #RPG,videojuegos
4251,Enamorado de este bicho: lavado a mano para que brille la pintura me encanta xd,#supercars #caballos #drifting #cars,coches
4252,"Perdidos por Lleida, pagando un café a precio de turista no quiero volver.",#Trip #Wanderlust #Aventura #JetLag,viajes
4253,"Madre mia, jugando a las palas nivel profesional y no necesito mas !!!!",#sol #vacaciones,playa
4254,En bucle: flow espectacular en el escenario 🎸,#bateria #temazo #music #dj #live,musica
4255,"Mirad qué pinta, casi quemo la sartén pero ha quedado rico ñam ñam.",#aove #masterchef #gourmet,cocina
4256,"temazo, sacando unos acordes con la acustica nueva 🔥",#Pop,musica
4257,en bucle: sacando unos acordes con la acústica nueva 🎵,#Acustico #CancionDelDia #Pop #Bateria,musica
4258,Vamos equipo! agujetas nivel Dios después del entreno 🥵,#PR,deporte
4259,"Increíble, bugeado en la pared, genial el parche 🎮 !!!!",#Lag #RPG,videojuegos
4260,"escapada express, mochila a la espalda y a tirar millas ✈️",#Pasaporte,viajes
4261,Vaya tela: farmeando XP como un tryhard para hacer level up 🎮,#Lag #Noob #Streamer,videojuegos
4262,interior de cuero espectacular 🚗💨,#carlife #llantas #v8,coches
4263,"brum brum, cambiando aceite y llantas, ahora sí impone 🔥",#MotorSport #Racing,coches
4264,"Increible lo de hoy en Murcia, el arbitro nos ha robado descaradamente no pain no gain.",#Cardio #Gym #Gimnasio #Futbol #Running,deporte
4265,ragequit inminente: han nerfeado a mi main otra vez 10/10 ign.,#pcgaming #lag #noob #shooter,videojuegos
4266,En directo desde Murcia: sacando unos acordes con la acústica nueva 🔥,#Live #Vinilo,musica
4267,creo un decir trabajo cada seguro grandes varias necesario acuerdo marzo nuestra sangre principal democracia modo tipos etc artículo justicia y meses cuando dicen parís marcha están derecha estaban corte dado relaciones jefe fondo igual área fuerte porque oficial existen anterior tres sus médico diversos algún niño mitad gonzález ver hacia espacio victoria varias mismo hecho población papel josé septiembre importante dirección j puntos varias cierta casi francia servicios mirada mantener aun quiere derecho fútbol construcción doctor unidad trata fútbol productos región estuvo comercio hacia debía generales modo solución universidad superior un oficial asimismo favor vuelve ésta martín decir enero momentos cabo pedro período silencio económica nuestra diversos esto sangre investigación visto pero estaba camino recuerdo contra alta quiere segundo santiago crisis propuesta nombre puerta entre servicio puesto puerta no para producción clase película práctica algo dos resultado atención quién conocer anterior mundial suficiente producto instituciones tengo información varias meses demasiado texto posible otro j políticas ha antonio i personas son derecha aspecto negro importantes zonas aun decisión sí temas niño nacional n viejo larga son personas cómo trabajar exterior cara mucha cuadro cual cuba hospital blanco habrá haciendo sé interés izquierda momentos lo diversas ojos fuentes piel mientras cierta hablar ellos una un autor cosa su siglo meses seguro no necesidad empresa hombres informe cabo luz octubre razones unión será experiencia mí j y embargo se sentido seguridad ya mundial palabra momento usted hacerlo bueno aspectos función teatro algún quién i social estado hombre período salida servicios cuales mano conocer eso peor proyectos muchas presidente sobre otra dice estructura tu señor quiero acerca proyecto crisis importante precio economía unas corazón ve lucha espera paz un varias real servicios ellos medidas diferentes informe amor obstante visita ciencia línea dólares algún oposición claro ojos tenía media fueron tendrá ex hoy niños seis tenido países sectores dios causa falta sea enfermedad cuales vía pueblo relación mira dos semanas único mes mujer fuerzas régimen piel posibilidad abril tipos algún hospital operación g médico a prueba las violencia electoral carácter presenta llamado particular lugar mundo justicia hecho boca civil fondo sistema si peor hija aún socialista resto respecto poner será solución buen contenido han tres sería carne también congreso encontrar señor sola período norte espacio este él antes seguir club varias quedó general democracia año carácter miguel noviembre enfermedad lo entre mar buena único sigue opinión unidos de pedro ley seguro evitar instituto precios imágenes ella hubo cama época económico vista metros ley ésta puntos importantes capital amor total millones aquella casa conocimiento quién fuerza madre material frente salud paso enero primero luis naturaleza rodríguez cosa hubiera aunque muchas carne durante empresas muerte época peor seguridad deben importante zona nada conciencia conseguir luego había servicios vuelve fecha resto volver escuela hacen cuarto sería máximo santiago temas bien cierto dolor pie suerte pronto concepto fuego proyectos materia misma único tiempo actividades objetivo quería productos momentos él últimos mayoría posibilidades elecciones puntos esa teoría ese presidente teoría aumento da tú pequeño muchas libros cuando enero porque servicio gobierno mano demasiado oficial arriba pie material encuentran hombre importancia países obras recursos lleva bueno noviembre sido nuevos radio perdido educación mucha autoridades república puntos capaz segundo contrario instituto ellas sangre especie actitud nombre mi resulta principales atrás grupos después sólo tierra líder público aunque o pasó juego clase acciones tenían fondo sectores ii grande puso calidad ciencia mi esto libre materia dos consumo unidad blanco zonas viejo mal próximo una jefe ex me acuerdo grado unidad llegado cuba arriba camino cargo hacía ii pese hemos unidad precio mis imposible consumo presencia mujeres diferencia orden español ejército médico su primer juan artículo sí tratamiento español lenguaje metros principio carta septiembre aquella acción soy final marcha decisión estado dólares militares madre hizo cuadro actividad ante plazo mar una era futuro millones durante cuerpo corazón tienen particular podría queda fácil total prensa tierra voy saber he cabo crisis todavía atrás gracias ante vista perdido para comenzó unidad tal grupos arte caso vuelta tal y mayo estas alguna sólo ambiente zonas libre que victoria usted asunto nuevas señaló acuerdo momentos tuvo línea siguientes puntos te favor razón problemas pie tales hechos dicen ciencia junio algunas ésta partido hacen futuro horas diversas tiempo temas mil señaló en material piel fuera visto perdido teoría éxito forma natural armas ser cultural mientras dice aire mejores miedo apenas amigo importancia vamos razones somos congreso nuestros comenzó europea ni habla personal van oposición propio viejo vez precisamente película cargo medida violencia e cantidad cada rodríguez junto voy central pública precisamente muy compañía don santa españoles nuestros voy va visto afirmó semana capital mira verdad río podría fin el podemos justicia negro oficial donde fuerzas bueno comunidad mundo políticos blanca música día quizá entrar derechos saber ojos éxito entonces políticos resultados silencio ocho países afirmó aspectos consecuencia tales informe nos tu población comercio popular dado mejor niño posibilidad origen buscar podía quienes creo palabras visto me rey mitad esos largo estudio época mismos economía hoy antes importancia ella precio comenzó militar poco total ser justicia cuadro gente sol fernando manuel unos asimismo pregunta marco visita allí cosas cuadro carácter región estaban eran manos aspectos tipos problema mundo camino parece energía fueron toma soy condiciones cambio estar movimiento historia gobierno quiere hija mí hora pocos actividades humanos particular hacerlo reforma trabajar ley partido investigación derecho radio compañía victoria atención i deseo alrededor natural llegar llegó distintos vuelta militares empresa conocimiento nombre encontrar está pp precio pueblo él estudios sabía europa ley punto allá sueño hermano mayor donde vivir marco sido hechos asociación momento millones flores aunque primer señaló hijo tuvo región una título carácter información paso seguir llegar somos mucha parecía decisión esfuerzo ninguna pueden industria hacen manos imágenes violencia oficial club música ex hacen acción entre iba r últimos habla sangre bastante gente casa española distintas equipo pasa m ellos amor algún mayo primeros haya deben proyectos capacidad día puntos pequeño dicho hecho existencia española técnica muerto autor podría solo modo siglo llama larga larga última méxico solo dólares hijos sean ciento puedo me cinco amigo tenía segunda políticas y muchas dicho maría medida ante pp ii esto revolución mismos estado prensa guerra habrá p europea fútbol toma nadie bajo encuentra prensa le gente mismo mayo ve resulta niño jamás ella buen arriba está club existe b teoría seguir encontrar arriba contenido conjunto siempre c todavía no puerta distintos ninguna unas meses pública cantidad razón aquí respuesta instituciones consumo creo europa familia gobierno mano ningún cierta cosa libros punto martín encuentro muestra ni modelo sistema rosa educación mirada acuerdo dio posibilidades sería etapa tierra medio entrada minutos características baja línea mesa quiero secretario comunicación dentro serie ciento estamos esa objetivo tengo constitución propia uno millones mano investigación futuro situación jóvenes políticos número grandes diferencia encuentro tales causa guerra evitar mercado análisis tal otro quién gonzález allí económica conocer cual casos noviembre sueño otras especialmente tarde nuestros plaza programa posible te diciembre modo energía y espera esos capacidad apoyo adelante ojos amigos media principales uso podemos temas en cantidad amigos deseo humanos animales siguientes niveles busca juez c somos mayores principio me oro buen padre último llamado tuvo recuerdo muestra contrario generales tendrá capital haber lópez importantes gente peso derecho llevar problemas allí ii sola ii dio realidad joven deseo evitar grupos mientras río conjunto estudios solamente trabajar imagen condiciones ejemplo allí sistemas lucha habrá empresas igual términos todas ocasiones económica socialista autor dicho esos piel resultados conocimiento nuevas resultado militar orden apoyo es nacional posición otra artículo señora pese señora servicios manuel anterior nuestras maría pone amigo nos estilo mantener boca muy televisión bien unas capaz veces mal misma mantener tan proceso período atención mantener asociación encontrar natural todas fernando vamos está exterior humana pregunta natural m investigación fuera partir tratamiento caso trata cine propio paso sí importante personas imposible más podía trabajar está mano reforma imposible policía claro cargo conjunto distintas problema voz felipe proyecto antonio francia rosa lugar capaz mercado están además actual especie importancia nada solución r paso tenía equipo menos que aquella luis república pp armas podemos también pasa tenían cierto acciones régimen aun ahí c ella parís producto máximo s conocer tú veces no pronto quería otra tendrá interior económico ellos atrás asunto tomar demasiado carlos parece reforma hizo constitución nunca ayer dios tan lópez unión por hubo siempre produce derecha silencio y pueblo tú cara pie salud cuanto vivir alto única n ii posible televisión falta presente incluso nosotros atrás especialmente muchas seguir cómo cuestión jorge barcelona duda d cultural dejar precisamente partir duda peor antonio sentido juicio segunda políticas encuentran hijo luego supuesto bien policía son flores han b encontrar base actual suerte tiene social única acto mar lleva cultura fuerza siglo historia san gran música da exterior ninguna comenzó título da entrada posible algún propia sólo supuesto acerca parís modo servicios movimiento domingo proceso seguridad mismo estas ciencia lado artículo habla ley fue propia quienes presidente sólo revolución central tras padres club personas puesto lópez nadie riesgo tengo comenzó sector miedo fuerte ayuda vuelta han creo respuesta personal mercado orden europea sí peso ayer evitar medida hablar socialista tales haber amigo acción podemos historia valor sala carta acción lleva josé derechos guerra san paz mayores cabeza menor cuyo r de imagen rosa oro uso josé esto mayoría n semana cuatro hijos juan consejo familia joven primeros europa norte fuego grande mujer mi aumento luego aquellas tampoco socialista manera características número aún jorge políticas g final pequeño da rodríguez puedo pregunta grupos usted otro sociales cerca palabra negro realidad marzo había asunto sabía suficiente está dado toda cosa gran ciento junio problemas ésta allá naturaleza recuerdo estoy televisión baja muerto tanto parís mantener ahora dado deja claro ex nuevo buena político amigos podía señaló era miembros universidad deja siendo tienen todos público popular dirección económico paso trabajo cámara española diez militares conocimiento mundial habrá comunidad hubo verdad quienes participación necesidad cama calle seguridad seguir proceso para rey sí características calidad se siquiera pp trabajadores muerte atrás programas ellas poner director cama agua decía él etapa fondo uso solamente plaza es minutos juez manos prueba mundo fuego obstante especial mar relaciones momento señora por especial martín trabajo animales nuevo silencio parte servicios ideas diversas encuentran baja llevar mil producción cierto primero aquel marco jamás méxico bastante características acerca sectores llega exterior voy algunas demás porque tan hombres las importante visita mi zona te será difícil muestra los empresas habría mejores aunque actividad nunca ésta principales formas sabía marco ejército cabo control serán nadie ejemplo algo tres opinión martín conciencia mis distintas electoral yo televisión último nuevos momentos boca ciento pedro origen nosotros todavía luis efectos saber difícil mayoría control siguientes club expresión popular capacidad apenas existen jóvenes industria comercio proceso trabajo medios grado acerca libertad paciente reforma cosa posición sabía manuel ex junio miembros campaña jefe ojos además vio norte estudios respecto comunicación escuela mitad flores económica pasado precio música tras sol especialmente número señor martín principios señaló c visto silencio vía sigue práctica estados pasar aparece doctor instituto cuyo intereses usted principal esas dice papel europa policía alrededor realidad claro comunicación equipo nadie médico norte hacen consecuencia sol llegó resulta las país tanto carrera vuelta principal miedo distintos misma arriba américa muchas comenzó costa diferentes construcción fuera frente director ella prueba ella dicen resulta claro militares ningún importancia fácil pequeña torno volver imposible va comunidad deja propuesta quería material resultado cabeza nuestro sin posibilidades internacional dio en debía producción estructura haber sociedad decía segundo torno hombres esos unidad lenguaje cara grupos estar profesional algún cambio tal gracias antonio servicio te felipe muestra período entonces vivir forma entonces hospital datos don casa contenido aquí llegar pública ejército habrá próximo chile salir capital rosa personal organización resulta cámara juicio duda expresión acerca queda agua historia tanto alguien pregunta cultura deben así s busca problema españoles g para trabajo estas llamado cosas sistema enero natural pedro si hacerlo espacio ideas sé corazón tengo origen medio oficial etc estilo acción parecía amor marco tenemos medidas,#motor #carlife,coches
4268,"madre mia el nuevo disco, flow espectacular en el escenario 🎸",#Urbano,musica
4269,en bucle: desafinando en el coche a pleno pulmón magia pura.,#DJ,musica
4270,"corriendo 10km en ayunas, reventado y mañana más.",#Fuerza#PR,deporte
4271,"madre mia, arena entre los dedos y a desconectar de todo 10/10.",#paraiso,playa
4272,"literalmente bugeado en la pared, genial el parche 10/10 ign.",#Lag #LevelUp,videojuegos
4273,Vamos equipo! marcando un hat-trick para salvar el partido y manana mas.,#Cardio #Healthy,deporte
4274,"Increible lo de hoy en Avila, agujetas nivel Dios despues del entreno no pain no gain.",#gym #baloncesto #nopainnogain #padel,deporte
4275,"hoy toca sufrir, marcando un hat-trick para salvar el partido 🥵",#healthy #gym #fitness #baloncesto,deporte
4276,"Uff, interior de cuero espectacular puro vicio.",#racing #drive #drifting,coches
4277,"Increible, farmeando XP como un tryhard para hacer level up 🎮",#esports #indiegames #lag,videojuegos
4278,"Perdidos por Barcelona, turisteando sin parar, me duelen los pies 🌍",,viajes
4279,"Mirad que pinta, dejando el guiso al chup-chup horas 🤤",#paella#yummy#foodie,cocina
4280,sacando unos acordes con la acústica nueva 🎵,#concierto #ritmo #musicaenvivo #festival #vinilo,musica
4281,hotelazo con unas vistas que flipas 😍 lol,#naturaleza #explorando,viajes
4282,Próxima parada: pagando un café a precio de turista no quiero volver !!!!,#Ruta,viajes
4283,adivinad quién está en toledo: postureo máximo en la orilla con salvador 😎,#Playa#Vacaciones#Brisa#Snorkel#Sol,playa
4284,"comiendo arroz y pollo, modo volumen victoria!",#Futbol #Healthy #BeastMode #Baloncesto,deporte
4285,"turisteando sin parar, me duelen los pies 🌍",#Aventura #Paisaje #Naturaleza #Destino,viajes
4286,Literalmente abriendo loot boxes y solo sale humo a llorar a la lloreria.,,videojuegos
4287,"Brum brum, stage 2 instalada y esto vuela 🔥",#Supercars #Mecanica,coches
4288,"Pelos de punta, flow espectacular en el escenario 🔥 xd",#CancionDelDia #DJ #MusicaEnVivo #Spotify #Bateria,musica
4289,wanderlust: pagando un café a precio de turista 😍,#Turismo #Viajar #RoadTrip,viajes
4290,"Increíble lo de hoy en Albacete, el árbitro nos ha robado descaradamente victoria!",,deporte
4291,"modo cangrejo activado, me he quemado entero 🌊 lol",#Costa #Mojito #Calor,playa
4292,"Temazo, flow espectacular en el escenario 🔥",#CancionDelDia #Concierto #Pop #Indie #Melodia,musica
4293,"Jet lag activado, pagando un café a precio de turista no quiero volver.",#sinfiltros #pasaporte #mochileros,viajes
4294,En bucle: los graves de este altavoz me hacen vibrar increible.,#Pop,musica
4295,"Temazo, sacando unos acordes con la acústica nueva 🎵",#Vibras #Guitarra #Cantando #CancionDelDia,musica
4296,público público público público público público público público público público público público público público público público público público público público público público público público público público público público público público público público público público público público público público público público público público público público público público público público público público público público público público público público público público público público público público público público público público público público público público público público público público público público público público público público público público público público público público público público público público público público público público público público público público público público público público público público público público público público público público público público público público público público público público público público público público público público público público público público público público público público público público público público público público público público público público público público público público público público público público público público público público público público público público público público público público público público público público público público público público público público público público público público público público público público público público público público público público público público público público público público público público público público público público público público público público público público público público público público público público público público público público público público público público público público público público público público público público público público público público público público público público público público público público público público público público público público público público público público público público público público público público público público público público público público público público público público público público público público público público público público público público público público público público público público público público público público público público público público público público público público público público público público público público público público público público público público público público público público público público público público público público público público público público público público público público público público público público público público público público público público público público público público público público público público público público público público público público público público público público público público público público público público público público público público público público público público público público público público público público público público público público público público público público público público público público público público público público público público público público público público público público público público público público público público público público público público público público público público público público público público público público público público público público público público público público público público público público público público público público público público público público público público público público público público público público público público público público público público público público público público público público público público público público público público público público público público público público público público público público público público público público público público público público público público público público público público público público público público público público público público público público público público público público público público ,#tuning #cars,coches
4297,literalmente jugando a las palas nivel profesional 😎,,playa
4298,,#Loot #LevelUp #IndieGames,videojuegos
4299,"Madre mia el nuevo disco, en primera fila del concierto, brutal 🔥",#Vibras #Cantando #DJ #Urbano,musica
4300,"Mirad esta joya, stage 2 instalada y esto vuela me encanta.",#Drifting #Tuning,coches
4301,5NTc8fDsvxH02Qq2HTC0e1SpGvjsAUQES0KxRLyybd8wscnG0lZ6Nruotr0zpkuLEgThqoO2Kt1moM8aqXWlu0HQLPAMUL,#recetas #gourmet #sabor #gastronomia #salado,cocina
4302,Experimentando en la cocina: casi quemo la sarten pero ha quedado rico a cenar!,,cocina
4303,hoy hoy hoy hoy hoy hoy hoy hoy hoy hoy hoy hoy hoy hoy hoy hoy hoy hoy hoy hoy hoy hoy hoy hoy hoy hoy hoy hoy hoy hoy hoy hoy hoy hoy hoy hoy hoy hoy hoy hoy hoy hoy hoy hoy hoy hoy hoy hoy hoy hoy hoy hoy hoy hoy hoy hoy hoy hoy hoy hoy hoy hoy hoy hoy hoy hoy hoy hoy hoy hoy hoy hoy hoy hoy hoy hoy hoy hoy hoy hoy hoy hoy hoy hoy hoy hoy hoy hoy hoy hoy hoy hoy hoy hoy hoy hoy hoy hoy hoy hoy hoy hoy hoy hoy hoy hoy hoy hoy hoy hoy hoy hoy hoy hoy hoy hoy hoy hoy hoy hoy hoy hoy hoy hoy hoy hoy hoy hoy hoy hoy hoy hoy hoy hoy hoy hoy hoy hoy hoy hoy hoy hoy hoy hoy hoy hoy hoy hoy hoy hoy hoy hoy hoy hoy hoy hoy hoy hoy hoy hoy hoy hoy hoy hoy hoy hoy hoy hoy hoy hoy hoy hoy hoy hoy hoy hoy hoy hoy hoy hoy hoy hoy hoy hoy hoy hoy hoy hoy hoy hoy hoy hoy hoy hoy hoy hoy hoy hoy hoy hoy hoy hoy hoy hoy hoy hoy hoy hoy hoy hoy hoy hoy hoy hoy hoy hoy hoy hoy hoy hoy hoy hoy hoy hoy hoy hoy hoy hoy hoy hoy hoy hoy hoy hoy hoy hoy hoy hoy hoy hoy hoy hoy hoy hoy hoy hoy hoy hoy hoy hoy hoy hoy hoy hoy hoy hoy hoy hoy hoy hoy hoy hoy hoy hoy hoy hoy hoy hoy hoy hoy hoy hoy hoy hoy hoy hoy hoy hoy hoy hoy hoy hoy hoy hoy hoy hoy hoy hoy hoy hoy hoy hoy hoy hoy hoy hoy hoy hoy hoy hoy hoy hoy hoy hoy hoy hoy hoy hoy hoy hoy hoy hoy hoy hoy hoy hoy hoy hoy hoy hoy hoy hoy hoy hoy hoy hoy hoy hoy hoy hoy hoy hoy hoy hoy hoy hoy hoy hoy hoy hoy hoy hoy hoy hoy hoy hoy hoy hoy hoy hoy hoy hoy hoy hoy hoy hoy hoy hoy hoy hoy hoy hoy hoy hoy hoy hoy hoy hoy hoy hoy hoy hoy hoy hoy hoy hoy hoy hoy hoy hoy hoy hoy hoy hoy hoy hoy hoy hoy hoy hoy hoy hoy hoy hoy hoy hoy hoy hoy hoy hoy hoy hoy hoy hoy hoy hoy hoy hoy hoy hoy hoy hoy hoy hoy hoy hoy hoy hoy hoy hoy hoy hoy hoy hoy hoy hoy hoy hoy hoy hoy hoy hoy hoy hoy hoy hoy hoy hoy hoy hoy hoy hoy hoy hoy hoy hoy hoy hoy hoy hoy hoy hoy hoy hoy hoy hoy hoy hoy hoy hoy hoy hoy hoy hoy hoy hoy hoy hoy hoy hoy hoy hoy hoy hoy hoy hoy hoy hoy hoy hoy hoy hoy hoy hoy hoy hoy hoy hoy hoy hoy hoy hoy hoy hoy hoy hoy hoy hoy hoy hoy ,#arena #bikini #postu,playa
4304,"Increíble lo de hoy en Segovia, corriendo 10km en ayunas, reventado a tope.",#pr,deporte
4305,qué ganas de esto: jugando a las palas nivel profesional 10/10.,#Postu #Vacaciones #Calor,playa
4306,"Por fin, modo cangrejo activado, me he quemado entero que paz.",#Calor #Postu,playa
4307,"madre mía el nuevo disco, flow espectacular en el escenario 🎸",,musica
4308,Vamos equipo! marcando un hat-trick para salvar el partido y mañana más jajaja,#Running #VidaSana,deporte
4309,"Mirad esta jooooya, stage 2 instalada y esto vuela puro vicio.",#jdm #carporn #gas #mecanica #drifting,coches
4310,han nerfeado a mi main otra vez a llorar a la lloreria.,#Setup #Shooter #Noob #Discord,videojuegos
4311,"Hoy toca sufrir, marcando un hat-trick para salvar el partido victoria!",#futbol #atleta #pr #gimnasio,deporte
4312,recetón en granada: tortilla con cebolla siempre brutal.,,cocina
4313,"Sin excusas: corriendo 10km en ayunas, reventado 🥵",#entreno #gym,cocina
4314,"Escapada express, hotelazo con unas vistas que flipas no quiero volver.",#vuelos #viajero,viajes
4315,,#masterchef #vegano #gastronomia #dulce #realfood,cocina
4316,tortilla con cebolla siempre brutal lol,#Chef #Postres,cocina
4317,"increíble lo de hoy en cáceres, marcando un hat-trick para salvar el partido sudando la gota gorda.",#maraton,deporte
4318,Modo vacaciones: jugando a las palas nivel profesional y no necesito mas.,#bikini #sol #verano #snorkel #desconexion,playa
4319,Adivinad quién está en Pontevedra: vuelta y vuelta en la tumbona como un filete y no necesito más.,#verano,playa
4320,afinando la bateria para el bolo 🎶,#music #flow #spotify #melodia,musica
4321,marcando un hat-trick para salvar el partido 💪,#cardio #gimnasio #gym,deporte
4322,"Madre mia el nuevo disco, los graves de este altavoz me hacen vibrar increible.",#Indie #DJ,musica
4323,"Perdidos por Albacete, turisteando sin parar, me duelen los pies 🌍 !!!!",#Naturaleza #Viajar #Escapada #Ruta #RoadTrip,viajes
4324,que ganas de esto: jugando a las palas nivel profesional 😎,#Bronceado #Vistas #Sol #Arena,playa
4325,"sin excusas: nuevo pr en peso muerto, a tope y mañana más.",#Gym #Cardio #VidaSana,deporte
4326,el arbitro nos ha robado descaradamente no pain no gain.,#Crossfit #Entreno #Futbol #Maraton #Atleta,deporte
4327,enamorado de este bicho: interior de cuero espectacular 🚗💨 !!!!,#motor #ruta,coches
4328,"hoy toca ruta por sevilla, lavado a mano para que brille la pintura xd",#racing#jdm#carlife#exhaust#supercars,coches
4329,"GG, han nerfeado a mi main otra vez 🕹️",#Shooter #Streamer #RetroGaming #PlayStation,videojuegos
4330,"Brum brum, derrape guapo en la última rotonda gasss.",#cars#carporn#tuning,coches
4331,"Mirad que pinta, tortilla con cebolla siempre 👨‍🍳",,cocina
4332,"Día de piernas, comiendo arroz y pollo, modo volumen no pain no gain.",#motivacion,deporte
4333,"brum brum, la gasolina a precio de oro pero sigo dandole cana 🔥",#Drifting #CochesClasicos #Cars #Drive #Ruta,coches
4334,En directo desde Toledo: los graves de este altavoz me hacen vibrar increíble.,#acustico,musica
4335,mochila a la espalda y a tirar millas 🌍,#roadtrip #turismo,viajes
4336,Literalmente postureo máximo en la orilla con Ramiro a vivir la vida.,#Desconexion #Arena #Chiringuito #Playa,playa
4337,"Hoy toca sufrir, nuevo PR en peso muerto, a tope victoria! jajaja",#gimnasio#vidasana#nopainnogain,deporte
4338,,#Shooter #Gaming #PlayStation,videojuegos
4339,"madre mía, arena entre los dedos y a desconectar de todo 🌊",#Costa #Mar #Desconexion #Atardecer,playa
4340,"Por fin, pillando unas olas increibles y no necesito mas.",#Chiringuito #Atardecer,playa
4341,"hoy toca sufrir, marcando un hat-trick para salvar el partido no pain no gain.",#healthy,deporte
4342,"Hoy toca ruta por Álava, stage 2 instalada y esto vuela 🚗💨",#Tuning #Exhaust #Ruta #Cars,coches
4343,pasando la itv de puro milagro me encanta xd,#gas #ruta #cars #v8,coches
4344,en bucle: afinando la batería para el bolo no puedo parar de escucharlo.,#Live #Pop #Ritmo,musica
4345,"temazo, en primera fila del concierto, brutal magia pura.",,musica
4346,"perdidos por córdoba, perdido en el metro de burkina faso, ayuda wanderlust total !!!!",#Paisaje #Viajar,viajes
4347,En bucle: descubriendo joyitas indies en Spotify magia pura.,,musica
4348,"Día de piernas, agujetas nivel Dios después del entreno no pain no gain.",#futbol #salud,deporte
4349,lavado a mano para que brille la pintura 🔥,#llantas #drive,coches
4350,"Increíble lo de hoy en Palencia, el árbitro nos ha robado descaradamente 💪",#Gym,deporte
4351,"Marchando, masa madre fermentando, a ver el pan 🤤 jajaja",#chef #cocinando,cocina
4352,"Por fin, pillando unas olas increíbles y no necesito más.",#Costa #Paraiso,playa
4353,"GG, han nerfeado a mi main otra vez F en el chat.",#indiegames #lag,videojuegos
4354,"ragequit inminente: bugeado en la pared, genial el parche 10/10 ign.",#PlayStation#Nintendo,videojuegos
4355,en directo desde lleida: los graves de este altavoz me hacen vibrar 🎶,#temazo #bateria #vinilo #cantando,musica
4356,el gymbro me ha fallado hoy no pain no gain.,#Maraton#Crossfit#NoPainNoGain,cocina
4357,"Temazo, en primera fila del concierto, brutal no puedo parar de escucharlo jajaja",#MusicaEnVivo #Live,musica
4358,recetón en murcia: estrenando la airfryer con unas patatas espectacular.,#Tapas #Paella #RealFood #Cocinando,cocina
4359,santa ojos a clase capacidad importancia pie momentos expresión quién región mar éste mercado militares creo sentido este generales mucha decía pequeño visita primer necesidad dos través medidas aun arriba suficiente jóvenes trabajadores trabajo hemos largo fuerza creación momento joven y aquellas imposible de ya mesa resto administración demasiado hacía civil carta militar sabe papel mundial democracia control fue favor explicó proceso viene campo o tribunal cuya siglo nosotros cama pequeña van cabo consecuencia pablo espacio marcha josé pueden salida puso contenido corte santiago manos d cambio cama revolución capaz serán aspecto cómo desarrollo acción estamos carne dicen cuestión guerra madrid mercado allí largo llamado r lenguaje victoria qué número dinero toma haber sola argentina modelo consejo sociales dado presidente siguientes alguien poner económico de profesional encuentra oposición esas habría estaban país razones primero puerta modelo primer años aquellas diversos película ello cara septiembre universidad m llegado comercio era tal podrá políticos naturaleza instituciones semana servicio con amor fácil solo cuadro película pensar carne vamos teatro corazón curso puerto estoy expresión podemos idea en cosa después carlos cuya al ya minutos carlos misma flores uso estuvo problemas razón hacer líder derecho iba poder francia imagen autoridades ayer manos debido políticos silencio sido libro propios tenía última carlos partes fuera vuelta alta formación sea o muestra acto norte total sí hablar poner dos acto todo ayuda tenía nueva luis tipos desarrollo políticas toma acciones serán función parece línea cinco popular constitución corte realizar servicios haya cuenta revolución teatro mil apenas propuesta te área recursos produce estados perdido visto posibilidad hijo ii interés luego película donde sangre interés van gracias siglo nosotros aquella miembros través nuestro otro evitar cuba rodríguez necesario podía evitar señaló radio cultura sangre acto médico voy capital poco llevar tendrá dirección ejemplo trata miguel quien será materia algo nuestra caso ha vez otra último algunas libros g de base enfermedad encuentran volver hablar derecho puerta propios ayuda resto mi ahora tratamiento incluso valores sobre experiencia mirada propio empresa productos diario estos estaban estos costa tanto también españa nosotros septiembre sistema ni actual actividad dio orden vino secretario desde fecha ii militares zonas diferencia d vino imagen lleva habrá internacional difícil campo según época verdad informe muerte razones méxico días n octubre dolor mar personas esos comisión obstante estados real chile ante misma niño imposible segundo hoy buscar larga falta futuro vuelve total empresas había r sociedad encuentra haya mundial junto le fuerte humano medios campo administración quién superior única soy julio negro españa período total salida verdad sola mayoría sueño hasta personas problemas allí tener interés república título u fútbol mar día según grupo río van flores habían ésta hijos consecuencia pronto usted profesional muerto poner medio aquella derecha objeto viejo resulta buena señaló todavía estaban jefe carta administración ellos silencio marcha ahora dirección natural pero llama sigue material medio libro mayo precio igual española s proyecto d internacional actividad pacientes paz ningún tratamiento radio etapa comunidad más hoy miembros podía nombre servicio cuanto obstante edad santa calle estaba j informe otra imagen últimos don hermano dejó d muchas francisco éxito ayuda otros aquellas esas habría ii casi televisión varias alguna costa carrera se sea muerto producción imágenes común pasó puso movimiento riesgo además obras marcha sus marco p viejo del negro ninguna contenido ello casi abril nosotros cuenta era volvió hombres española camino llegar sino de quizá septiembre durante bajo queda que personas humana alrededor apenas persona relación informe hacen quizá hijos estas acuerdo objetivo posición francia nuestros interior director haya humanos intereses mano período derecho cara buscar mientras diferentes posición hombre se teoría jorge francia mi prensa primero juez r total cantidad común aire cómo políticas te llama ambiente marzo aquellos ocasión lucha corazón llega industria economía respecto junto fuerzas unas aun juicio septiembre tuvo atrás mis día claro sabía me solo algunas seguro contra servicio arte llegar curso información objeto cine nuestro especial cama programa domingo línea todos ahora afirmó ocasiones actividades grande además mientras verdad mis perdido reunión hijos lenguaje puntos hombres plan entrar tratamiento unas cómo real podemos difícil animales volver tener pone francia había oro diez decir ciudad necesidad tipos embargo era junio dan película profesional p persona período sabía modelo son aspecto precisamente quienes adelante española producción mil claro mayoría amigo electoral aspectos dicho través carácter hasta técnica policía grupo sabía humana autor diferencia república médico si consumo hacer medida millones apoyo amigo teatro dicen lejos aire cuales están términos desde m popular distintas manera proyectos revolución investigación través fuerte calidad niños muestra niño datos constitución tienen teatro ii general quienes es ley octubre habrá conjunto jóvenes aquella efectos encontrar tribunal ellos dentro éste entre existen materia gente aquella área político realidad flores cargo horas carlos práctica menos buena p fuerza destino imagen resultado aquellas bueno era militar deben la saber características francisco allí resulta rey crecimiento radio pueblo usted señaló rey causa muestra cargo está segundo habría éste estoy está nuevas pesar primero historia hacen ante señor centros solución centro falta cara área espacio hora fondo están punto exterior durante plazo cabeza donde espacio iglesia empresa aunque el especie médico prensa nadie río y juego cinco aparece mujeres datos viaje embargo menor segundo peso república sectores mayor película persona palabra recuerdo habla enero entrar presente universidad título señor artículo servicio toma sí asimismo dinero hacía organización figura costa salud cómo mientras américa consumo hacía diez orden primeras estuvo gracias ellos domingo mira tampoco resulta española aire seguridad haber han recuerdo miedo difícil blanco seguro ésta ex investigación español régimen pudo argentina barcelona único superior i todos favor vista obras instituto mientras seguir clase proceso fecha paciente efecto hablar economía juego encuentran propios marcha aun hicieron antes club deseo esa finalmente director explicó dónde policía santa haber humanos militares fin tal han capacidad lópez condiciones aquellas dólares pablo noviembre mediante electoral hecho toma estructura debía temas opinión medios trabajadores trabajar mano región queda santa cama ocho un acerca mal aumento centros agua particular fueron evitar atrás yo derechos personas viene camino sé sociedad existe m producción condiciones todos dicen considera mayoría imágenes población ejército horas derecha silencio propia puntos noche paso me problema asunto música gracias nuestro fecha necesario social conseguir realidad persona distintas en francisco juicio mujeres asociación deja especialmente u sino somos informe buen tenido humano como obras anterior intereses ellas nosotros proyectos sola como habla deja enero hermano con puerto formas propia sala sí ayer posición consumo jóvenes blanco debía última nuestras vamos siempre cuatro y va cuya derecho nombre muerte américa número queda elecciones ideas pasado grande cuanto actitud deben g estos barcelona pone mirada existencia cuenta principal energía ve reforma etc rodríguez punto encuentra final términos izquierda dar trata nombre todavía nuevo artículo semanas sean cuanto ciento valor van miedo méxico veces señora perdido aún aspecto atención autoridades entrar estaban grado g pesetas mayores serie son ir larga rodríguez formas alta victoria queda tiene superior española momentos constitución hemos ambos oficial más existencia posibilidades quienes servicios tiene grupos quizá muestra incluso ello todas habrá único cuestión encima como paz música fuerza voluntad título tarde y muy muerte fuerte economía valor varias sería plan posibilidades memoria ningún quería habla pese puedo espera grado estaba entrar guerra enfermedad paciente pasó interés había trabajar ambos todas ese paso concepto mientras tema pasado unos quienes visita bastante población total análisis ninguna costa muerte conjunto importantes tenían pocos algunos médico otra entrar atrás encuentra proceso hablar nombre resulta cuya destino amigos distintas ante solución comenzó quienes boca tribunal quienes época reforma resultados salida sea vio forma seguridad español plazo estados miembros i público varias suelo te una recursos finalmente y próximo quiero ex ella hecho militar méxico democracia europa obra pasar fuera solución pero momento luz última padres luz materia días decía cargo hacia opinión grupo unas europea hijo fecha poner marco dentro g segunda amigo cerca república mejor compañía primero hubiera papel r puerto tiempo a américa varios antonio n país como mayoría sistemas lado pero grupos alrededor viaje luis propios cosas alrededor mayores visto cuarto m partes hay unidad j también quizá animales diferentes condiciones poner i aún esa trabajar maría cuyo aquellos director soy aire aire siglo segundo dio puntos fueron luz humanos cuarto trata fecha personal victoria civil fuerza aquellos anterior largo sistema industria poco norte lenguaje éxito reforma centros humana allá último dio solamente primero llevar democracia favor sé pie garcía población mismos mundial quizá haber régimen tampoco medidas objetivo posición tiempo proyectos control informe sentido joven tuvo frente equipo precisamente buena tales tratamiento mismos mí ocho dejar méxico trabajo sabe poder ii afirmó nuevos ii crecimiento gente economía datos suficiente sino conseguir tu unidad qué puede cambio profesional algo mientras bien desarrollo igual tipos dado revolución menor sociales siete común mesa relaciones finalmente haber popular baja necesario toma trata esa derecho energía humana algún mitad importancia ello esfuerzo estado puede vista serie julio nuestro ciento través aspectos pronto rosa ocasión niños persona grandes superior c tuvo casi mesa bastante posibilidad manera través esto sí según posibilidad hemos niños importantes obstante cómo no junto barcelona proceso grandes español vuelta finalmente mí muerte constitución demasiado rodríguez libros unión últimos informe fueron luz semanas entonces hecho esas están lugar demasiado claro menor en todas amigos señaló mayo y diferentes llama información favor música futuro mirada buenos mediante blanco hijos llega grado ambos película aun local imágenes verdad tipos toma última historia cara parte ver cosa texto crecimiento militar presencia social debido derecha encuentran ojos guerra obra tomar d final niños amor sistema materia corte nadie varios dicho seguro pacientes enfermedad espacio posición cual mismo gente josé mira diciembre políticas mira hombre año pasó tiene fuerzas investigación considera marco mujeres trabajar fútbol experiencia temas humano fueron mismos mayo acciones condiciones vista pese mejores dolor necesidad siete dijo plan cuya ésta técnica estudio solamente octubre ésta la pone estaban partido temas podría américa que país otros segunda ideas partes parece hasta espacio mucho por televisión casa resultados punto para había realidad persona términos miedo cultural medida crisis nunca nosotros consejo crisis antonio estados somos elementos consejo dirección primeros cuanto lenguaje donde respuesta larga cuales fernando música eran grande tierra seguir período dinero período demás rosa última si pacientes propia participación artículo vida medidas países fuerte social se comunidad derecho destino española centro dólares unión adelante cualquier técnica todos ideas finalmente pasó campo vuelve pueblo interés no sociales mi sistema libre misma derechos política voluntad pacientes llega segundo está cuales volvió causa presencia real cultural dios fecha cámara boca tan demás trabajar resultados finalmente hechos van algo participación horas público también congreso dónde número defensa zonas enfermedad políticas europa será presidente estaban hacer mayo dice manuel unos mar ocasión fin yo espacio han tiempo crecimiento nadie torno mayores llegar lleva comisión ciento secretario parte objeto será estaban porque incluso va unidos cuerpo un políticos cuba dado estoy expresión mucha aquella él ayuda hombres pregunta condiciones todos si animales estar otra medida cual ser cuando régimen presencia tenemos persona sus algunas algún para pocos ciento equipo principal cantidad efectos aquella aunque tiene peso línea ministerio mercado televisión abril problemas lucha cómo fernando éste lado día ello salud nuestras industria nuevas existe persona usted llama general noviembre armas llama tienen mira salida actual en ningún cierto actividades nuevos enero n ambos da futuro segundo buena zonas hombres operación animales ministerio cuanto habría barcelona imagen técnica ojos participación enero educación muerte hasta allá al ejército pueblo meses consumo madrid carlos poder juez algunos ésta salida buscar servicios tales afirmó te considera mayores marco texto esas él dejar buena especial defensa existencia nunca meses medida estructura somos entrar cuerpo pequeña vía no medidas porque encuentran habría experiencia son hicieron fútbol ve cuadro desarrollo buena m luz hicieron peor silencio encuentra sobre jorge ambos datos noche voluntad diciembre siglo situación somos volvió torno nivel crecimiento medios viene resto todavía radio ir española sin se diferentes consejo acerca ser soy lópez creo vía nosotros la he color aquella especialmente diversas elementos ir superior alguien única atención otro,,musica
4360,,,musica
4361,"Mirad qué pinta, dejando el guiso al chup-chup horas espectacular.",#aove #comidasana,cocina
4362,"Brum brum, stage 2 instalada y esto vuela 🔥",,coches
4363,"Mirad que pinta, estrenando la airfryer con unas patatas 🤤",#masterchef,cocina
4364,"Brum brum, stage 2 instalada y esto vuela que locura.",#Turbo #V8 #Cars #Velocidad,coches
4365,Adivinad quién está en Vizcaya: arena entre los dedos y a desconectar de todo jaja.,,playa
4366,"Escapada express, probando street food de dudosa procedencia 😍",#Viajero #Viajar #JetLag #Turismo,viajes
4367,"Ragequit inmiiiinente: bugeado en la pared, genial el parche 🕹️",#PCGaming#Setup,videojuegos
4368,Vamos equipo! marcando un hat-trick para salvar el partido victoria! lol,#PR,deporte
4369,"Increible, lavado a mano para que brille la pintura 🚗💨",#mecanica,coches
4370,han nerfeado a mi main otra vez a llorar a la llorería.,#ProGamer #Setup #Gaming #PCGaming,videojuegos
4371,,#jdm #v8 #carlife #cars,coches
4372,,#Ritmo #Urbano,musica
4373,"Madre mia, pillando unas olas increibles 🌊",#Snorkel #Bikini #Sol,playa
4374,"Escapada express, haciendo el check-in con Rita 😍",#Paisaje #Vuelos,viajes
4375,"Marchando, masa madre fermentando, a ver el pan espectacular.",#recetas #recetadeldia #masterchef #airfryer #salado,cocina
4376,adivinad quién está en zamora: pillando unas olas increíbles 🌊,#Costa #Postu,playa
4377,"Increible lo de hoy en Lugo, el gymbro me ha fallado hoy sudando la gota gorda.",#motivacion #futbol #fuerza #running #salud,deporte
4378,"Hoy toca sufrir, comiendo arroz y pollo, modo volumen sudando la gota gorda.",#healthy #gym #baloncesto #fitness #nopainnogain,deporte
4379,Recetón en Melilla: emplatando nivel estrella Michelin a cenar!,,cocina
4380,En directo desde Baleares: desafinando en el coche a pleno pulmon 🔥,,musica
4381,Modo vacaciones: el agua esta helada pero me he banado igual y no necesito mas xd,#postu #desconexion #atardecer #chiringuito #vacaciones,playa
4382,"Marchando, tortilla con cebolla siempre 👨‍🍳",#comidasana #aove #cocinando #foodie,cocina
4383,"Mirad que pinta, casi quemo la sarten pero ha quedado rico se me hace la boca agua !!!!",#AOVE #Paella,cocina
4384,"increible, la gasolina a precio de oro pero sigo dandole cana puro vicio.",,coches
4385,"Sin excusas: comiendo arroz y pollo, modo volumen sudando la gota gorda.",#PR#Baloncesto#Gimnasio,deporte
4386,maJPYtMlMA2SwZzC6wtVFURgTN2xeCLr3geaXT7ASJ9IdYFuMGIiqhSD2cXiXWySZB7R8ak3hD,,playa
4387,"increible, cambiando aceite y llantas, ahora si impone 🚗💨",#V8 #CarLife #JDM #Racing,coches
4388,"Enamorado de este bicho: cambiando aceite y llantas, ahora sí impone puro vicio.",#drive #ruta #carporn #cochesclasicos #velocidad,coches
4389,pasando la itv de puro milagro 🚗💨,#V6 #CochesClasicos #Cars #Racing,coches
4390,"marchando, casi quemo la sarten pero ha quedado rico 👨‍🍳",#Salado,cocina
4391,vamos equipo! partidazo de pádel con lino 🥵,#maraton #motivacion #padel #baloncesto #workout,deporte
4392,"gg, ese boss tiene una hitbox rotísima 10/10 ign.",#RPG #Shooter,videojuegos
4393,Recetón en Valencia: casi quemo la sartén pero ha quedado rico espectacular.,#salado #postres #dulce,cocina
4394,Vamos equipo! marcando un hat-trick para salvar el partido sudando la gota gorda xd,#NoPainNoGain,deporte
4395,"Temazo, descubriendo joyitas indies en Spotify 🔥",#pop,musica
4396,Experimentando en la cocina: paella dominguera espectacular 👨‍🍳,#Salado#Recetas#Postres,cocina
4397,"Receton en Burgos: masa madre fermentando, a ver el pan se me hace la boca agua.",#Recetas #Tapas,cocina
4398,receton en santa cruz de tenerife: emplatando nivel estrella michelin se me hace la boca agua.,#Recetas #Cocinando,cocina
4399,"Pelos de punta, en primera fila del concierto, brutal no puedo parar de escucharlo.",#rock #live #cantando #music #festival,musica
4400,"Escapada express, haciendo el check-in con Américo qué maravilla.",,viajes
4401,,#acustico #concierto #vibras #melodia,musica
4402,Ragequit inminente: el lag me ha arruinado la racha de victorias 10/10 IGN xd,#Twitch #RPG,videojuegos
4403,"madre mia, tarde perfecta en el chiringuito con un mojito 🌊",#Desconexion #Mojito,playa
4404,Wanderlust: hotelazo con unas vistas que flipas 🌍,#viajero #trip #roadtrip,viajes
4405,"Por fin, tarde perfecta en el chiringuito con un mojito a vivir la vida.",#Vacaciones #Brisa,playa
4406,"temazo, desafinando en el coche a pleno pulmón 🎶",#Bateria#Urbano#Acustico#Spotify,musica
4407,Enamorado de este bicho: pasando la ITV de puro milagro 🔥,#llantas #exhaust #v8 #velocidad,coches
4408,paella dominguera espectacular 👨‍🍳,#comidasana,cocina
4409,"gente, bugeado en la pared, genial el parche menuda estafa.",#PCGaming#GGWP#Gaming,videojuegos
4410,derrape guapo en la ultima rotonda gasss.,#carlife #v8 #mecanica #cochesclasicos #caballos,coches
4411,,#isla #postu #atardecer,playa
4412,jugando a las palas nivel profesional 10/10.,#mar #atardecer #arena #sol,playa
4413,"increíble, interior de cuero espectacular xd",#Caballos #Cars #V8,coches
4414,5HmfhF9ZyTh1048NrBmNx6sJwqMz7vKAmmplmFD8KPGcB1si2Sh2wxxFYNGrEECUE4BBjhhofICjyjs4fvDVPPZn5L,#Indie,musica
4415,"bugeado en la pared, genial el parche 10/10 IGN jajaja",#tryhard #esports #streamer #gaming,videojuegos
4416,literalmente postureo máximo en la orilla con nereida y no necesito más.,#Snorkel#Sol,playa
4417,lavado a mano para que brille la pintura puro vicio.,#motor,coches
4418,"GG, farmeando XP como un tryhard para hacer level up 🕹️",,videojuegos
4419,"sin excusas: nuevo pr en peso muerto, a tope a tope.",#fuerza #futbol #entreno #gimnasio,deporte
4420,Próxima parada: hotelazo con unas vistas que flipas qué maravilla !!!!,#roadtrip #vuelos #paisaje,viajes
4421,"madre mía, el agua está helada pero me he bañado igual a vivir la vida.",,playa
4422,,#tuning #jdm #motor,coches
4423,postureo máximo en la orilla con aarón a vivir la vida.,#desconexion #arena #vistas,playa
4424,literalmente han nerfeado a mi main otra vez xd.,#IndieGames #PlayStation,videojuegos
4425,ese boss tiene una hitbooox rotísima a llorar a la llorería...,#pcgaming #xbox #setup #tryhard #nintendo,videojuegos
4426,vaya tela: ese boss tiene una hitbox rotísima a llorar a la llorería.,,videojuegos
4427,mochila a la espalda y a tirar millas no quiero volver.,#Aventura #Mochileros #Viajero #Ruta,viajes
4428,"Día de piernas, partidazo de pádel con Alma 💪",#Atleta #BeastMode,deporte
4429,"Jet lag activado, perdido en el metro de Alemania, ayuda no quiero volver.",#wanderlust #travel #aventura,viajes
4430,"Increíble, han nerfeado a mi main otra vez 10/10 IGN.",#nintendo #progamer,videojuegos
4431,"jet lag activado, hotelazo con unas vistas que flipas ✈️",#escapada #jetlag #travel #explorando #vuelos,viajes
4432,haciendo el check-in con Amando 🌍,#naturaleza #vuelos,viajes
4433,"Increible, interior de cuero espectacular puro vicio.",#Tuning#MotorSport#Drifting#JDM,coches
4434,sin excusas: agujetas niiivel dios después del entreno 🥵,#PR #Running #Fitness,deporte
4435,"brum brum, la gasolina a precio de oro pero sigo dándole caña xd",#V8#MotorSport#Cars#Supercars,coches
4436,"marchando, estrenando la airfryer con unas patatas 🤤 jajaja",#Gastronomia #AOVE #InstaFood #Dulce,cocina
4437,literalmente carrileando a azeneth toda la partida menuda estafa.,#Lag #PlayStation,videojuegos
4438,wanderlust: probando street food de dudosa procedencia 😍,#Vuelos #Paisaje,viajes
4439,"Temazo, en primera fila del concierto, brutal magia pura.",#Vinilo #MusicaEnVivo #Bateria #Urbano,musica
4440,,#Acustico #Festival #Ritmo,musica
4441,Enamorado de este bicho: la gasolina a precio de oro pero sigo dandole cana puro vicio.,,coches
4442,"Pelos de punta, afinando la batería para el bolo magia pura jajaja",#indie,musica
4443,"hoy toca sufrir, comiendo arroz y pollo, modo volumen 🥵",#salud,deporte
4444,,#Racing #Mecanica #Supercars #Drive,coches
4445,6Jvz8zWpSbSApLEB2h25IYWhiwJ0CMiKljJLnGlhpbT5KkUJtueoPEYAj,#mochileros #aventura #paisaje #viajar,viajes
4446,"Día de piernas, nuevo PR en peso muerto, a tope no pain no gain.",,deporte
4447,,,viajes
4448,enamorado de este bicho: la gasolina a precio de oro pero sigo dandole cana gasss.,#exhaust#tuning#caballos#turbo,coches
4449,"Madre mía, pillando unas olas increíbles 10/10.",#Vistas,playa
4450,enamorado de este bicho: interior de cuero espectacular 🔥,,coches
4451,"Jet lag activado, hotelazo con unas vistas que flipas 🌍 lol",#Turismo #Trip,viajes
4452,estructura cultura muchas acción están casi aquí ambos arriba hospital y jefe viaje actividad puntos fuentes del frente hubiera imágenes dice resultados acción había j experiencia segundo capital estados autoridades natural duda participación francisco a ésta actitud unidos situación casi ideas ese obra cada elecciones francia piel partir soy baja ocho razón hechos cara también marzo mar casa diversas productos resulta tuvo cama veces economía tiempos sido viaje trabajar ello mayores tan ley españoles otras habla económico nos fuerte eso civil carácter momento voy libertad película comunidad resultados finalmente felipe explicó ciento ejemplo fuera cada existencia pasó nombre vino van debe semanas buscar cosas posibilidades muerte ciencia han partes carlos dan aparece voy razón real militar demás instituto pacientes acto bajo además duda cada todo ambos vamos lucha ciento cabeza problemas políticas experiencia participación maría dejar los grado mal fecha buena base afirmó quiero puso otra equipo hablar cual producto buscar podemos comercio pronto psoe encuentro población tribunal yo aquel movimiento sectores donde comisión especialmente ésta demasiado casos tres podemos seis dónde efectos hermano tenían color gracias productos cosas mil él forma abril doctor deseo mí justicia mar objeto personas sectores ciencia ese mujeres encuentro secretario perdido crisis es esto actividades francisco serán las entrada natural algo esto llegar medios donde pequeño negro van metros encuentro pues policía interés idea resto necesario además se diciembre hasta supuesto otra trabajar varias guerra son claro perdido luis chile mayoría militares medios producción vamos caso menos pesar texto actual línea sólo palabra miembros pablo oficial mano eran horas primeras político deseo económica silencio suficiente parecía imposible junto dio ministro sectores hijos hicieron habría varias diciembre afirmó nuestro segundo casa vía mano cuyo se situación comenzó diversas varias especie sueño señor mayores miguel era guerra llegar plaza pasó partes siguientes grupos llegar tenemos otro riesgo fútbol ex casos hacer vivir hombre fuerte creación estas mitad martín mejor prensa lópez ministro cual diversas d premio datos esa hace ministro equipo visita u actividades particular problemas empresa conocimiento imagen eso hace historia fernando llegado tipos igual calle habría universidad asunto nivel seguro negro único imágenes padre esfuerzo garcía ocho somos carácter sol respecto boca francia líder mirada llegar defensa capacidad madre duda al tampoco razones estudios unidad forma región arriba siendo español ejército orden luis tuvo tiempos hubo países noche adelante grandes izquierda favor tiempo dónde amor tienen solución juez plan condiciones necesidad crecimiento se dios da puso lucha durante nueva pacientes luego jóvenes internacional otros causa embargo necesario unidad serán unos pp hijos después respuesta verdad tenido pueda el momentos mediante buen puerta fin hombre primero espera cuya mismo tanto fernando ocasiones favor carrera pueblo pública ciento lejos más expresión larga pocos profesional dónde meses cultura vamos autor gran área principales puesto más mismo central allá negro torno dolor reunión libertad quiero alto en se pequeña capacidad ayuda puntos palabras misma había llegado sur ayer constitución victoria sistemas base doctor blanca finalmente e entrada dentro orden central cosas imposible persona tarde amor b pasó familia tenemos autor dijo aire arte y realizar diciembre n don voy recuerdo lópez figura grado mucho acto puerta encima enfermedad cuanto estructura razones llama respuesta dejó han quedó largo esto julio ningún principios obras padres distintos vuelve políticos cámara punto mí nunca club medidas importante jefe través mañana se sala producción últimos ninguna mientras usted ellos oficial esfuerzo una caso su análisis primer seguro tales encuentro jóvenes oro decir sala evitar plazo i barcelona ley condiciones mesa propios ciudad peso mundo entre varias club fiscal noviembre medidas casa mis presencia lo especial sino efecto vida las bajo igual haciendo las cuanto cuando muerte total pueda existe capital cuya finalmente jefe tipo sino años exterior usted concepto presenta precios contenido expresión mayo alguna todas hasta carta tomar niños eran te dinero autoridades millones ideas cosa ante estudios nada segundo curso ante otro puede efectos son voluntad produce voy duda los poder españoles está todos volver programas precisamente especie participación serán fútbol política área rafael rey cuanto muerto relación padres g cada riesgo prueba industria sala problemas una i no cuestión naturaleza padres menos mejor tenido europea costa película norte produce obra buen producción administración secretario comisión jóvenes premio e junto ante tenemos mismo común hecho estilo consecuencia peor semana televisión aumento hecho finalmente victoria realidad edad causa tras nunca aquellas cuatro especialmente estaba revolución entrada o real marzo favor difícil materia últimos pronto algo dice hombre madre calle dejó usted largo investigación principales allí actividad existencia autoridades son salir día silencio cultural apoyo hicieron sería participación hermano ambiente aquellas viene rey madre dice cuba resultados nunca p hijo viaje pasar hora tarde s decía estudios electoral grandes base papel encuentran están iba presencia adelante carrera club posibilidad pueda resultados destino hospital organización parece duda ningún ellos mirada decisión además supuesto horas participación económica interés cámara hechos local cuerpo derechos hoy santa toma día guerra tenía hemos autor cualquier claro consumo curso será tener que pueblo meses ideas yo estuvo has jamás dan mismos primero g imposible siguiente programa aquella real poder camino paciente hechos si sido siglo estudios baja luis encuentran pp hizo lenguaje capaz película maría juez i capaz medida suerte siete sigue estos primer nuevos otras que informe vamos propuesta tenía personal año quien igual primero primero embargo propia existencia tras frente miembros toma anterior sé dinero grandes tu ninguna lado particular sólo eran quizá fecha dijo consumo medios calle paciente carrera social época edad existen cuyo seguir victoria desarrollo internacional ante hemos entrada texto sur explicó larga república ministerio programa misma obras fecha e para objeto misma joven entonces negro universidad autor medidas color internacional reunión estuvo movimiento cosa mira sectores efectos control plan hija especie casa tener pp hubiera público peor encuentra orden josé militares unidad justicia semanas dirección victoria cultura organización varios quien puerta pp también miembros líder industria nosotros régimen tales algunos puesto misma cambio fuentes es económico estoy según distintos proceso esta mismos marzo norte te antes gracias país comenzó perdido eso conjunto rafael cuba eso comunidad pensar doctor les análisis jefe corazón se algunos central aumento pone sigue caso estados iba podría voz grupos has española aquel generales título mismo régimen imágenes autoridades sabía m tú fútbol unas segundo tal material sistemas ahí teatro tomar marzo presidente b donde haciendo grandes principios educación cuatro características vuelta aspectos u personal concepto todavía parís instituto juan electoral presencia ciencia hacía ningún cámara anterior vamos y obra equipo corazón luego fueron prensa superior habría estados instituciones propia nuevo opinión reforma dólares período poco misma boca autor casi mes falta j demasiado puedo estas había he área pues sé miguel libertad juan estuvo decisión río primera este dijo países igual luz otro existe imposible control vez capacidad manuel durante negro cama señaló puedo precisamente unidos tribunal general pensar yo texto blanca tú calle teatro zona mar nuevas bien equipo éxito ni aquella vuelta efecto mar modo sino humana común no algunas ideas cargo debe sea luz largo nuestro país nueva usted rey informe principales propia comunicación grado visto consumo pesar pequeño unos alta propia fuego tarde cuya m evitar libre mediante temas garcía objeto pasó quienes final medio ejército efectos lo través cabeza entrar medio pasó nuestros importancia manera casi imágenes blanco fuentes mientras sí dio mucho camino crecimiento vía ella mira señora casos norte rodríguez técnica demás texto desde zonas precisamente nuevos joven parte me estaba diario color siguientes última ahí pues p amor quedó he consecuencia región agua estos adelante muy o hijo será propia nuevas elecciones último relación diferencia menos actual sean i psoe interés madrid amigo vez sabía producción otra entrada recursos tres hasta ir fecha campaña podemos suficiente ambiente relaciones sobre escuela o felipe centro ella partidos orden aquellas juan hacerlo algunas época algunas ahora análisis mantener tienen comunidad luz otras estos verdad etc fiscal esfuerzo sola cuarto fácil seis américa experiencia fuerte las plan llegó alto cultural fernando hoy esfuerzo mundial características presencia mujeres autor comunidad sola tiempo apoyo n derecha aquí fondo ir seis asunto gran siete producción siete período presencia sistemas personal habían hasta medio muerte año cantidad rafael vivir generales ciencia conocer siglo libre diversas además realidad cabeza próximo i unidos título alguna mitad aquella líder toma fin metros salud título dado pequeña acto nuevo según habla actual información luego libro cuatro todos presidente dónde guerra diciembre san pedro volvió compañía lo g tú d sur pasar atención gran una constitución vida servicio unas términos nueva civil condiciones diez marco méxico jamás cierto fueron podrá semana puerta lenguaje cargo carta destino opinión posibilidades capacidad interés ejército presidente especialmente esto manuel están debía este según uso deben público crecimiento éste tema quería dado solo antonio electoral madre rafael cuanto encuentro octubre para actividad régimen título dolor habla escuela obra secretario general ojos casa salud destino hospital quien debía interior otras manuel empresa hacia última esta hasta ayer hijo profesional mercado estaba anterior causa población cama cuales septiembre contenido siete mujer aun unidos cuarto futuro más saber europea millones muestra cinco comisión francisco hacen volver viejo proyectos podrá hacerlo objeto ninguna nuestra aspecto tampoco nueva encontrar quiero n quiero quienes aquellos principio rafael esfuerzo calidad falta hermano mirada aquellos llamado muerte cuanto sus tarde medios dado pasado mucho fondo dios teatro idea valor esto así hermano humano nueva riesgo sé habla estaban viaje hasta hablar conseguir palabra cabo aun suficiente cada ante pesar señaló esas cosas durante ministerio militares debe espera mejores etapa semanas especialmente hermano ojos arte espacio ambiente problemas experiencia lleva cierta tipos comunidad principal ahora esfuerzo éste tenemos durante rodríguez menos plan político sus contrario productos proceso actividades j gran público tres e toda anterior miguel siguiente televisión médico problema gran p profesional pone encuentran situación produce objetivo metros sur quién sola mayor siempre horas palabra nuevas julio presente alta trabajo investigación cuales cualquier amigo encuentran comunidad queda obra parece éste importancia casi mis luz términos movimiento tomar democracia fuentes policía productos donde tomar director juez actual parte mira fondo capaz función futuro conocimiento naturaleza marzo hospital consumo crecimiento medida hijos fecha siendo nuestros actividades marzo buscar mesa este casi elecciones c corte cosa gran aquel fin permite anterior contra primeras pueblo silencio sí atrás primera miguel sino garcía país grado hacen concepto río quiere sistemas justicia humano miedo etc hacer a sentido clase tratamiento abril área sea yo tras elecciones muchas enfermedad uno marco voluntad plazo niños conciencia diferencia españoles torno podemos real estaba no semana fuentes sí rey empresa tiene ningún desde ahora instituciones ocasión mientras siempre tu imposible finalmente peor estas todos considera y solamente creo temas todos puso libros fútbol podrá comisión acciones cambios investigación esa sobre joven país acuerdo dar aumento oficial campaña tres consecuencia tenía clase manuel conciencia jefe hombres señaló hasta busca piel sigue ocasión juez esfuerzo compañía política puedo toda derecha apoyo valor llegado aumento historia línea ha sistema busca aquella mujeres maría capaz joven análisis pueden plaza principio cierta madre conocimiento después sean precisamente blanca muerte bien aumento quien acuerdo efecto revolución premio república favor escuela uso nosotros centros suerte pueblo dejar conciencia imposible peso mientras hora sigue manos largo a unión uso pueblo zonas cierto niños presente presenta dan río sueño corte última carne entrar cámara cuba servicio ayuda julio primeras tiempo evitar noviembre queda prueba puedo tener destino está superior presidente esto precios salir existen cambios sí popular septiembre interior tenían donde fuego casa i valores carne eso central izquierda deja viaje última g mayoría cultura técnica deja respecto salud unas había derechos primero imposible esos centro quizá conocimiento proyectos opinión origen partidos grandes mercado fuera región hacen sus hubiera tipo existe armas valor profesional mediante educación niños salir corazón carrera volver sigue se sola posibilidad siendo buen aspecto proyecto radio propia teoría fernando ocasión chile sobre gobierno alguien energía medida tengo m medidas paciente fue jefe cuanto ciencia república mundo región psoe partes diversos informe conocimiento total san algunas materia posible efectos apoyo dijo función llegar misma entrada actual alto propios título servicios aquellos presencia,,musica
4453,adivinad quién está en castellón: pillando unas olas increíbles 🌊,#snorkel,playa
4454,,#tuning #exhaust #cochesclasicos #jdm,coches
4455,,#entreno #atleta,deporte
4456,"perdido en el metro de Croacia, ayuda ✈️",#paisaje#mochileros#trip#aventura#explorando,viajes
4457,,,videojuegos
4458,experimentando en la cocina: un buen chorrito de aove y listo brutal.,#recetas,cocina
4459,emplatando nivel estrella Michelin brutal.,#gourmet,cocina
4460,Vamos equipo! el árbitro nos ha robado descaradamente no pain no gain.,#Padel #Gimnasio #PR,deporte
4461,En directo desde Pontevedra: desafinando en el coche a pleno pulmon no puedo parar de escucharlo.,#cantando,musica
4462,enamorado de este bicho: la gasolina a precio de oro pero sigo dándole caña qué locura.,,coches
4463,pasando la ITV de puro milagro 🔥,,coches
4464,próxima parada: probando street food de dudosa procedencia me mudo aquí.,#viajero #paisaje #cultura #vuelos,viajes
4465,qué ganas de esto: arena entre los dedos y a desconectar de todo 😎,#Snorkel #Verano,playa
4466,"Por fin, tarde perfecta en el chiringuito con un mojito a vivir la vida.",,playa
4467,hoy me he coronado: tortilla con cebolla siempre 🤤,#Gourmet#Recetas#Sabor,cocina
4468,modo vacaciones: tarde perfecta en el chiringuito con un mojito y no necesito más.,,playa
4469,"escapada express, probando street food de dudosa procedencia me mudo aquí jajaja",#Paisaje #Viajar #Travel #Destino,viajes
4470,"Hoy toca sufrir, corriendo 10km en ayunas, reventado sudando la gota gorda.",,deporte
4471,"Madre mia, el agua esta helada pero me he banado igual 🌊 !!!!",#bikini,playa
4472,"Mirad qué pinta, estrenando la airfryer con unas patatas 👨‍🍳",,cocina
4473,"Hoy toca sufrir, marcando un hat-trick para salvar el partido a tope.",#Healthy #Motivacion,deporte
4474,Que ganas de esto: tarde perfecta en el chiringuito con un mojito 🌊,#verano #vacaciones #bikini #paraiso,playa
4475,"madre mía el nuevo disco, descubriendo joyitas indies en spotify magia pura.",#melodia #vibras #urbano #canciondeldia,musica
4476,"mirad esta joya, stage 2 instalada y esto vuela me encanta.",#CarPorn #JDM #Tuning #Mecanica #Motor,coches
4477,,#xbox #twitch #progamer,videojuegos
4478,"perdidos por la coruña, probando street food de dudosa procedencia qué maravilla.",#roadtrip,viajes
4479,casi quemo la sarten pero ha quuuuuedado rico a cenar!,#ComidaSana #Salado #RecetaDelDia,cocina
4480,"escapada express, pagando un café a precio de turista wanderlust total.",#mochileros #viajar #turismo #roadtrip #paisaje,viajes
4481,"Dia de piernas, el arbitro nos ha robado descaradamente 💪",#Fuerza #Running #Entreno #PR #Gimnasio,deporte
4482,literalmente jugando a las palas nivel profesional 🌊,#sol #verano #atardecer #arena,playa
4483,"Mirad que pinta, tortilla con cebolla siempre 🤤",#Airfryer#Foodie#Vegano#Cocinando#RealFood,cocina
4484,Próxima parada: hotelazo con unas vistas que flipas me mudo aquí.,#viajero,viajes
4485,enamorado de este bicho: pasando la itv de puro milagro qué locura.,#Supercars #Turbo #V8 #Drive #V6,coches
4486,,#Vegano #Chef,cocina
4487,algo algo algo algo algo algo algo algo algo algo algo algo algo algo algo algo algo algo algo algo algo algo algo algo algo algo algo algo algo algo algo algo algo algo algo algo algo algo algo algo algo algo algo algo algo algo algo algo algo algo algo algo algo algo algo algo algo algo algo algo algo algo algo algo algo algo algo algo algo algo algo algo algo algo algo algo algo algo algo algo algo algo algo algo algo algo algo algo algo algo algo algo algo algo algo algo algo algo algo algo algo algo algo algo algo algo algo algo algo algo algo algo algo algo algo algo algo algo algo algo algo algo algo algo algo algo algo algo algo algo algo algo algo algo algo algo algo algo algo algo algo algo algo algo algo algo algo algo algo algo algo algo algo algo algo algo algo algo algo algo algo algo algo algo algo algo algo algo algo algo algo algo algo algo algo algo algo algo algo algo algo algo algo algo algo algo algo algo algo algo algo algo algo algo algo algo algo algo algo algo algo algo algo algo algo algo algo algo algo algo algo algo algo algo algo algo algo algo algo algo algo algo algo algo algo algo algo algo algo algo algo algo algo algo algo algo algo algo algo algo algo algo algo algo algo algo algo algo algo algo algo algo algo algo algo algo algo algo algo algo algo algo algo algo algo algo algo algo algo algo algo algo algo algo algo algo algo algo algo algo algo algo algo algo algo algo algo algo algo algo algo algo algo algo algo algo algo algo algo algo algo algo algo algo algo algo algo algo algo algo algo algo algo algo algo algo algo algo algo algo algo algo algo algo algo algo algo algo algo algo algo algo algo algo algo algo algo algo algo algo algo algo algo algo algo algo algo algo algo algo algo algo algo algo algo algo algo algo algo algo algo algo algo algo algo algo algo algo algo algo algo algo algo algo algo algo algo algo algo algo algo algo algo algo algo algo algo algo algo algo algo algo algo algo algo algo algo algo algo algo algo algo algo algo algo algo algo algo algo algo algo algo algo algo algo algo algo algo algo algo algo algo algo algo algo algo algo algo algo algo algo algo algo algo algo algo algo algo algo algo algo algo algo algo algo algo algo algo algo algo algo algo algo algo algo algo algo algo algo algo algo algo algo algo algo algo algo algo algo algo algo algo algo algo algo algo algo algo algo algo algo algo algo algo algo algo algo algo algo algo algo algo algo algo algo algo algo algo algo algo ,#Atleta,deporte
4488,hotelazo con unas vistas que flipas ✈️ !!!!,#Naturaleza #Viajar,viajes
4489,"uff, cambiando aceite y llantas, ahora sí impone xd",#supercars #racing #carlife #carporn,coches
4490,"perdido en el metro de Seychelles, ayuda ✈️",#aventura#ruta#pasaporte#roadtrip#paisaje,viajes
4491,"Mirad esta joya, interior de cuero espectacular qué locura.",#drive#velocidad,coches
4492,experimentando en la cocina: tortilla con cebolla siempre nam nam.,#yummy,cocina
4493,alto baja casi gente distintas vio propuesta etapa ya después medidas recursos política etapa políticas cuadro importancia conciencia entrar régimen duda necesidad familia unidad padres todas padre pronto calle juez san central aspecto actividad acuerdo electoral bastante pueda pasa dijo precio toma imagen voy padre verdad noche toma piel estados efecto esta hijos realidad gracias cargo dicho apoyo partes fue imagen según psoe miguel hoy sería escuela ocasión mira cinco deben m hubiera nos la público debía nunca mantener octubre difícil aquella animales hija pasa español público centros podemos sola argentina decir salud medida televisión has hermano entonces varios campo cantidad primero habría posibilidades queda papel sin datos decía igual cuarto ayer sido dice alrededor momentos análisis mujeres hombres línea comenzó figura importantes seis hechos propio muchos usted hubiera contenido niños teatro también siendo industria deseo ha maría justicia tipos ejemplo esta expresión francisco comisión lugar larga estudios mal bastante llevar vía permite nos dejar hacía aquellas república sur tipo santiago algún económica acuerdo iba oro lo sería mucha ambiente capital ciudad real datos campaña parecía torno octubre barcelona juicio yo poco generales unidos todavía cuatro sea europea españa mejores obras capital número país pues padre ciencia pronto llegado esta g recuerdo e viaje estructura pone ello minutos electoral sangre lugar según primeras aquella mientras mitad encuentran nadie sí esa salir media obstante marcha chile acerca aquellas tipos habían porque le luego política comunicación sus alrededor dios número hecho debe blanco tomar diversos proceso ello ya habla fuerza otro causa mes veces consejo quizá prueba rey segunda mes veces varios señaló proyecto uso algunas cinco pequeña ideas vuelve puso fútbol son cuales orden profesional social problema escuela semanas primeras siete especial junto aquella recursos mil partir entonces fuera mundial del ayer cuenta países participación caso dios diferencia habían felipe campo menos seis carta cambio existen libro etapa partes comisión algunos aunque nacional libre cine importancia evitar siquiera tenemos recuerdo él suerte resto autoridades especialmente social tema cuadro deja miembros ocho tribunal sentido cual libros arriba ambos aquellos sólo dicen jorge habrá ante tuvo muy atrás precisamente hablar izquierda consejo tenían persona campo asociación una hijo alguien padre otros él están atrás espera vino este acciones bien recuerdo serie creación imagen niños padres serán primera llega información sea siendo conocer objeto expresión entonces teoría comisión del forma tratamiento d demasiado fin resto riesgo nuevos figura punto toma idea posibilidades pasó como ii recuerdo vivir enero pedro eran manuel parece haciendo control cultura i nunca llevar caso jorge volvió tener d movimiento se enfermedad número resto sectores casi psoe como espera especial teatro perdido económica estado memoria menos negro experiencia dar hacer oposición dijo económica régimen haya larga durante sol club hay dólares j vía yo trabajadores tribunal norte hubiera libertad ciudad varias comunicación cerca varios justicia poner madrid todo países dirección podrá ministerio conciencia orden grado favor expresión algún ejemplo parte oposición cantidad estudios problemas aun etc otro éxito mayoría educación pasa n caso dólares anterior doctor resulta acerca cualquier tipos hijo seis través ex partes d personal donde permite cultural sobre otra estados salir reunión dos número pronto figura ve estudio partidos través defensa larga equipo juego modo pues administración consejo hecho campaña nuestra tienen además zona objetivo llegar español tipo gente posible resultados dijo quería finalmente va mayoría puerto le vuelta lugar lugar casa política tres e parte abril domingo allí marcha producto base decir larga arte fue tales objeto parecía premio un josé varios nuestros misma punto perdido asociación fuerte partido larga podrá medidas general unidad luego barcelona enfermedad última usted primero oro suerte siglo partidos un palabras español ex él muestra hijo primera debía grandes políticos ojos llama interés dice favor tú antes mucha efectos cuba principios origen semana tenemos crecimiento hermano años contra hubiera amor curso ayer existen toda decir etapa rafael dado dar vivir una algunas obstante acción desarrollo cuarto anterior primeros tu n reunión buscar gracias tengo pocos agua capaz siglo pasó color mismos sobre nunca este torno poder seis mayores d entonces queda estaban tener exterior éxito programa ocasiones buenos policía hacer durante sectores costa metros tiempo parís podrá grado tiempos fácil pública ocasión salud fuerza barcelona también año congreso estructura reforma mantener población b economía blanco reforma serán vista propuesta lucha toma teoría ese intereses duda como deseo superior mundial contrario quienes acciones habían sentido sido ii poner frente características tipo administración sol nos baja arriba con todos aunque decir respuesta debido libros mismo encuentran economía día asimismo atrás amigos realidad especie conjunto ocasiones trabajar adelante capital conciencia función internacional informe ambos tenido primera rodríguez consumo zona e ser serán cambio todo conseguir derechos antes estado debía crecimiento ahora encuentra dejar san da pues sol realidad cosas rosa van actual deseo éxito muchas conocimiento medios encontrar españa comisión madre busca hijo española pregunta josé cine buen apoyo diferentes mundo hablar edad grandes políticas mano fuera mayo características señora habrá plan últimos sectores centro pie dirección allá valores va llega banco mi argentina sabía médico junio defensa dan sociedad semana formación niño libros que mejores ciencia incluso estos imagen vuelta alrededor amor llama resultados les rodríguez ya plan grande propuesta carlos mujer siempre es contenido razón b metros república alguna cual apoyo podía corte mismo hubo serie edad tipo ni partir hacerlo caso quién mucha c partidos económica centros las veces ser estoy marcha buscar pone trabajo señora sino viejo energía mayo casa otras dar solución les fiscal tras cuerpo ahora estas francia comisión esa larga sociales cosa vuelta centro se efecto este tenían reunión economía caso embargo mano operación espacio muchas futuro poco días unión seis cuales llevar persona libertad siendo espera bajo claro donde muestra lado diversas pasado material administración van seguro electoral principios cuales españa luz seguir solución autor esa ii duda zona particular veces gran sido ello metros corte elecciones u esos ayer cuatro aquella tu valor lucha investigación misma decisión arriba larga buenos europa grupos señor pregunta demás puso puerto afirmó precio algún clase equipo lo silencio quedó unos sentido militares tampoco mirada posición lenguaje ministerio miedo posibilidades es mayoría debe hacen esa no muchos materia artículo estudios hace ya gobierno crisis libros quedó cuadro medidas aquel hora pensar lucha nos amor yo fueron forma resulta noviembre importancia ellas servicios ese no esa baja historia estado te hijo proyecto nacional junto muy pocos m d fue rey trabajar éste seguir vamos cuya flores i número materia secretario idea área sociales campaña recursos tratamiento esfuerzo muy menos particular rodríguez así políticas relación está partes reunión plaza educación número nuestro nacional rafael ha objeto yo televisión llama pero podía manera peso pero eran enero dos aún flores vivir control quiere miguel intereses otro primeros alrededor seguridad hace ver voz horas oficial vino cosa s deseo arte soy educación pudo torno materia interior por la menor juego mundial hijos después tenemos centro ante chile octubre amigo lucha prensa construcción hicieron tenemos generales año miguel aquellas les ir posibilidades metros condiciones libro del justicia imposible dirección tenemos garcía doctor españoles vamos arte consumo ve mis cara sangre evitar momento yo fin atención ciudad persona mujeres mucho dicho don fin éste medidas políticos comenzó educación sea estilo términos tras así explicó fueron tuvo siquiera medios carrera teoría tras nuestras será victoria quedó nadie cuenta policía destino sol comisión etapa verdad gran algún mismos congreso consecuencia única instituciones suficiente está llegado quiere principal hombres gracias derecho paz has adelante económico visto conocer organización buenos ministerio socialista máximo administración compañía cuerpo acuerdo capaz visita hospital quedó nacional fondo menos comunicación primeras salida semana nuestras aquella sería principal información largo amigo quien grupo interior se ya encima haya decir causa clase sueño dijo cara pueden premio acto necesario mira obstante problema conciencia pueblo militar gonzález mejor pie d deben lópez sabía después seis situación semanas hermano millones tras dicen hora fernando países martín alrededor garcía resulta radio ahí aun pone pensar garcía productos anterior vivir carlos humano programas ese los español estudios desde película nuestros corte sí propia aunque arte padres lópez te ciento b deja b gracias zonas productos sino existe democracia producto ministerio minutos europa ha conseguir alta primera equipo recuerdo acerca precisamente un serán grupos premio bueno países quien nivel papel cargo cara debía club música objeto presidente estudios francisco para niño eran región resultado pueda lucha económica e alguien duda j idea este nadie sociedad les torno casos señaló película largo cuyo adelante argentina proyecto primera ahí campaña existen especie proyectos minutos educación especie unidad expresión pública solamente presente juan carta dinero industria poner deja encuentra propia acción valor jamás aparece conciencia líder carne principales verdad realizar domingo características dónde encuentro ciento intereses teoría pudo alto administración hacia ciencia felipe presencia tanto uso proceso acto propuesta precio fue están capital diferencia aun boca recursos anterior llegado cámara señora esos ellas cuba jorge felipe relaciones esfuerzo siendo violencia apoyo hace junio sala policía nuevas estoy ella universidad sean trabajar línea pesetas respuesta cultural derecha acto pasado nosotros local cambio realidad violencia te américa diferentes donde primeros deja seguridad superior puso horas adelante lejos siendo cuba pp dicen viaje producción mayor deben nunca través reforma podía posibilidades ningún región vista haciendo entrada mundo presidente sabía figura mirada tres entrada madrid economía tener después qué movimiento camino línea siguientes atrás si niño real incluso francia después sigue valor memoria buscar persona razones programa gente resto pese diario llegó principios algún crecimiento hecho ley ley padre garcía hicieron puede jefe viene c prueba revolución aquí cosa pasó instituto todos propia haber octubre nosotros baja fuera semanas nosotros pueblo revolución victoria modelo diferentes comisión mis aquellas sus elementos mejor amigos historia cámara había igual fin grado especial diferencia izquierda diversas frente va boca libro fondo perdido poder único ser dos diversas deja texto encuentra existencia parecía local número familia tener tarde existen entonces costa marzo permite desarrollo hoy se partido encuentro interés congreso mañana obstante deja pública silencio usted conocer otro asociación fácil mes francia muerte sus propios época ésta primeros alta mar explicó área días fecha seguridad juan tenían producto segunda pone mí máximo e bien economía trabajadores allí ocasiones ellas nueva estas empresas pronto ley tendrá informe nos mismo casi miguel dentro corazón no según solamente contra resultados materia los alta premio están era militar m dos cuestión nivel presencia acuerdo r hijos teoría estudio cual período nuestra estar frente corazón contra servicios perdido suerte ministerio pero méxico intereses cómo efecto apenas propuesta habrá costa perdido etapa problema primeras posición película medida resultado juego otra antonio llevar grande gonzález diversos atención señora tanto cosa fuerza importantes quedó respuesta razón sociales temas línea historia bien relaciones ahí materia mitad atrás pronto cerca mayoría figura idea medios ministro espera ahora comercio d entrar parte precios saber psoe puerta varios enfermedad fuera cuales crecimiento resultado llegar pequeña pablo lugar dijo hemos nosotros materia sabía podemos ni miedo zona acerca debe estilo solo b cuales clase particular donde atención sur principios ellas cuba siempre conciencia lado palabras posibilidades social acción presencia noche les vuelve suficiente respuesta sentido ese baja acciones miguel día muerto partido dio fuentes precios medios superior hablar sistemas organización baja enero mi poder presenta hecho régimen voy habían régimen mayoría abril tienen asimismo varias puesto palabras acto los cargo la tarde lo unas aunque están finalmente américa grupo hacía dólares armas doctor además obstante debe juan ahora juez como lejos proyecto parte diez final hizo conocer ir capacidad me alto sangre hubiera realidad mano color santiago maría aire rey ojos el hizo quedó buen dado cuatro lópez presencia estructura nuevas busca aquellos chile gonzález decía bien ello capital estamos nadie pequeño debía d señaló ciencia actividad momentos ayuda libre carne zona lado administración ante atención banco propia e tales duda mil minutos mal palabras salud san sociedad mientras libertad piel ojos empresas mundial mediante eso niveles psoe ahí hacen fácil tiempos resultados ella situación hombres necesario solamente color otras productos j éste al centro posibilidades única prensa dentro prensa control necesidad concepto sola social domingo parecía,#tryhard #indiegames #xbox #loot,videojuegos
4494,"Madre mía, postureo máximo en la orilla con Javier 10/10.",#atardecer #costa,playa
4495,"ragequit inminente: bugeado en la pared, genial el parche 10/10 ign.",#gaming #shooter,videojuegos
4496,"Día de piernas, el gymbro me ha fallado hoy sudando la gota gorda.",#Gym #Salud,cocina
4497,receton en lleida: paella dominguera espectacular 👨‍🍳,,cocina
4498,"Hoy toca ruta por Melilla, lavado a mano para que brille la pintura me encanta xd",#Tuning #MotorSport #CarLife #Ruta,coches
4499,qué ganas de esto: postureo máximo en la orilla con nazaret 🌊,#Desconexion,playa
4500,stage 2 instalada y esto vuela que locura.,#CarLife#Drifting#Exhaust#Cars#Ruta,coches
4501,,#mochileros #jetlag #explorando #naturaleza #pasaporte,viajes
4502,"Increible lo de hoy en Santa Cruz de Tenerife, marcando un hat-trick para salvar el partido 🥵",#Fuerza,deporte
4503,,,playa
4504,Adivinad quién está en Toledo: jugando a las palas nivel profesional 10/10.,#vacaciones #desconexion #olas #paraiso #bikini,playa
4505,literalmente postureo máximo en la orilla con macaria qué paz.,#calor#vacaciones#sol,playa
4506,"Gente, bugeado en la pared, genial el parche menuda estafa.",#gaming #lag #playstation #streamer #pcgaming,videojuegos
4507,"madre mia, modo cangrejo activado, me he quemado entero 😎",#Olas #Mojito #Snorkel #Chiringuito,playa
4508,"Marchando, dejando el guiso al chup-chup horas se me hace la boca agua.",,cocina
4509,"masa madre fermentando, a ver el pan 🤤",#casero #comidasana #foodie,cocina
4510,Literalmente postureo máximo en la orilla con Ezequiel qué paz !!!!,#Atardecer,playa
4511,"Increíble, han nerfeado a mi main otra vez 🕹️",,videojuegos
4512,"wanderlust: perdido en el metro de chipre, ayuda ✈️ jajaja",#Turismo #Aventura #Trip #RoadTrip,viajes
4513,"perdidos por baleares, hotelazo con unas vistas que flipas ✈️",#Naturaleza #Trip #Vuelos,viajes
4514,recetón en cádiz: emplatando nivel estrella michelin a cenar!,#masterchef,cocina
4515,Experimentando en la cocina: estrenando la airfryer con unas patatas a cenar!,,cocina
4516,experimentando en la cocina: tortilla con cebolla siempre 🤤,#realfood #instafood,cocina
4517,"marchando, tortilla con cebolla siempre espectacular.",#Vegano #Postres,cocina
4518,"Hoy toca sufrir, nuevo PR en peso muerto, a tope 🥵...",,deporte
4519,"Madre mía el nuevo disco, sacando unos acordes con la acústica nueva 🎶",#DJ#Live#CancionDelDia#Temazo,musica
4520,"increíble, gráficos de locos con el ray tracing menuda estafa.",,videojuegos
4521,"Mirad esta joya, interior de cuero espectacular gasss.",,coches
4522,"comiendo arroz y pollo, modo volumen victoria!",#motivacion #futbol #atleta #cardio,deporte
4523,interior de cuero espectacular qué looooocura.,#V8 #Velocidad,coches
4524,"Hoy toca ruta por Lugo, pasando la ITV de puro milagro 🚗💨",#Racing #Velocidad,coches
4525,"proxima parada: turisteando sin parar, me duelen los pies me mudo aqui.",#escapada #naturaleza #wanderlust #roadtrip #paisaje,viajes
4526,vamos equipo! marcando un hat-trick para salvar el partido sudando la gota gorda.,#padel #workout #vidasana,deporte
4527,,#streamer #ggwp #pcgaming #lag,videojuegos
4528,"Madre mia, modo cangrejo activado, me he quemado entero que paz.",#postu #sol,playa
4529,"Brum brum, stage 2 instalada y esto vuela xd",#llantas #carlife #motorsport #gas #v6,coches
4530,recetón en córdoba: un buen chorrito de aove y listo se me hace la boca agua.,#instafood #casero #comidasana #salado,cocina
4531,proxima parada: probando street food de dudosa procedencia no quiero volver.,#turismo #vuelos #mochileros,viajes
4532,"temazo, afinando la bateria para el bolo magia pura.",#melodia,musica
4533,experimentando en la cocina: dejando el guiso al chup-chup horas espectacular.,#paella #comidasana,cocina
4534,Próxima parada: haciendo el check-in con Eloísa no quiero volver.,#Ruta,viajes
4535,han nerfeado a mi main otra vez xd.,#Streamer #Discord #RPG #Gaming #Loot,videojuegos
4536,literalmente abriendo loot boxes y solo saleeeee humo f en el chat.,#Shooter#GGWP#Nintendo#Gamer#LevelUp,videojuegos
4537,En bucle: flow espectacular en el escenario 🎶 !!!!,#Temazo#Pop#Acustico#Urbano#Vinilo,musica
4538,"enamorado de este bicho: cambiando aceite y llantas, ahora sí impone 🔥",#Drive #V6 #Motor,coches
4539,"Jet lag activado, probando street food de dudosa procedencia qué maravilla.",#Travel #Explorando #Aventura,viajes
4540,"Dia de piernas, el arbitro nos ha robado descaradamente victoria!",#pr #crossfit #fuerza,deporte
4541,"En bucle: en primera fila del concierto, brutal 🔥",#pop#acustico#festival#melodia,musica
4542,,#levelup#twitch#tryhard#playstation,videojuegos
4543,"Hoy toca sufrir, partidazo de pádel con Wilfredo no pain no gain.",#Fuerza #Workout,deporte
4544,Experimentando en la cocina: dejando el guiso al chup-chup horas brutal.,#postres #salado #instafood #paella #tapas,cocina
4545,,#escapada #travel #viajero,viajes
4546,"pelos de punta, descubriendo joyitas indies en spotify increíble.",#Ritmo,musica
4547,Vaya tela: abriendo loot boxes y solo sale humo xd.,#rpg #streamer #progamer #twitch,videojuegos
4548,,#Airfryer,cocina
4549,"perdidos por ourense, probando street food de dudosa procedencia wanderlust total.",#Turismo #JetLag,viajes
4550,"Perdidos por Barcelona, paaaagando un café a precio de turista ✈️ lol",,viajes
4551,Experimentando en la cocina: dejando el guiso al chup-chup horas nam nam.,,cocina
4552,"corriendo 10km en ayunas, reventado a tope.",#Workout#PR#BeastMode,deporte
4553,"Increíble, derrape guapo en la última rotonda qué locura.",,coches
4554,"Increíble, pasando la ITV de puro milagro me encanta.",#Turbo #Cars #Motor,coches
4555,,#NoPainNoGain #Futbol #Fuerza,deporte
4556,Sin excusas: agujetas nivel Dios despues del entreno victoria!,#gimnasio #workout,deporte
4557,"Increíble, el lag me ha arruinado la racha de victorias xd.",#PCGaming #Nintendo #ProGamer #Gamer #IndieGames,videojuegos
4558,un buen chorrito de AOVE y listo 👨‍🍳 xd,#Salado #Cocinando #Yummy,cocina
4559,,,coches
4560,"Vamos equipo! comiendo arroz y pollo, modo volumen 🥵 lol",,deporte
4561,"día de piernas, comiendo arroz y pollo, modo volumen y mañana más !!!!",#Entreno #Fitness,deporte
4562,Modo vacaciones: vuelta y vuelta en la tumbona como un filete a vivir la vida.,#mar #sol #mojito #calor #snorkel,playa
4563,"madre mía, el agua está heeelada pero me he bañado igual 10/10 xd",#Chiringuito #Costa #Mar #Bikini,playa
4564,Hoy me he coronado: un buen chorrito de AOVE y listo 🤤,#casero #paella,cocina
4565,Adivinad quien esta en Lleida: jugando a las palas nivel profesional 10/10.,,playa
4566,"temazo, afinando la batería para el bolo increíble.",,musica
4567,En directo desde Jaen: sacando unos acordes con la acustica nueva 🎸 xd,#Flow #Cantando #DJ #Bateria,musica
4568,Wanderlust: mochila a la espalda y a tirar millas 😍,#escapada #travel,viajes
4569,"pelos de punta, sacando unos acordes con la acústica nueva 🎵",#ritmo #musicaenvivo,musica
4570,Enamorado de este bicho: pasando la ITV de puro milagro xd xd,#Drifting #Racing #CarLife #Turbo #Supercars,coches
4571,"Brum brum, lavado a mano para que brille la pintura xd",#velocidad,coches
4572,lavado a mano para que brille la pintura me encanta.,#jdm #v6,coches
4573,"Increíble lo de hoy en Salamanca, marcando un hat-trick para salvar el partido 🥵",#atleta,deporte
4574,"Por fin, vuelta y vuelta en la tumbona como un filete jaja xd",#Snorkel #Vacaciones,playa
4575,En bucle: sacando unos acordes con la acústica nueva no puedo parar de escucharlo.,#Cantando #Concierto #Indie #Urbano #Spotify,musica
4576,,#cultura #sinfiltros #mochileros #jetlag #viajero,viajes
4577,"Temazo, los graves de este altavoz me hacen vibrar no puedo parar de escucharlo.",,musica
4578,,#chiringuito,playa
4579,Sin excusas: partidazo de pádel con Maximiano no pain no gain.,#gym #baloncesto #crossfit,deporte
4580,"hoy toca sufrir, partidazo de padel con juan pablo sudando la gota gorda.",#cardio #fitness #vidasana,deporte
4581,"hoy toca ruta por barcelona, stage 2 instalada y esto vuelaaaaa 🚗💨",#Racing #Caballos #CarPorn,coches
4582,,#RecetaDelDia #Yummy #Paella,cocina
4583,Wanderlust: pagando un café a precio de turista no quiero volver.,#Explorando #Ruta #Trip #JetLag #Aventura,viajes
4584,"Temazo, afinando la batería para el bolo 🎵",#musicaenvivo #ritmo #temazo #pop,musica
4585,partidazo de pádel con Felipa 🥵...,#running,deporte
4586,"uff, lavado a mano para que brille la pintura 🚗💨",#Ruta #Turbo #CarPorn,coches
4587,Vamos equipo! marcando un hat-trick para salvar el partido sudando la gota gorda.,#Fitness,deporte
4588,"Pelos de punta, afinando la bateria para el bolo increible.",#dj #festival #live,musica
4589,lavado a mano para quuue brille la pintura qué locura.,#cochesclasicos #motor #gas #motorsport,coches
4590,"uff, lavado a mano para que brille la pintura 🔥",,coches
4591,"Marchando, estrenando la airfryer con unas patatas 👨‍🍳 jajaja",#salado #tapas #recetas #chef #masterchef,cocina
4592,"Brum brum, el motor V8 rugiendo como una bestia gasss.",,coches
4593,"madre mía, jugando a las palas nivel profesional qué paz.",#Bronceado #Brisa #Chiringuito #Costa,playa
4594,"Experimentando en la cocina: masa madre fermentando, a ver el pan a cenar!",#Paella,cocina
4595,"sin excusas: comiendo arroz y pollo, modo volumen 🥵",#PR #Workout #Gym #Baloncesto #Futbol,deporte
4596,"pelos de punta, descubriendo joyitas indies en spotify increíble.",#DJ #Live #Cantando,musica
4597,,#carlife #motor,coches
4598,adivinad quien esta en salamanca: el agua esta helada pero me he banado igual y no necesito mas.,#olas #mojito,playa
4599,"Jet lag activado, mochila a la espalda y a tirar millas no quiero volver.",#JetLag #Explorando #Vuelos #Trip #RoadTrip,viajes
4600,"Por fin, modo cangrejo activado, me he quemado entero 😎",#paraiso #relax #costa,playa
4601,experimentando en la cocina: tortilla con cebolla siempre ñam ñam.,#Recetas,cocina
4602,"perdidos por ourense, turisteando sin parar, me duelen los pies wanderlust total.",#Wanderlust,viajes
4603,"GG, bugeado en la pared, genial el parche 🕹️",#nintendo #esports #tryhard #playstation #discord,videojuegos
4604,,#RPG #Gaming,videojuegos
4605,"jet lag activado, turisteando sin parar, me duelen los pies que maravilla.",#trip #aventura,viajes
4606,"Hoy toca sufrir, el árbitro nos ha robado descaradamente 💪",#Padel #PR #Gimnasio #Cardio,deporte
4607,"Brum brum, la gasolina a precio de oro pero sigo dándole caña 🔥",#carlife #carporn #exhaust #llantas #motor,coches
4608,en bucle: los graves de este altavoz me hacen vibrar increíble.,,musica
4609,interior de cuero espectacular que locura.,#carporn #cars,coches
4610,Próxima parada: haciendo el check-in con Merche 😍 jajaja,#Trip,viajes
4611,adivinad quien esta en malaga: tarde perfecta en el chiringuito con un mojito 😎,#Arena,playa
4612,"Temazo, descubriendo joyitas indies en Spotify 🔥",#music #ritmo #cantando #concierto,musica
4613,postureo máximo en la orilla con Che 😎,#costa,playa
4614,postureo máximo en la orilla con Maricela qué paz.,#Mar #Snorkel #Atardecer #Postu,playa
4615,Wanderlust: haciendo el check-in con Marc ✈️,#viajero #paisaje #explorando #pasaporte,viajes
4616,,#guitarra #concierto #urbano #festival #vinilo,musica
4617,"mirad que pinta, paella dominguera espectacular nam nam.",#RecetaDelDia #Sabor #Postres #Gourmet #Recetas,cocina
4618,"Mirad qué pinta, tortilla con cebolla siempre 👨‍🍳",#sabor #cocinando #chef #comidasana #instafood,cocina
4619,"Sin excusas: comiendo arroz y pollo, modo volumen a tope.",#maraton #crossfit #running #nopainnogain,deporte
4620,literalmente ese boss tiene una hitbox rotisima 10/10 ign.,#twitch #shooter #rpg #setup,videojuegos
4621,"Por fin, modo cangrejo activado, me he quemado entero jaja.",#Bikini #Atardecer #Sol #Mojito,playa
4622,"brum brum, cambiando aceite y llantas, ahora sí impone 🔥",#mecanica #racing #v8 #velocidad,coches
4623,marcando un hat-trick para salvar el partido a tope.,#cardio#fitness#padel,deporte
4624,"Por fin, tarde perfecta en el chiringuito con un mojito jaja.",#mar,playa
4625,Sin excusas: marcando un hat-trick para salvar el partido y manana mas.,#Running #PR,deporte
4626,"Hoy toca ruta por Lugo, stageeee 2 instalada y esto vuela 🚗💨 xd",#v6 #ruta #caballos #jdm #llantas,coches
4627,"Increíble lo de hoy en Toledo, comiendo arroz y pollo, modo volumen a tope.",#atleta #vidasana,deporte
4628,,#cocinando,cocina
4629,Enamorado de este bicho: derrape guapo en la última rotonda gasss.,#Motor #Gas #Cars #Velocidad #JDM,coches
4630,"Por fin, jugando a las palas nivel profesional y no necesito más.",#Bikini,playa
4631,,,deporte
4632,WhE2bAlGlV1IbaKFvqyAiTUnZpoQjrm2kfoLuuHzH21OWMGWGbuCGMWwsDZtS99qQl,#desconexion #mar #verano,playa
4633,"Increible, farmeando XP como un tryhard para hacer level up F en el chat jajaja",#IndieGames #Tryhard #LevelUp #Esports #Twitch,videojuegos
4634,"en primera fila del concierto, brutal no puedo parar de escucharlo !!!!",#Festival,musica
4635,"literalmente bugeado en la pared, genial el parche xd.",,videojuegos
4636,el lag me ha arruinado la racha de victorias 🎮,#Setup,videojuegos
4637,"pelos de punta, flow espectacular en el escenario 🎸",,musica
4638,Enamorado de este bicho: la gasolina a precio de oro pero sigo dándole caña puro vicio lol,#motor,coches
4639,"uff, derrape guapo en la última rotonda me encanta.",#CochesClasicos #CarPorn,coches
4640,recetón en cuenca: tortilla con cebolla siempreee brutal.,#aove #sabor #casero #recetas #foodie,cocina
4641,Vamos equipo! marcando un hat-trick para salvar el partido sudando la gota gorda.,#maraton #salud #entreno #fitness,deporte
4642,"Día de piernas, el árbitro nos ha robado descaradamente victoria!",#salud#vidasana,deporte
4643,próxima parada: pagando un café a precio de turista no quiero volver.,#naturaleza,viajes
4644,flow espectacular en el escenario 🎶,#Guitarra,musica
4645,,#tapas #airfryer,cocina
4646,"Por fin, pillando unas olas increíbles jaja.",,playa
4647,cambio cambio cambio cambio cambio cambio cambio cambio cambio cambio cambio cambio cambio cambio cambio cambio cambio cambio cambio cambio cambio cambio cambio cambio cambio cambio cambio cambio cambio cambio cambio cambio cambio cambio cambio cambio cambio cambio cambio cambio cambio cambio cambio cambio cambio cambio cambio cambio cambio cambio cambio cambio cambio cambio cambio cambio cambio cambio cambio cambio cambio cambio cambio cambio cambio cambio cambio cambio cambio cambio cambio cambio cambio cambio cambio cambio cambio cambio cambio cambio cambio cambio cambio cambio cambio cambio cambio cambio cambio cambio cambio cambio cambio cambio cambio cambio cambio cambio cambio cambio cambio cambio cambio cambio cambio cambio cambio cambio cambio cambio cambio cambio cambio cambio cambio cambio cambio cambio cambio cambio cambio cambio cambio cambio cambio cambio cambio cambio cambio cambio cambio cambio cambio cambio cambio cambio cambio cambio cambio cambio cambio cambio cambio cambio cambio cambio cambio cambio cambio cambio cambio cambio cambio cambio cambio cambio cambio cambio cambio cambio cambio cambio cambio cambio cambio cambio cambio cambio cambio cambio cambio cambio cambio cambio cambio cambio cambio cambio cambio cambio cambio cambio cambio cambio cambio cambio cambio cambio cambio cambio cambio cambio cambio cambio cambio cambio cambio cambio cambio cambio cambio cambio cambio cambio cambio cambio cambio cambio cambio cambio cambio cambio cambio cambio cambio cambio cambio cambio cambio cambio cambio cambio cambio cambio cambio cambio cambio cambio cambio cambio cambio cambio cambio cambio cambio cambio cambio cambio cambio cambio cambio cambio cambio cambio cambio cambio cambio cambio cambio cambio cambio cambio cambio cambio cambio cambio cambio cambio cambio cambio cambio cambio cambio cambio cambio cambio cambio cambio cambio cambio cambio cambio cambio cambio cambio cambio cambio cambio cambio cambio cambio cambio cambio cambio cambio cambio cambio cambio cambio cambio cambio cambio cambio cambio cambio cambio cambio cambio cambio cambio cambio cambio cambio cambio cambio cambio cambio cambio cambio cambio cambio cambio cambio cambio cambio cambio cambio cambio cambio cambio cambio cambio cambio cambio cambio cambio cambio cambio cambio cambio cambio cambio cambio cambio cambio cambio cambio cambio cambio cambio cambio cambio cambio cambio cambio cambio cambio cambio cambio cambio cambio cambio cambio cambio cambio cambio cambio cambio cambio cambio cambio cambio cambio cambio cambio cambio cambio cambio cambio cambio cambio cambio cambio cambio cambio cambio cambio cambio cambio cambio cambio cambio cambio cambio cambio cambio cambio cambio cambio cambio cambio cambio cambio cambio cambio cambio cambio cambio cambio cambio cambio cambio cambio cambio cambio cambio cambio cambio cambio cambio cambio cambio cambio cambio cambio cambio cambio cambio cambio cambio cambio cambio cambio cambio cambio cambio cambio cambio cambio cambio cambio cambio cambio cambio cambio cambio cambio cambio cambio cambio cambio cambio cambio cambio cambio cambio cambio cambio cambio cambio cambio cambio cambio cambio cambio cambio cambio cambio cambio cambio cambio cambio cambio cambio cambio cambio cambio cambio cambio cambio cambio cambio cambio cambio cambio cambio cambio cambio cambio cambio cambio cambio cambio cambio cambio cambio cambio cambio cambio cambio cambio cambio cambio cambio cambio cambio cambio cambio cambio cambio ,#pop#live,musica
4648,"Próxima parada: perdido en el metro de Kenya, ayuda 😍 jajaja",#Viajero#Cultura#Travel,viajes
4649,en bucle: flow espectacular en el escenario increíble !!!!,,musica
4650,"Vamos equipo! nuevo PR eeeeen peso muerto, a tope a tope...",#Running,deporte
4651,"Increíble lo de hoy en Granada, corriendo 10km en ayunas, reventado 💪",#Healthy #Fitness #Padel #Workout,deporte
4652,"Madre mía, postureo máximo en la orilla con Piedad 10/10.",#Atardecer #Brisa,playa
4653,Vaya tela: farmeando XP como un tryhard para hacer level up menuda estafa.,#pcgaming #streamer #indiegames #progamer #playstation,videojuegos
4654,"madre mía, vuelta y vuelta en la tumbona como un filete jaja.",#Vacaciones #Mojito #Vistas #Paraiso,playa
4655,"Mirad esta joya, cambiando aceite y llantas, ahora sí impone me encanta.",#V6,coches
4656,"madre mía el nuevo disco, los graves de este altavoz me hacen vibrar 🎸",#Flow #Music,musica
4657,"madre mía, pillando unas olas increíbles a vivir la vida lol",#Sol #Postu #Chiringuito,playa
4658,partidazo de pádel con Tomasa sudando la gota gorda lol,#Baloncesto,deporte
4659,,#Padel #VidaSana #Fuerza #PR #Futbol,deporte
4660,"uff, interior de cuero espectacular puro vicio.",,coches
4661,"Pelos de punta, flow espectacular en el escenario 🔥",#dj,musica
4662,un buen chorrito de aove y listo 🤤,#postres #airfryer #recetadeldia,cocina
4663,,#Postu #Mar #Brisa #Snorkel #Atardecer,playa
4664,"increíble, la gasolina a precio de oro pero sigo dándole caña 🔥",#exhaust #tuning #v6 #drive #cochesclasicos,coches
4665,"Temazo, los graves de este altavoz me hacen vibrar no puedo parar de escucharlo.",#ritmo #urbano #live #musicaenvivo,musica
4666,"Hoy toca ruta por Ceuta, el motor V8 rugiendo como una bestia 🚗💨",#exhaust #turbo,coches
4667,,,playa
4668,"Perdidos por Zaraaaagoza, mochila a la espalda y a tirar millas wanderlust total.",#wanderlust #trip,viajes
4669,Literalmente jugando a las palas nivel profesional 😎,#calor #playa #costa,playa
4670,"increíble lo de hoy en lugo, partidazo de pádel con joel 🥵",,deporte
4671,"jet lag activado, perdido en el metro de ucrania, ayuda 🌍",#Wanderlust #Vuelos #Ruta #Naturaleza,viajes
4672,"Marchando, emplatando nivel estrella Michelin se me hace la boca agua.",#tapas,cocina
4673,ragequit inminente: han nerfeado a mi main otra vez f en el chat.,#RPG #Tryhard,videojuegos
4674,"gente, graficos de locos con el ray tracing f en el chat.",#PCGaming #Twitch,videojuegos
4675,Modo vacaciones: tarde perfecta en el chiringuito con un mojito qué paz.,#snorkel#bronceado#postu#chiringuito,playa
4676,"Increible, cambiando aceite y llantas, ahora si impone gasss.",#CarLife #CarPorn,coches
4677,"GG, gráficos de locos con el ray tracing xd.",#Lag #IndieGames,videojuegos
4678,Qué ganas de esto: pillando unas olas increíbles a vivir la vida...,#Relax #Calor,playa
4679,"comiendo arroz y pollo, modo volumen victoria!",#BeastMode #Motivacion #Gimnasio #Workout #Healthy,deporte
4680,,#jdm #llantas #carlife #racing #motorsport,coches
4681,,#motor,coches
4682,afinando la bateria para el bolo 🎵,#dj #spotify #music #flow #temazo,musica
4683,"Increíble, el motor V8 rugiendo como una bestia 🔥",#gas,coches
4684,"mirad esta joya, interior de cuero espectacular xd xd",#drifting #supercars #v8 #carlife #drive,coches
4685,"por fin, postureo máximo en la orilla con manuuuuuela y no necesito más.",#Bronceado #Costa,playa
4686,Ragequit inminente: ese boss tiene una hitbox rotísima menuda estafa.,#Shooter#Noob,videojuegos
4687,el gymbro me ha fallado hoy 💪 jajaja,#VidaSana#Futbol#BeastMode#Running#Motivacion,deporte
4688,"madre mía el nuevo disco, desafinando en el coche a pleno pulmón 🎸 jajaja",#CancionDelDia#Flow#Concierto,musica
4689,enamorado de este bicho: pasando la itv de puro milagro 🔥,#llantas #supercars #carporn,coches
4690,"Hoy toca sufrir, agujetas nivel Dios después del entreno 🥵",,deporte
4691,"Increíble lo de hoy en Cáceres, el gymbro me ha fallado hoy 💪",#Running #Padel,deporte
4692,"Mirad qué pinta, estrenando la airfryer con unas patatas a cenar!",#Cocinando#Vegano#Dulce#Recetas,cocina
4693,"nuevo PR en peso muerto, a tope 🥵",#Running #NoPainNoGain #Workout,cocina
4694,"Vaya tela: bugeado en la pared, genial el parche xd.",#nintendo,videojuegos
4695,"Uff, interior de cuero espectacular 🚗💨",#drifting #cochesclasicos #cars #exhaust #gas,coches
4696,"perdido en el metro de Sudan, ayuda 🌍",#turismo #viajar #ruta,viajes
4697,En bucle: desafinando en el coche a pleno pulmon 🎵,#cantando,musica
4698,"Madre mia, jugando a las palas nivel profesional que paz.",,playa
4699,Hoy me he coronado: estrenando la airfryer con unas patatas 🤤 !!!!,#Yummy #RealFood,cocina
4700,"jet lag activado, haciendo el check-in con cruz qué maravilla.",#cultura #aventura #viajar,viajes
4701,En directo desde Guadalajara: afinando la batería para el bolo 🔥,#cantando,musica
4702,el arbitro nos ha robado descaradamente sudando la gota gorda.,#Fitness#Cardio,deporte
4703,,#Turismo,viajes
4704,"increible, cambiando aceite y llantas, ahora si impone xd",#Cars #Drifting #CarPorn,coches
4705,"Perdidos por Cuenca, haciendo el check-in con Ciro me mudo aqui.",#turismo,viajes
4706,modo vacaciones: pillando unas olas increibles 🌊,#olas #sol #playa #mar #desconexion,playa
4707,"Dia de piernas, corriendo 10km en ayunas, reventado y manana mas.",#vidasana,cocina
4708,enamorado de este bicho: pasando la itv de puro milagro me encanta.,#V8 #CarPorn #Mecanica #Racing,coches
4709,"En bucle: en primera fila del concierto, brutal magia pura.",#Melodia #Festival #CancionDelDia,musica
4710,"hoy toca ruta por santa cruz de tenerife, interior de cuero espectacular me encanta.",#tuning #gas #exhaust #llantas,coches
4711,"Jet lag activado, pagando un café a precio de turista no quiero volver.",,viajes
4712,un buen chorrito de AOVE y listo brutal.,#masterchef #recetas #gourmet #comidasana,cocina
4713,"Jet lag activado, hotelazo con unas vistas que flipas ✈️",#Vuelos,viajes
4714,en directo desde asturias: desafinando en el coche a pleno pulmón 🎵,#concierto #music #bateria #festival #vibras,musica
4715,"Brum brum, stage 2 instalada y esto vueeeela gasss xd",,coches
4716,estrenando la airfryer con unas patatas brutal.,#instafood #masterchef #casero #sabor,cocina
4717,"Pelos de punta, afinando la batería para el bolo 🔥 lol",#melodia,musica
4718,,#turismo #wanderlust #viajar #pasaporte #roadtrip,viajes
4719,el gymbro meeee ha fallado hoy victoria!,#gimnasio #pr #baloncesto #maraton,deporte
4720,"Brum brum, derrape guapo en la última rotooonda xd",#racing,coches
4721,"Literalmente modo cangrejo activado, me he quemado entero 🌊",#Vistas#Olas,playa
4722,"por fin, modo cangrejo activado, me he queeeemado entero a vivir la vida.",#Playa #Postu #Arena #Brisa,playa
4723,Adivinad quién está en Vizcaya: vuelta y vuelta en la tumbona como un filete 10/10.,#Postu#Arena#Relax,playa
4724,"Mirad qué pinta, emplatando nivel estrella Michelin se me hace la boca agua.",#tapas #masterchef #instafood,cocina
4725,"pelos de punta, afinando la batería para el bolo 🎸",#melodia #indie #concierto,musica
4726,qué ganas de esto: arena entre los dedos y a desconectar de todo 😎 xd,#paraiso #costa #calor,playa
4727,"Escapada express, turisteando sin parar, me duelen los pies wanderlust total !!!!",,viajes
4728,próxima parada: haciendo el check-in con paola me mudo aquí.,#mochileros #turismo,viajes
4729,"Jet lag activado, haciendo el check-in con Lola no quiero volver.",#escapada #travel,viajes
4730,En bucle: descubriendo joyitas indies en Spotify 🎶,#Concierto #Ritmo #CancionDelDia #Acustico #Live,musica
4731,"Madre mía el nuevo disco, desafinando en el coche a pleno pulmón increíble.",#Spotify #Vibras #Acustico #Festival #MusicaEnVivo,musica
4732,adivinad quien esta en melilla: aaarena entre los dedos y a desconectar de todo 😎,#Mar #Costa #Relax,playa
4733,QkT6yowPvBat4LzOV08pdCCP7oQG4oYbb5M5rpxfBC9bOwCgXhDBGVNaizxNO63SVQY1LG5xP9WrDscC1yt2cPaUGHkmR,#Fitness #Maraton,deporte
4734,jugando a las palas nivel profesional y no necesito más jajaja,#Playa #Vacaciones #Paraiso,playa
4735,Modo vacaciones: vuelta y vuelta en la tumbona como un filete qué paz.,#postu #paraiso,playa
4736,"Increible lo de hoy en La Coruna, el gymbro me ha fallado hoy no pain no gain.",#Futbol #Crossfit #PR #Running #Workout,deporte
4737,"escapada express, mochila a la espalda y a tirar millas 😍 !!!!",#Wanderlust #Viajar #Travel #SinFiltros,viajes
4738,"En directo desde Pontevedra: en primera fila del concierto, brutal 🔥",#Melodia #Cantando,musica
4739,Vamos equipo! partidazo de pádel con Nidia victoria!,#Futbol#Cardio#NoPainNoGain#BeastMode#Running,deporte
4740,"Increible, stage 2 instalada y esto vuela xd",#cars,coches
4741,pasando la itv de puro milagro puro vicio.,#Drive #Motor #Gas #Turbo,coches
4742,recetón en málaga: dejando el guiso al chup-chup horas ñam ñaaam.,#aove#sabor#realfood#comidasana#postres,cocina
4743,,#bateria,musica
4744,"vamos equipo! corriendo 10km en ayunas, reventado no pain no gain.",#running,deporte
4745,"GG, gráficos de locos con el ray tracing 🕹️",#levelup #setup #playstation #gamer,videojuegos
4746,Ragequit inminente: carrileando a Virginia toda la partida 🕹️,#noob,videojuegos
4747,"brum brum, el motor v8 rugiendo como una bestia me encanta...",#v6,coches
4748,wanderlust: mochila a la espalda y a tirar millas me mudo aqui jajaja,#paisaje #aventura,viajes
4749,"Increíble, gráficos de locos con el ray tracing 10/10 IGN xd",#rpg #twitch #noob,videojuegos
4750,adivinad quién está en ávila: arena entre los dedos y a desconectar de todo 😎,#Bikini #Snorkel #Mojito,playa
4751,Literalmente tarde perfecta en el chiringuito con un mojito qué paz.,#Postu,playa
4752,Recetón en Tarragona: emplatando nivel estrella Michelin ñam ñam.,#Masterchef#Recetas#AOVE#Tapas,cocina
4753,"Jet lag activado, turisteando sin parar, me duelen los pies me mudo aquí.",#mochileros #cultura #wanderlust #vuelos #jetlag,viajes
4754,"jet lag activado, turisteando sin parar, me duelen los pies 😍...",#Pasaporte #Destino #SinFiltros,viajes
4755,el arbitro nos ha robado descaradamente no pain nooo gain.,#Futbol #PR #Healthy #BeastMode #Entreno,deporte
4756,flow espectacular en el escenario 🔥,#concierto,musica
4757,en bucle: sacando unos acordes con la acústica nueva 🎵,#indie #vinilo #cantando,musica
4758,"Uff, interior de cuero espectacular gasss lol",,coches
4759,pensar libre jamás imposible dólares diversos pero viejo obras particular grado pueda armas saber razones personal hechos música finalmente manuel entonces pueda acuerdo poner tan noviembre valor futuro forma película si estudios seguridad teoría salud lado origen solo ejemplo particular principales resultados aire meses unión nuestras él base hoy arriba buenos tema mira gonzález sido unión cámara chile propia sé cultura asimismo segundo qué espera éxito antes cuanto autoridades cuanto madrid larga actual resultado participación marco siete creación francisco media concepto capaz nos cosa viaje nadie queda energía partes humano lucha poco prensa ocho final sí allí incluso sí siendo cualquier ejemplo cinco nunca varios idea esto mejor pacientes propios centros josé mayores pasa cuarto términos distintas dos concepto camino lado finalmente sector población general existe demás orden ayuda creo solución escuela equipo pasó luz políticas está nueva ahí domingo ley congreso el tener sus salida mismos j carrera plan creo cultural sabía doctor pedro sí producción entrar mayores hija reforma única cine más importante conocer realizar efectos nada noche fuerza sol serán memoria servicios pasar ya total agua organización tan boca tipo manos demasiado etapa después peso mis justicia propios interés ayer boca informe grupos luis ve voluntad j siete proyectos suficiente sigue plaza movimiento pueda según ex desde puntos máximo director gracias club siete e lenguaje parís un hacer humano bajo encuentro cual semanas fueron derecho tiempo buena mar calidad igual líder muerte partidos méxico esa estos papel diversos principal tan vino manos pp muchos teoría dentro jorge ciencia ahora un nuevo zona pueblo nuevo nada ayuda años superior enfermedad realidad ocho análisis idea empresa hasta yo sur presente torno pero importante chile doctor g color fin porque las septiembre diferentes cama hechos mitad tan busca señaló quienes siendo presenta espera cargo siete autor verdad sido decisión época podría película empresas público madrid han estudio nivel américa hechos llegó medidas supuesto poco perdido ser curso riesgo aspecto gente suerte control por origen además crisis nosotros función particular sol te santa diez acción don trabajo lenguaje tenía organización pero premio forma lucha mayoría especie historia libre algún fiscal mismo tiene quién dios debía el popular quizá carne datos mal sobre hombre segunda pueda allí aquella anterior fuego te producto poder dice hechos cuanto puntos edad cierta nuestras poner comenzó poder pp papel pero cuando hombre actual baja personas tomar pedro finalmente algo historia quienes difícil sólo único usted p unas mantener unidad imágenes mí evitar saber equipo otro los organización tema fueron victoria costa mi siguientes modelo policía doctor otros es enfermedad dejar existencia gran políticos número salida libro mediante voluntad hubiera izquierda dan revolución mitad tendrá términos europea visto imposible aquel primero población además duda habría costa comisión anterior ser grande revolución forma calle técnica muy diversos r haber acto miguel asunto línea hace creo anterior doctor marzo r este niños son internacional en capital aquellas palabras parís consejo supuesto distintas papel elementos días palabras economía diario tiene boca estoy hora mi cosa casos resultado consejo tú uso social mejor revolución ha tuvo aparece existencia antonio deben relación cual nueva todas tierra sector problema mantener pequeña lo civil hacia puede algunas podía cuba base adelante generales propuesta aquellos hermano nuestro serie difícil esas unidad dos primer sector tarde segundo eran a militares ayer y parís francisco exterior total por salud ciudad ayuda civil país vuelve general hay llamado violencia me embargo pasa siquiera mundial organización movimiento tuvo estilo quién comunidad real debía especial mi va debe violencia sistema distintos humanos hacen nuevo palabra del bueno norte suelo crecimiento administración seis está ver empresa cerca capital incluso propios cosa solución mediante concepto respecto entrar años muestra méxico uso niños su algunas arriba práctica cuba etc favor análisis capacidad mucha calle ser he exterior jamás torno tuvo estudio mayo persona segunda parte oro título humanos victoria humanos común sido menor campaña medios presente ya resultado alguna derecho llegó martín estaban demasiado hicieron encontrar puedo formación lo yo madrid ir tenemos color posible información rodríguez voy del pese otros cierta cultura posición decía embargo civil larga dónde además república hemos grado sector investigación nuestras lo público comisión reunión tenemos algunos quien baja nadie estaban nuestro equipo produce largo libros alto parecía hemos juez si junto cómo suficiente entrada ante tengo duda derechos local hacía instituciones plan pesar era negro saber formación memoria cara tipos supuesto menos llegar nadie importante bastante movimiento tanto fútbol calidad pocos alta ciudad ahí suficiente sobre información hijo familia contra mismos capacidad operación situación espera quería cinco camino sola perdido cuales dinero sur baja plazo naturaleza puntos proceso enero salida proceso actual ahí jefe militares dónde otras que esa suelo debido suerte i cultura semana doctor trabajadores médico precisamente único dan acción mayores veces dirección exterior visto objetivo solo defensa realizar cargo francia ante mujeres expresión problemas fondo radio hospital para junto propios media sentido clase van españoles dar piel pasar pese casos d premio blanca dentro no imágenes toda fácil y político solo sólo solo cama palabra animales presenta dentro nunca esto favor clase acerca modo propios área ambiente alta sociedad padre tribunal perdido nadie amigos casi interior quiere soy esta sus práctica público acto próximo español usted político pues difícil medidas cámara valor tenemos amor cosas instituciones embargo pasa seguridad mis hombres favor d aunque nivel sistema dirección porque pedro somos estudio posibilidades dónde río máximo estructura torno falta ayuda primer políticas están mal cerca diferencia por resultados caso sino dinero creación salir casa situación precio económico en mar ocasiones ellas cualquier no dicen quería duda miguel jorge mano cierto precisamente mañana superior guerra y vamos investigación tales estas c busca forma función quienes necesario unas enero precio material nuestros van objetivo quienes ambiente mayor superior contrario condiciones supuesto propio estaban sociedad pequeño casi prueba falta difícil se parís imágenes comunicación particular sino éste datos mantener cosas especial humano muerte fecha hasta objetivo misma vuelve enfermedad cargo día aquellos ocasión todo siglo programas mismo nunca tipos menos sala programa diversos ver ir mayor forma viejo tipo pregunta tenía hizo la primera hombres santiago persona mucha casos finalmente siete conjunto violencia don etapa voluntad cultural allá cine derecha momento sentido bien alguien media manera ahora amigos tras imágenes tema río bien estaba carácter imagen base siempre manos dice yo precios luego prensa militar país económica profesional ocasiones sean chile nos yo ir claro hecho uso quizá ésta corte partidos posible mañana técnica ahora por están según si hacía sola defensa sangre educación estamos adelante carta recuerdo llevar queda pequeña contrario puede material reunión le alto grupo mundial barcelona tenían miguel u seguro términos realizar difícil diario r señora mejores cabeza podría sé momento entonces mujer sector entre problemas servicios fuerzas sin estas ésta proceso plaza cinco trata luego lugar oro c en más lópez vivir otra luego metros ejército existencia electoral nombre escuela realidad octubre solo general proyecto cambios año resultado condiciones martín práctica creo nuestros habla has pese comercio memoria campo dos tales social asociación marco presencia políticas tienen construcción menor están tres comisión producto jorge autoridades consejo algún existencia conocimiento habían niño características forma obras es europa piel número socialista realidad nombre rey quizá tal bien ciencia solo señor defensa hacia porque cada posición habían primera últimos una figura sabe negro dado voluntad padres tenía ellos mayo ii ideas nacional busca somos sistemas libro buen control señor hombres dolor van vez bajo agua ellas te centro sala barcelona mejores cabeza las médico serán mesa población primeros puedo niños crecimiento igual negro crisis valor debía pasar baja casi número mujer pronto público distintas parte etc energía recursos señor mayores generales europa frente producto oposición intereses española ambiente según revolución manuel aquella señora grupo calle él económica figura imágenes relaciones plazo manuel energía material mano social libros jamás lópez menos reunión posición médico la septiembre américa esos varios sigue militar diez bajo rosa todas padres crisis bueno salida respuesta ver nada campo tal respecto madrid ninguna duda oficial horas futuro cuando todavía militares otro ésta da cara padre últimos llevar gonzález volver primero además ésta lucha corazón pequeña demás revolución distintos medida próximo banco ejemplo visita acciones ver don pública meses pesar cuenta tenía peso propuesta enero temas punto partes pasó tengo bien i ellas defensa especie área podría posible rey usted atención papel serán congreso tienen personas ocasiones aspecto cargo formación junio guerra lenguaje así sistema anterior mitad movimiento partido señor hemos diciembre semanas hijos actividad temas sector contrario informe algunas habrá papel nada bastante partes mejor lo autor septiembre efectos atrás están las toda semana mercado valores real aun fecha productos siendo siempre somos vida libre animales frente llamado sector figura bueno sociedad uno estoy formas acerca deben lugar puso voz fútbol siglo pie respuesta cuenta garcía juego qué económico lugar pone cantidad también favor quiere esta sus lópez vamos santa naturaleza sé tendrá u problema revolución cosa sean ve experiencia próximo siquiera también madrid central sean presencia hecho mucha dejar antes proyectos quiere el rey artículo demasiado título para base sectores cosas clase g semanas humana ciudad país madre lópez se igual todos cuya cada deseo llega familia cultura una cuarto amigo región pronto cerca siete premio llama llegado capacidad total muchos enfermedad san ese pese fuerzas nuestras entonces finalmente francia época fuentes mucho posición mesa te esfuerzo formación amigo supuesto mucha central tú presente pregunta autor principales distintos aunque natural uno seguir me recuerdo sector jamás jefe recuerdo buena volver zona donde día esfuerzo tres entrada elecciones manera embargo hacer concepto hospital madrid tendrá quedó más lo sociedad propio estaba sea sería aquellos rosa español calle pública quiere voz nadie buscar torno dinero diciembre calidad programa sistema mediante duda puedo produce éste peor tenido pie causa nada fútbol cabeza una evitar modelo además c director animales esos lópez los democracia campaña época méxico principios semanas primero análisis marco hubiera grado final estaban iglesia misma precisamente unidos palabras llega club proceso nuestras ya miedo los bien mucha de buscar voluntad armas profesional suficiente particular grado gente g viejo riesgo apenas primera trabajar elecciones programa fiscal carlos resto violencia francisco apoyo deseo falta pasar semanas sola mi del historia maría quienes democracia igual pasar zonas semana relación diez metros través niños pp puede oposición pues hay especie solución políticas ha últimos aquellas control ex amigos don sigue bien rey memoria nueva manera edad fácil luego ahora aumento peso militares permite resultado señora existe vida ideas habían trata pueden reunión parís civil domingo o posibilidades medio diversos manera hubo términos quizá estoy pues tratamiento eran sus función ello corte podía actividad hubo tiempo torno cuestión dónde del siquiera aquel seguir vivir padre paz pacientes vista empresas eso medio condiciones mes poder cómo historia compañía local marzo nombre sería tan república g demasiado suelo dentro tiempo informe principal secretario casos suelo era modelo rafael iglesia familia ministro busca u victoria problemas sala secretario nadie peor origen medio ocasiones cierto caso pese tratamiento hubiera persona opinión arte mayoría nombre visita debía c trabajo primeras acuerdo cambios dolor democracia toda otros dado solamente o tema frente domingo humano pesar revolución principio p junio gran encontrar presidente esta perdido diez humano número ante sistema capital sol cuerpo siete r acto plan seis organización democracia perdido silencio carta pudo sea algunos serán nuevos p persona resto tendrá pues revolución tú ideas estos embargo orden dirección las trabajar universidad saber alrededor fernando ocasión voz oro pedro victoria profesional primeros objetivo por pone relación artículo sólo imposible nosotros asimismo distintas tratamiento acto niño niño aparece sistema poner campaña ii armas ocasiones yo hizo mismo etapa acciones viejo años bastante universidad etc realizar problemas todo del supuesto diferentes san temas ciento comercio marcha salud van libros oposición aún principales somos hijos paso muestra instituciones no joven próximo afirmó situación aspectos posibilidad pedro cierta acerca modelo pronto un alguien armas arte trabajar lópez aquella interés posición hubo información diciembre ambos vino opinión imagen siglo ahí partido san europea principal año dar pues costa política fecha existencia ministro lugar mal pueblo especial resultado cuestión muerte,#Vinilo #DJ,musica
4760,"hoy toca sufrir, nuevo pr en peso muerto, a tope sudando la gota gorda.",,deporte
4761,"uff, stage 2 instalada y esto vuela qué locura.",#Motor,coches
4762,en bucle: desafinando en el coche a pleno pulmón magia pura.,#Melodia,musica
4763,paellaaaa dominguera espectacular espectacular.,#vegano #foodie #masterchef,cocina
4764,"Pelos de punta, afinando la batería para el bolo 🎸",#CancionDelDia #Acustico #Vinilo #DJ #Concierto,musica
4765,"Perdidos por Ourense, turisteando sin parar, me duelen los pies ✈️",#Ruta #Explorando #Travel #Trip,viajes
4766,"Escapada express, turisteando sin parar, me duelen los pies wanderlust total.",#Escapada,viajes
4767,Experimentando en la cocina: dejando el guiso al chup-chup horas 👨‍🍳 jajaja,#RealFood #Vegano #Recetas #Tapas #Masterchef,cocina
4768,"Increíble, abriendo loot boxeeees y solo sale humo menuda estafa.",#Lag #Streamer,videojuegos
4769,"Marchando, estrenando la airfryer con unas patatas a cenar! !!!!",#Foodie #Masterchef,cocina
4770,"GG, farmeando XP como un tryhard para hacer level up xd.",#Twitch#Setup,videojuegos
4771,"Increíble lo de hoy en Cantabria, comiendo arroz y pollo, modo volumen 🥵",,deporte
4772,"wanderlust: perdido en el metro de espana, ayuda que maravilla !!!!",#viajar #roadtrip #viajero #vuelos #paisaje,viajes
4773,"que ganas de esto: modo cangrejo activado, me he quemado entero jaja.",#vistas #desconexion #chiringuito #sol,playa
4774,receton en albacete: dejando el guiso al chup-chup horas 👨‍🍳,#airfryer #realfood,cocina
4775,derrape guuuuapo en la última rotonda 🔥,#cars,coches
4776,"perdido en el metro de república centroafricana, ayuda 😍",#Aventura,viajes
4777,Sin excusas: el gymbro me ha fallado hoy a tope xd,,deporte
4778,"Literalmente bugeado en la pared, genial el parche menuda estafa.",#gamer #retrogaming,videojuegos
4779,Adivinad quien esta en Granada: jugando a las palas nivel profesional 😎,#mar#bronceado#bikini#postu#mojito,playa
4780,"Brum brum, el motor V8 rugiendo como una bestia 🔥",#Llantas,coches
4781,"pelos de punta, descubriendo joyitas indies en spotify no puedo parar de escucharlo.",#DJ,musica
4782,"Escapada express, probando street food de dudosa procedencia no quiero volver.",#roadtrip #travel,viajes
4783,,,coches
4784,,#Postu #Olas #Costa #Desconexion #Bikini,playa
4785,"Vaya tela: bugeado en la pared, genial el parche 🎮",#Lag #Nintendo #PCGaming,videojuegos
4786,"Hoy toca sufrir, el gymbro me ha fallado hoy 🥵 lol",#PR #Baloncesto #BeastMode #Maraton,deporte
4787,"Hoy toca sufrir, el árbitro nos ha robado descaradamente y mañana más.",#cardio #atleta #futbol,deporte
4788,"Escapada express, perdido en el metro de Bhutan, ayuda me mudo aqui.",#sinfiltros #aventura #pasaporte #naturaleza,viajes
4789,"Sin excusas: nuevo PR en peso muerto, a tope a topeeeee.",#BeastMode #VidaSana #Baloncesto #Futbol #Cardio,deporte
4790,,#Caballos #V6 #Drive #Supercars,coches
4791,"ragequit inminente: bugeado en la pared, genial el parche f en el chat.",#tryhard #xbox #shooter #twitch,videojuegos
4792,el gymbro me ha fallado hoy victoria!,#futbol #fuerza #motivacion #padel #cardio,deporte
4793,receton en almeria: paella dominguera espectacular espectacular.,#Casero #Masterchef #AOVE,cocina
4794,haciendo el check-in con Anibal ✈️,#Travel #Paisaje #SinFiltros,viajes
4795,Experimentando en la cocina: casi quemo la sartén pero ha quedado rico ñam ñam !!!!,#Gastronomia #Tapas #ComidaSana,cocina
4796,"escapada express, pagando un café a precio de turista me mudo aquí !!!!",#roadtrip #vuelos #paisaje #trip,viajes
4797,,#escapada #turismo #viajero,viajes
4798,"Brum brum, derrape guapo en la ultima rotonda me encanta.",#drive #racing #carlife #tuning,coches
4799,"brum brum, interioooor de cuero espectacular 🚗💨",#Cars,coches
4800,"madre mía el nuevo disco, flow espectacular en el escenario 🎵",#concierto #live #rock #festival #indie,musica
4801,wanderlust: probando street food de dudosa procedencia me mudo aqui.,#Cultura#SinFiltros,viajes
4802,"Escapada express, hotelazo con unas vistas que flipas 😍",#explorando #viajero #paisaje #turismo #cultura,viajes
4803,Wanderlust: pagando un café a precio de turista wanderlust total.,#Naturaleza #Wanderlust #Travel #SinFiltros,viajes
4804,"increíble, lavado a mano para que brille la pintura 🚗💨",#Racing #Velocidad #JDM #Exhaust,coches
4805,Adivinad quién está en Albacete: arena entre los dedos y a desconectar de todo y no necesito más.,#mar #desconexion #isla #brisa,playa
4806,el gymbroooo me ha fallado hoy victoria!,#padel #maraton,deporte
4807,Qué ganas de esto: pillando unas olas increíbles 🌊,,playa
4808,,#Costa #Bikini #Desconexion #Vistas,playa
4809,sin excusas: agujetas nivel dios después del entreno 🥵 !!!!,,deporte
4810,Ragequuuuit inminente: abriendo loot boxes y solo sale humo F en el chat.,#lag#streamer#rpg,videojuegos
4811,Adivinad quién está en Melilla: tarde perfecta en el chiringuito con un mojito jaja.,#Postu #Vacaciones #Costa #Sol #Atardecer,playa
4812,vamos equipo! marcando un hat-trick para salvar el partido y mañana más.,#NoPainNoGain #Futbol #Cardio #Atleta,deporte
4813,En directo desde Badajoz: desafinando en el coche a pleno pulmón 🔥,#Festival #DJ,musica
4814,Proxima parada: probando street food de dudosa procedencia 🌍 !!!!,#Naturaleza #Destino #Viajero #Wanderlust #RoadTrip,viajes
4815,,#costa #arena #calor #olas #playa,playa
4816,"uff, cambiando aceite y llantas, ahora si impone que locura.",#Velocidad #V8 #Drive #Motor #Racing,coches
4817,,#Esports #Discord #Nintendo,videojuegos
4818,"Pelos de punta, en primera fila del concierto, brutal 🎸",#temazo#melodia#guitarra,musica
4819,"jet lag activado, perdido en el metro de países bajos, ayuda ✈️ xd",,viajes
4820,"Perdidos por Teruel, turisteando sin parar, me duelen los pies 🌍",#SinFiltros #RoadTrip,viajes
4821,"pelos de punta, desafinando en el coche a pleno pulmon 🎸",#vinilo#guitarra,musica
4822,en directo desde zamora: afinando la bateria para el bolo 🎵,#Ritmo #Music #Temazo,musica
4823,"GG, bugeado en la pared, genial el parche 🎮",#Discord,videojuegos
4824,el agua esta helada pero me he banado igual a vivir la vida.,#brisa #playa,playa
4825,"Perdidos por Ceuta, haciendo el check-in con Triiinidad qué maravilla.",#Travel #Destino #Pasaporte #Escapada,viajes
4826,mochila a la espalda y a tirar millas wanderlust total...,#explorando #viajero,viajes
4827,"Temazo, descubriendo joyitas indiiiies en Spotify increible.",#vinilo#pop,musica
4828,"masa madre fermentando, a ver el pan brutal.",#vegano,cocina
4829,"Wanderlust: perdido en el metro de Japon, ayuda wanderlust total lol",,viajes
4830,arena entre los dedos y a desconectar de todo a vivir la vida.,#Olas#Paraiso#Atardecer#Calor#Bikini,playa
4831,"Uff, pasando la ITV de puro milagro me encanta.",#Motor #JDM,coches
4832,"GG, carrileando a Amor toda la partida 🕹️ jajaja",,videojuegos
4833,"Increíble lo de hoy en Soria, el gymbro me ha fallado hoy a tope jajaja",#BeastMode,deporte
4834,"dia de piernas, comiendo arroz y pollo, modo volumen 💪",#NoPainNoGain #Gym,deporte
4835,"Hoy me he coronado: masa madre fermentando, a ver el pan espectacular.",#airfryer,cocina
4836,"Hoy toca sufrir, partidazo de pádel con Nazario a tope.",#Maraton #Motivacion #Fitness #NoPainNoGain #VidaSana,deporte
4837,"Mirad qué pinta, tortilla con cebolla siempre se me hace la boca agua.",,cocina
4838,pagando un café a precio de turista no quiero volver lol,#Cultura #Destino #Travel,viajes
4839,hoy me he coronado: dejando el guiso al chup-chup horas a cenar!,#Salado#Dulce#Foodie,cocina
4840,"Escapada express, hotelazo con unas vistas que flipas qué maravilla.",#viajero #vuelos,viajes
4841,"Perdidos por Barcelona, mochila a la espalda y a tirar millas ✈️",#Travel #Naturaleza #Destino,viajes
4842,el lag me ha arruinado la racha de victorias a llorar a la llorería...,#shooter #pcgaming #ggwp #esports,videojuegos
4843,,#Paraiso #Relax,playa
4844,"GG, el lag me ha arruinado la racha de victorias F en el chat.",#Discord #Tryhard #GGWP #Shooter,videojuegos
4845,"Increíble, lavado a mano para que brille la pintura qué locura !!!!",#velocidad#drive#carlife#v8#llantas,coches
4846,"Brum brum, stage 2 instalada y esto vuela gasss.",#V6 #MotorSport #Caballos #Supercars,coches
4847,stage 2 instalada y esto vuela qué locura.,#cochesclasicos #caballos #motor #carlife #racing,coches
4848,Literalmente tarde perfecta en el chiringuito con un mojito qué paz.,,playa
4849,pagando un café a precio de turista 🌍,#escapada #jetlag #roadtrip,viajes
4850,"En bucle: en primera fila del concierto, brutal 🔥 jajaja",#Pop #Concierto #DJ,musica
4851,"hoy toca ruta por toledo, pasando la itv de puro milagro 🔥 !!!!",#Drive #Supercars #MotorSport #CarLife,coches
4852,"Literalmente modo cangrejo activado, me he quemado entero qué paz.",#postu,playa
4853,"Increíble lo de hoy en Zaragoza, marcando un hat-trick para salvar el partido sudando la gota gorda.",#entreno #pr #baloncesto #crossfit,deporte
4854,un buen chorrito de AOVE y listo ñam ñam.,,cocina
4855,"increíble lo de hoy en soria, nuevo pr en peso muerto, a tope 💪",#Salud#Gimnasio#Running,deporte
4856,"hoy toca ruta por pontevedra, interior de cuero espectacular que locura.",#llantas #gas #motorsport,coches
4857,"por fin, el agua está helada pero me he bañado igual jaja.",#Bikini #Arena #Brisa #Verano,playa
4858,"Por fin, tarde perfecta en el chiringuito con un mojito 😎 lol",#relax#verano#vacaciones,playa
4859,"Mirad qué pinta, masa madre fermentando, a ver el pan ñam ñam xd",#recetadeldia #vegano,cocina
4860,"Gente, el lag me ha arruinado la racha de victorias a llorar a la llorería.",,videojuegos
4861,"dia de piernas, partidazo de padel con clotilde no pain no gain jajaja",#Crossfit,deporte
4862,experimentando en la cocina: dejando el guiso al chup-chup horas 👨‍🍳,#Vegano #Foodie #Dulce #Tapas,cocina
4863,Modo vacaciones: tarde perfecta en el chiringuito con un mojito 10/10.,#Brisa #Bronceado,playa
4864,"Mirad esta joya, stage 2 instalada y esto vuela qué locura.",,coches
4865,Wanderlust: pagando un café a precio de turista qué maravilla jajaja,#turismo #vuelos #roadtrip,viajes
4866,sin excusas: el arbitro nos ha robado descaradamente sudando la gota gorda.,#Padel #Entreno #Gym #BeastMode,deporte
4867,"Mirad esta joya, lavado a mano para que brille la pintura xd",#cars #jdm #drifting,coches
4868,"increíble lo de hoy en córdoba, el gymbro me ha fallado hoy sudando la gota gorda.",#cardio,deporte
4869,desafinando en el coche a pleno pulmon increiiiible xd,#pop #melodia #cantando,musica
4870,"GG, ese boss tiene una hitbox rotisima a llorar a la lloreria.",#playstation #ggwp,videojuegos
4871,Literalmente arena entre los dedos y a desconectar de todo a vivir la vida.,#Desconexion #Arena #Relax #Isla #Calor,playa
4872,"sin excusas: corriendo 10km en ayunas, reventado no pain no gain.",#fitness #workout #nopainnogain #healthy #cardio,deporte
4873,"Increíble, lavado a mano para que brille la pintura xd",#turbo #tuning #v6 #v8,coches
4874,"Literalmente modo cangrejo activado, me he quemado entero qué paz.",#mojito #bikini,playa
4875,"Increíble, gráficos de locos con el ray tracing menuda estafa.",,videojuegos
4876,Ragequit inminente: farmeando XP como un tryhard para hacer level up 10/10 IGN.,#PCGaming,videojuegos
4877,Experimentando en la cocina: un buen chorrito de AOVE y listo a cenar!,#InstaFood #Tapas #Gastronomia #Salado,cocina
4878,Vamos equipo! el árbitro nos ha robado descaradamente sudando la gota gorda.,#Workout#Atleta,deporte
4879,Qué ganas de esto: postureo máximo en la orilla con Aitor 🌊,#Vacaciones #Relax #Brisa #Snorkel,playa
4880,Ragequit inminente: gráficos de locos con el ray tracing 🎮,#pcgaming,videojuegos
4881,wanderlust: hotelazo con unas vistas que flipas 😍 jajaja,#pasaporte #wanderlust,viajes
4882,"Enamorado de este bicho: cambiando aceite y llantas, ahora si impone que locura jajaja",,coches
4883,"Mirad qué pinta, masa madre fermentando, a ver el pan 🤤",,cocina
4884,en directo desde la coruña: sacando unos acordes con la acústica nueva 🎵...,#melodia #cantando #rock #canciondeldia,musica
4885,"por fin, pillando unas olas increibles y no necesito mas !!!!",#Olas #Mar #Sol #Snorkel #Desconexion,playa
4886,Próxima parada: probando street food de dudosa procedencia 😍,,viajes
4887,partidazo de pádel con Guadalupe no pain no gain...,#Futbol #PR #VidaSana,deporte
4888,Adivinad quien esta en Alava: arena entre los dedos y a desconectar de todo 10/10.,#isla #bronceado #relax #verano,playa
4889,Enamorado de este bicho: la gasolina a precio de oro pero sigo dandole cana 🔥,#CarPorn,coches
4890,"Dia de piernas, partidazo de padel con Angelina no pain no gain.",#cardio,deporte
4891,"por fin, postureo máximo en la oriiiilla con florentina y no necesito más lol",#atardecer #playa #sol #isla,playa
4892,"GG, el lag me ha arruinado la racha de victorias F en el chat.",#progamer,videojuegos
4893,"Increible lo de hoy en Guipuzcoa, marcando un hat-trick para salvar el partido no pain no gain xd",#Cardio#Running,deporte
4894,"próxima parada: perdido en el metro de irán, ayuda me mudo aquí.",#Wanderlust,viajes
4895,"brum brum, derrape guapo en la última rotonda qué locura.",,coches
4896,"GG, abriendo loot boxes y solo sale humo xd.",#tryhard #gaming #playstation #rpg,videojuegos
4897,"gente, graficos de locos con el ray tracing 🎮",#retrogaming #xbox,videojuegos
4898,"wanderlust: turisteando sin parar, me duelen los pies 😍",,viajes
4899,"perdido en el metro de Costa Rica, ayuda no quiero volver.",#escapada,viajes
4900,en directo desde cáceres: flow espectacular en el escenario 🎶 jajaja,#concierto #musicaenvivo,musica
4901,Hoy me he coronado: paella dominguera espectacular 🤤,,cocina
4902,"marchando, dejando el guiso al chup-chup horas ñam ñam lol",#Foodie #Dulce #Salado #RealFood #Chef,cocina
4903,"wanderlust: perdido en el metro de guinea ecuatorial, ayuda me mudo aqui.",#Escapada#Travel,viajes
4904,"brum brum, interior de cuero espectacular 🔥 lol",#Caballos #Gas #MotorSport,coches
4905,recetón en burgos: dejando el guiso al chup-chup horas ñam ñam.,#Sabor #Vegano,cocina
4906,"día de piernas, agujetas nivel dios después del entreno no pain no gain.",#NoPainNoGain #Maraton #VidaSana,deporte
4907,"Próxima parada: perdido en el metro de Estonia, ayuda 😍",#Wanderlust#JetLag#Trip#Viajar#Explorando,viajes
4908,varias varias varias varias varias varias varias varias varias varias varias varias varias varias varias varias varias varias varias varias varias varias varias varias varias varias varias varias varias varias varias varias varias varias varias varias varias varias varias varias varias varias varias varias varias varias varias varias varias varias varias varias varias varias varias varias varias varias varias varias varias varias varias varias varias varias varias varias varias varias varias varias varias varias varias varias varias varias varias varias varias varias varias varias varias varias varias varias varias varias varias varias varias varias varias varias varias varias varias varias varias varias varias varias varias varias varias varias varias varias varias varias varias varias varias varias varias varias varias varias varias varias varias varias varias varias varias varias varias varias varias varias varias varias varias varias varias varias varias varias varias varias varias varias varias varias varias varias varias varias varias varias varias varias varias varias varias varias varias varias varias varias varias varias varias varias varias varias varias varias varias varias varias varias varias varias varias varias varias varias varias varias varias varias varias varias varias varias varias varias varias varias varias varias varias varias varias varias varias varias varias varias varias varias varias varias varias varias varias varias varias varias varias varias varias varias varias varias varias varias varias varias varias varias varias varias varias varias varias varias varias varias varias varias varias varias varias varias varias varias varias varias varias varias varias varias varias varias varias varias varias varias varias varias varias varias varias varias varias varias varias varias varias varias varias varias varias varias varias varias varias varias varias varias varias varias varias varias varias varias varias varias varias varias varias varias varias varias varias varias varias varias varias varias varias varias varias varias varias varias varias varias varias varias varias varias varias varias varias varias varias varias varias varias varias varias varias varias varias varias varias varias varias varias varias varias varias varias varias varias varias varias varias varias varias varias varias varias varias varias varias varias varias varias varias varias varias varias varias varias varias varias varias varias varias varias varias varias varias varias varias varias varias varias varias varias varias varias varias varias varias varias varias varias varias varias varias varias varias varias varias varias varias varias varias varias varias varias varias varias varias varias varias varias varias varias varias varias varias varias varias varias varias varias varias varias varias varias varias varias varias varias varias varias varias varias varias varias varias varias varias varias varias varias varias varias varias varias varias varias varias varias varias varias varias varias varias varias varias varias varias varias varias varias varias varias varias varias varias varias varias varias varias varias varias varias varias varias varias varias varias varias varias varias varias varias varias varias varias varias varias varias varias varias varias varias varias varias varias varias varias varias varias varias varias varias varias varias varias varias varias varias varias varias varias varias varias varias varias varias ,#gimnasio #gym #fitness #maraton #running,cocina
4909,Literalmente han nerfeado a mi main otra vez F en el chat xd,#retrogaming #setup #xbox #playstation #gaming,videojuegos
4910,Receton en Guadalajara: dejando el guiso al chup-chup horas espectacular.,#Recetas #Vegano #Tapas,cocina
4911,Literalmente ese boss tiene una hitbox rotísima 10/10 IGN.,#Streamer,videojuegos
4912,"hoy toca ruta por granada, stage 2 instalada y esto vuela 🚗💨 jajaja",#tuning #cars #carporn #v6,coches
4913,"pelos de punta, los graves de este altavoz me hacen vibrar 🎶",#Vibras #Rock #Festival #Indie,musica
4914,en bucle: los graves de este altavoz me hacen vibrar 🎸,#Pop #Vinilo #Indie #Guitarra,musica
4915,probando street food de dudosa procedencia 🌍...,#SinFiltros #Cultura #Naturaleza #Turismo #Aventura,viajes
4916,"Pelos de punta, en primera fila del concierto, brutal 🎵",#MusicaEnVivo #Bateria #Vinilo #Cantando #CancionDelDia,musica
4917,"próxima parada: turisteando sin parar, me duelen los pies 😍",#explorando #paisaje #destino,viajes
4918,,#olas #mojito #vacaciones,playa
4919,,#ritmo #guitarra #live #pop #indie,musica
4920,"Wanderlust: perdido en el metro de Mozambique, ayuda me mudo aqui jajaja",#trip #ruta #roadtrip #cultura,viajes
4921,Sin excusas: agujetas nivel Dios después del entreno y mañana más lol,#nopainnogain #vidasana,deporte
4922,"madre mia, el agua esta helada pero me he banado igual 10/10 xd",,playa
4923,"vaya tela: bugeado en la pared, genial el parche f en el chat.",#ggwp,videojuegos
4924,En bucle: afinaaaaando la batería para el bolo 🎶,#MusicaEnVivo #Indie #Concierto,musica
4925,En bucle: afinando la bateria para el bolo 🎸,#temazo,musica
4926,Próxima parada: haciendo el check-in con Evaristo 🌍,#Explorando #Mochileros #Travel #Cultura,viajes
4927,"por fin, vuelta y vuelta en la tumbona como un filete y no necesito más.",#calor,playa
4928,"Perdidos por Lugo, probando street food de dudosa procedencia ✈️",#Cultura #Wanderlust,viajes
4929,"Pelos de punta, desafinando en el coche a pleno pulmón no puedo parar deee escucharlo.",#melodia #live #ritmo #indie,musica
4930,"Mirad qué pinta, paella dominguera espectacular 🤤 lol",#Paella #Tapas,cocina
4931,"perdidos por cantabria, hotelazo con unaaaas vistas que flipas 🌍",#vuelos,viajes
4932,"turisteando sin parar, me duelen los pies 🌍",#roadtrip #destino,viajes
4933,"por fin, jugando a las palas nivel profesional jaja.",#playa,playa
4934,"Uff, stage 2 instalada y esto vuela 🔥",#carlife#drive,coches
4935,"Marchando, emplatando nivel estrella Michelin espectacular.",#Yummy #Masterchef #Airfryer #InstaFood #RecetaDelDia,cocina
4936,experimentando en la cocina: estrenando la airfryer con unas patatas se me hace la boca agua.,#gourmet,cocina
4937,modo vacaciones: arena entre los dedos y a desconectar de todo 10/10.,#paraiso,playa
4938,Experimentando en la cocina: dejando el guiso al chup-chup horas 👨‍🍳,#sabor,cocina
4939,"Mirad qué pinta, tortilla con cebolla siempre espectacular xd",#Paella,cocina
4940,"Mirad qué pinta, paella dominguera espectacular brutal.",#masterchef #gourmet,cocina
4941,hotelazo con unas vistas que flipas no quiero volver.,,viajes
4942,Literalmente abriendo loot boxes y solo sale humo F en el chat.,#Lag#Twitch,videojuegos
4943,"por fin, tarde perfecta en el chiringuito con un mojito 10/10.",#Vistas #Olas #Brisa #Chiringuito,playa
4944,jugando a las palas nivel profesional 😎,#relax #costa #isla #olas,playa
4945,"Próxima parada: perdido en el metro de Paraguay, ayuda me mudo aquí.",#explorando,viajes
4946,"Temazo, descubriendo joyitas indies en Spotify 🔥",#vinilo,musica
4947,"Jet lag activado, turisteando sin parar, me duelen los pies ✈️",,viajes
4948,"Madre mía el nuevo disco, los graves de este altavoz me hacen vibrar 🎶",#Spotify #Pop #Vibras,musica
4949,En bucle: desafinando en el coche a pleno pulmón 🎸,#dj #flow #acustico #live,musica
4950,"Por fin, el agua está helada pero me he bañado igual jaja.",#chiringuito#playa,playa
4951,"Próxima parada: turisteando sin parar, me duelen los pies wanderlust total.",#cultura,viajes
4952,modo vacaciones: tarde perfecta en el chiringuito con un mojito 10/10 lol,#brisa #mojito #desconexion #relax,playa
4953,,#Maraton #Baloncesto #Gimnasio #Motivacion,deporte
4954,vamos equipo! el árbitro nos ha robado descaradamente a tope.,#Running #VidaSana #Healthy,deporte
4955,"sin excusas: corriendo 10km en ayunas, reventado a tope.",#vidasana#baloncesto#running#pr#healthy,deporte
4956,Enamorado de este bicho: pasando la ITV de puro milagro puro vicio.,#Turbo #Motor #CochesClasicos,coches
4957,,#Explorando #RoadTrip #Cultura #Viajero #Trip,viajes
4958,desafinando en el coche a pleno pulmón 🎸 !!!!,,musica
4959,en bucle: desafinando en el coche a pleno pulmon 🔥,,musica
4960,,#Gimnasio #Running,deporte
4961,Recetón en La Riiiiioja: paella dominguera espectacular espectacular.,#foodie,cocina
4962,dejando el guiso al chup-chup horas 👨‍🍳,#postres #sabor,cocina
4963,,#CancionDelDia #Music #Festival #Acustico,musica
4964,"nuevo pr en peso muerto, a tope y mañana más.",#nopainnogain #maraton #vidasana #gimnasio #gym,deporte
4965,,#salud#pr#healthy#gimnasio#maraton,deporte
4966,Recetón en Zaragoza: dejando el guiso al chup-chup horas brutal.,#gourmet,cocina
4967,Sin excusas: agujetas nivel Dios después del entreno victoria!,,deporte
4968,adivinad quien esta en badajoz: vuelta y vuelta en la tumbona como un filete 🌊,#olas #sol #mar,playa
4969,qué ganas de esto: el agua está helada pero me he bañado igual qué paz.,#Bikini #Arena #Postu,playa
4970,lavado a mano para que brille la pintura me encanta.,,coches
4971,ese boss tiene una hitbox rotísima F en el chat.,#setup #discord,videojuegos
4972,"Mirad qué pinta, tortilla con cebolla siempre a cenar!",#chef #comidasana #instafood #sabor,cocina
4973,"Enamorado de este bicho: cambiando aceiiiite y llantas, ahora sí impone me encanta !!!!",#ruta,coches
4974,literalmente tarde perfecta en el chiringuito con un mojito jaja.,#vacaciones#desconexion,playa
4975,experimentando en la cocina: casi quemo la sartén pero ha quedado rico espectacular.,#recetas #yummy #cocinando #masterchef #sabor,cocina
4976,"por fin, el agua está helada pero me he bañado igual a vivir la vida.",,playa
4977,Experimentando en la cocina: paella dominguera espectacular brutal.,#Airfryer #Cocinando,cocina
4978,Recetón en Cantabria: dejando el guiso al chup-chup horas 👨‍🍳,#aove #vegano,cocina
4979,"Brum brum, el motor V8 rugiendo como una bestia que locura.",,coches
4980,,#mar #mojito #calor #vacaciones #vistas,playa
4981,"turisteando sin parar, me duelen los pies 🌍",#viajar #destino,viajes
4982,modo vacaciones: jugando a las palas nivel profesional jaja.,#desconexion,playa
4983,Ragequit inminente: ese boss tiene una hitbox rotisima a llorar a la lloreria.,#streamer,videojuegos
4984,En bucle: desafinando en el coche a pleno pulmón 🎶,#indie #canciondeldia,musica
4985,Literalmente arena entre los dedos y a desconectar de todo 😎,#bikini,playa
4986,"Madre mía el nuevo disco, desafinando en el coche a pleno pulmón increíble.",,musica
4987,"Día de piernas, nuevo PR en peso muerto, a tope 💪",#Cardio #Salud,deporte
4988,"GG, el lag me ha arruinado la racha de victorias 🎮 xd",#rpg,videojuegos
4989,tarde perfecta en el chiringuito con un mojito qué paz.,#Isla #Atardecer #Paraiso #Postu,playa
4990,Literalmente el lag me ha arruinado la racha de victorias a llorar a la llorería.,#Gaming #IndieGames #Xbox #Esports,videojuegos
4991,"Escapada express, mochila a la espalda y a tirar millas qué maravilla.",#wanderlust #destino #aventura #naturaleza,viajes
4992,los graves de este altavoz me hacen vibrar increible.,,musica
4993,sacando unos acordes con la acústica nuevaaaa no puedo parar de escucharlo !!!!,#Temazo #Urbano #Festival #Live,musica
4994,,,playa
4995,"Perdidos por Cuenca, mochila a la espalda y a tirar millas me mudo aqui !!!!",#Travel #Escapada #Wanderlust #RoadTrip #Pasaporte,viajes
4996,stage 2 instalada y esto vuela me encanta.,#Turbo#V6#Caballos#CarPorn#Motor,coches
4997,"Por fin, vuelta y vuelta en la tumbona como un filete 10/10.",#arena,playa
4998,"Mirad qué pinta, tortilla con cebolla siempre 🤤 !!!!",#realfood#aove#instafood#recetadeldia#yummy,cocina
4999,literalmente vuelta y vuelta en la tumbona como un filete y no necesito mas...,#Verano #Mojito,playa
5000,los graves de este altavoz me hacen vibrar 🎶 xd,#Music #CancionDelDia #DJ #Bateria,musica
